{"type":"FeatureCollection", "features": [
{"type":"Feature","geometry":{"type":"MultiPolygon","coordinates":[[[[117.70361,4.16341],[117.83855,4.04019],[117.93483,4.05988],[117.90704,4.15668],[117.70361,4.16341]]],[[[124.45053,-9.18019],[124.42794,-9.29948],[124.25751,-9.50123],[124.19746,-9.37317],[124.12109,-9.42692],[124.03004,-9.34197],[123.68881,-9.61142],[123.65016,-9.88942],[123.57618,-10.01393],[123.74855,-10.09775],[123.54713,-10.18678],[123.4686,-10.35622],[123.82635,-10.36395],[124.03387,-10.27614],[124.12241,-10.17254],[124.41847,-10.16383],[124.73455,-9.89951],[124.97071,-9.66237],[125.06162,-9.48577],[124.95411,-9.2415],[125.14252,-9.1891],[125.16237,-9.06063],[125.08681,-8.98622],[124.94786,-9.07851],[124.91951,-8.96202],[124.69158,-9.0678],[124.56324,-9.17083],[124.45053,-9.18019]]],[[[117.56715,4.15965],[117.43648,4.18561],[117.21717,4.35343],[116.80448,4.33007],[116.71167,4.36679],[116.39107,4.29467],[116.31066,4.38338],[116.12576,4.37891],[116.02065,4.27085],[115.84412,4.38922],[115.81746,4.28132],[115.64693,4.1691],[115.5383,3.89783],[115.58863,3.8576],[115.54853,3.60529],[115.60062,3.44121],[115.51763,3.35716],[115.51701,3.15728],[115.46409,3.03082],[115.31,2.98592],[115.24209,3.04162],[115.06691,2.8282],[115.05647,2.60863],[115.20613,2.50987],[114.91963,2.29568],[114.77876,2.2472],[114.78062,2.03605],[114.83199,1.90252],[114.67138,1.82098],[114.669,1.69401],[114.50064,1.43604],[114.39822,1.50355],[114.1604,1.4248],[113.90967,1.44247],[113.64953,1.23326],[113.50339,1.3145],[113.39755,1.29393],[113.08905,1.43134],[112.9582,1.41565],[113.02342,1.53701],[112.47048,1.56766],[112.18006,1.44903],[112.10006,1.15492],[111.9101,1.11404],[111.82308,1.00847],[111.65523,1.03079],[111.35179,1.01389],[111.19758,1.07523],[110.8527,0.9972],[110.78397,0.90816],[110.5539,0.85137],[110.35164,0.9865],[110.26348,0.99431],[110.17036,1.17445],[109.84284,1.40328],[109.64171,1.63716],[109.64181,1.781],[109.52844,1.88999],[109.64527,2.08324],[109.56121,1.99047],[109.34099,1.93553],[109.34783,1.80956],[109.2527,1.66836],[109.09596,1.56061],[109.0608,1.38386],[108.93263,1.17805],[108.98032,0.99555],[108.85548,0.83222],[108.92726,0.64077],[108.92091,0.34028],[109.10231,0.24311],[109.16676,0.11229],[109.30047,0.01048],[109.16098,0.03392],[109.18849,-0.17734],[109.04624,-0.24586],[109.1233,-0.49969],[109.34401,-0.58375],[109.4686,-0.73707],[109.26254,-0.66741],[109.2732,-0.85361],[109.40651,-0.91139],[109.48878,-0.85166],[109.67726,-0.98382],[109.73414,-0.95403],[109.83546,-1.0862],[109.9227,-1.10361],[109.92986,-1.22324],[110.02955,-1.2859],[110.06853,-1.43255],[110.03395,-1.64617],[109.90382,-1.8261],[110.07504,-1.92246],[110.12916,-2.06951],[110.09555,-2.19736],[110.22104,-2.53281],[110.15699,-2.62127],[110.24586,-2.78631],[110.20485,-2.89617],[110.26319,-3.00286],[110.50807,-2.87461],[110.61695,-2.90984],[110.66245,-3.08074],[110.75424,-3.02606],[110.90651,-3.08327],[111.0608,-3.06113],[111.29615,-2.93646],[111.44752,-2.92978],[111.58432,-3.00888],[111.70346,-2.94362],[111.73683,-2.81268],[111.83253,-3.06162],[111.82203,-3.5451],[111.90528,-3.57203],[112.11687,-3.38226],[112.30275,-3.3139],[112.52467,-3.43776],[112.61801,-3.42376],[113.0215,-3.16253],[112.94947,-3.12518],[113.03517,-2.92295],[113.35109,-3.27239],[113.46632,-3.18426],[113.62037,-3.18532],[113.6325,-3.4568],[113.88551,-3.4306],[114.042,-3.35556],[114.12257,-3.21608],[114.12582,-3.36785],[114.48829,-3.48838],[114.5503,-3.34808],[114.53688,-3.56341],[114.6111,-3.68385],[114.62477,-4.17051],[114.7129,-4.17083],[115.06031,-3.98577],[115.58334,-3.78053],[115.83619,-3.63323],[115.96795,-3.60882],[116.00953,-3.4511],[116.16334,-3.17295],[116.2649,-3.13689],[116.1102,-3.00628],[116.15065,-2.81634],[116.24383,-3.00905],[116.36997,-2.82391],[116.39308,-2.57399],[116.31007,-2.51629],[116.54005,-2.51287],[116.60328,-2.22422],[116.53094,-2.16937],[116.2894,-2.16937],[116.46315,-2.01995],[116.46656,-1.90748],[116.37957,-1.76531],[116.22242,-1.78965],[116.32488,-1.70387],[116.55747,-1.60621],[116.53924,-1.48121],[116.76238,-1.36533],[116.81984,-1.26141],[117.02369,-1.20289],[117.28151,-0.80918],[117.37924,-0.83929],[117.615,-0.78606],[117.53932,-0.69451],[117.59596,-0.42262],[117.44142,-0.52516],[117.48911,-0.38738],[117.43393,-0.26385],[117.53028,-0.03232],[117.46998,0.10879],[117.62037,0.50202],[117.81129,0.81175],[117.99391,0.78848],[118.03045,0.85895],[117.90138,1.0786],[117.98951,1.0786],[118.06918,0.92878],[118.18784,0.87523],[118.56528,0.80402],[118.68605,0.84614],[118.79819,0.80492],[119.00294,0.96247],[119.00554,1.03758],[118.85694,1.05817],[118.72926,1.25385],[118.39967,1.45441],[118.42506,1.48575],[118.12672,1.65469],[118.04615,1.78311],[117.86256,1.88593],[117.94125,2.16315],[118.09148,2.26203],[117.97902,2.46654],[117.82618,2.60741],[117.78403,2.75825],[117.63331,2.81224],[117.73634,2.9016],[117.54379,2.92894],[117.6172,3.08588],[117.35271,3.18281],[117.44654,3.43476],[117.22755,3.50519],[117.21656,3.60301],[117.09051,3.64582],[117.52426,3.62543],[117.74855,3.63695],[117.82618,3.7036],[117.77719,3.79914],[117.37306,4.16975],[117.56715,4.15965]]],[[[140.97446,-2.60052],[140.69858,-2.60817],[140.74464,-2.49912],[140.38852,-2.39707],[140.33229,-2.45574],[140.1657,-2.32537],[139.86476,-2.372],[139.28321,-2.12184],[139.1067,-2.01279],[138.80323,-1.92083],[138.66521,-1.78916],[138.07488,-1.61028],[137.92482,-1.48414],[137.79444,-1.48414],[137.34881,-1.71014],[137.14283,-1.78704],[137.10174,-1.88828],[137.20485,-1.94964],[137.22633,-2.07439],[137.0241,-2.11842],[136.75864,-2.24871],[136.40382,-2.21966],[136.26637,-2.56032],[135.96461,-2.77581],[135.90992,-2.98577],[135.74562,-3.07708],[135.47047,-3.36305],[135.32203,-3.38649],[134.98471,-3.32968],[134.81853,-3.13633],[134.85133,-2.89983],[134.70135,-2.95867],[134.65805,-2.56276],[134.55633,-2.46478],[134.47755,-2.63494],[134.53273,-2.83416],[134.46388,-2.86207],[134.33025,-2.52223],[134.19337,-2.37908],[134.15553,-2.03948],[134.08709,-1.68279],[134.2072,-1.5735],[134.28199,-1.35019],[134.12745,-1.14837],[134.03614,-0.95778],[134.17213,-0.86386],[133.97722,-0.72324],[133.74537,-0.75075],[133.39161,-0.72324],[133.1548,-0.532],[132.70916,-0.36004],[132.43719,-0.3471],[132.09962,-0.4699],[131.88429,-0.6819],[131.51678,-0.78525],[131.54477,-0.73691],[131.24301,-0.81943],[131.25416,-1.08025],[131.18165,-1.21722],[131.03004,-1.27557],[130.9603,-1.44622],[131.12631,-1.4533],[131.20574,-1.52361],[131.37281,-1.39471],[131.4275,-1.49773],[131.57309,-1.48016],[131.81105,-1.52044],[131.91749,-1.70729],[132.01832,-1.68279],[131.92774,-1.80576],[131.97291,-1.96461],[132.07342,-2.10516],[132.34791,-2.27011],[132.5604,-2.18564],[132.69874,-2.30535],[132.81593,-2.24505],[132.94361,-2.28338],[133.29615,-2.2042],[133.64576,-2.23602],[133.70997,-2.17555],[133.94044,-2.1076],[133.94996,-2.16937],[133.792,-2.26019],[133.94996,-2.2929],[133.98658,-2.40618],[133.74724,-2.43792],[133.81959,-2.47723],[133.81691,-2.64902],[133.71315,-2.51198],[133.66725,-2.56341],[133.41098,-2.5665],[133.31235,-2.44305],[133.17286,-2.42205],[133.03354,-2.47942],[132.8353,-2.73602],[132.73658,-2.80999],[132.5857,-2.71746],[132.20192,-2.67645],[131.96559,-2.79314],[131.97788,-2.91465],[132.32569,-2.94655],[132.55307,-3.10703],[132.69215,-3.33815],[132.8117,-3.28167],[132.83188,-3.46103],[132.93181,-3.55413],[132.88111,-3.64284],[132.73097,-3.68231],[132.82586,-3.93776],[132.96941,-4.11199],[133.26938,-4.05202],[133.45558,-3.84694],[133.40887,-3.72243],[133.58619,-3.56658],[133.55885,-3.43328],[133.66334,-3.3615],[133.66822,-3.12217],[133.86053,-2.92295],[133.86394,-3.0805],[133.68312,-3.23252],[133.69679,-3.42742],[133.64186,-3.4616],[133.70802,-3.61012],[133.82928,-3.72186],[133.8436,-3.63836],[133.95899,-3.83758],[134.09181,-3.82399],[134.31528,-4.02028],[134.33351,-3.86883],[134.52524,-4.02646],[134.67579,-3.90838],[134.90846,-3.92254],[134.92774,-3.97666],[134.70338,-3.94036],[134.65805,-4.1334],[134.8235,-4.25937],[135.22779,-4.4612],[135.42953,-4.43043],[135.97047,-4.51963],[136.03582,-4.58603],[136.35548,-4.67742],[136.82211,-4.92832],[136.95387,-4.92278],[137.21901,-5.01336],[137.28256,-4.93971],[137.40357,-5.09759],[137.70631,-5.22194],[137.82179,-5.36289],[137.92482,-5.32871],[137.98658,-5.46998],[138.07488,-5.41961],[138.07106,-5.72861],[138.36297,-5.67881],[138.15756,-5.7737],[138.37672,-5.85564],[138.27084,-5.88698],[138.46607,-6.40211],[138.70899,-6.62965],[138.67286,-6.69492],[138.93149,-6.84254],[138.57203,-6.94248],[138.76197,-7.11386],[139.17457,-7.23699],[138.68824,-7.19264],[138.88608,-7.36093],[138.95802,-7.50726],[139.09303,-7.55999],[138.99399,-7.86549],[138.91098,-7.92254],[138.92124,-8.07952],[138.83855,-8.13836],[138.9144,-8.29209],[139.08953,-8.13356],[139.22446,-8.0744],[139.3567,-8.1994],[139.63054,-8.12493],[139.93238,-8.10857],[140.03191,-8.24635],[140.5075,-8.63812],[140.62159,-8.80674],[140.85694,-9.04909],[140.97698,-9.10613],[140.9769,-7.9621],[140.97716,-6.89663],[140.84921,-6.70285],[140.95313,-6.48053],[140.9769,-6.33512],[140.9769,-5.62115],[140.97577,-4.59595],[140.97355,-3.80002],[140.97446,-2.60052]]],[[[123.14625,-8.42596],[122.99985,-8.44866],[122.88299,-8.58294],[123.16359,-8.47373],[123.14625,-8.42596]]],[[[129.02963,-8.2068],[128.83448,-8.1998],[128.99342,-8.26149],[129.02963,-8.2068]]],[[[117.66432,-8.14813],[117.49391,-8.1762],[117.48561,-8.34303],[117.56658,-8.36395],[117.66432,-8.14813]]],[[[131.17482,-7.40423],[131.02711,-7.41302],[131.08888,-7.49773],[131.17482,-7.40423]]],[[[120.75782,-7.07594],[120.62126,-6.99824],[120.67035,-7.15096],[120.75782,-7.07594]]],[[[138.75343,-6.77825],[138.62696,-6.72015],[138.68198,-6.84775],[138.75343,-6.77825]]],[[[134.70737,-6.58904],[134.62143,-6.747],[134.66944,-6.77288],[134.70737,-6.58904]]],[[[134.60776,-6.42148],[134.45216,-6.28802],[134.35841,-6.37949],[134.46388,-6.4249],[134.51157,-6.5136],[134.60776,-6.42148]]],[[[134.37794,-6.25408],[134.33326,-6.23455],[134.23414,-6.13006],[134.22584,-6.02874],[134.12599,-6.03427],[134.14112,-6.15789],[134.33766,-6.33196],[134.37794,-6.25408]]],[[[109.90602,-7.83766],[110.47674,-8.11191],[111.17124,-8.28265],[111.2658,-8.24928],[111.67335,-8.36785],[111.792,-8.25652],[111.92726,-8.3025],[112.34156,-8.3327],[112.6727,-8.44703],[112.98732,-8.3235],[113.19793,-8.27728],[113.41359,-8.39023],[113.81381,-8.50774],[113.97999,-8.62021],[114.19703,-8.6456],[114.30258,-8.61191],[114.36695,-8.74147],[114.59718,-8.77557],[114.58912,-8.66424],[114.46119,-8.61834],[114.35865,-8.40911],[114.4673,-7.83099],[114.25856,-7.70037],[114.14039,-7.70086],[114.01612,-7.6181],[113.80388,-7.72177],[113.52858,-7.70037],[113.29933,-7.78851],[112.76149,-7.53118],[112.82325,-7.26263],[112.70069,-7.25465],[112.58277,-6.98992],[112.60377,-6.90455],[112.36354,-6.87054],[112.06788,-6.89365],[111.97625,-6.78484],[111.74041,-6.78167],[111.49342,-6.62347],[111.42872,-6.69915],[111.15691,-6.69207],[111.05177,-6.45672],[110.92482,-6.40374],[110.67107,-6.49993],[110.64471,-6.68816],[110.47242,-6.94638],[110.35572,-6.97291],[110.19801,-6.89088],[109.89633,-6.91823],[109.53199,-6.83514],[109.3519,-6.87566],[109.14283,-6.85621],[109.00131,-6.78916],[108.92303,-6.84466],[108.60548,-6.76165],[108.53956,-6.48691],[108.37223,-6.34035],[108.36027,-6.2464],[108.19848,-6.22781],[108.09368,-6.32685],[107.81084,-6.18935],[107.67822,-6.23802],[107.47027,-6.14543],[107.35414,-5.97599],[107.15008,-5.97308],[107.04444,-5.91432],[106.9935,-6.07855],[106.79322,-6.1041],[106.72088,-6.03094],[106.49537,-6.03484],[106.25652,-5.94158],[106.17604,-6.01393],[106.05275,-5.88104],[105.88787,-6.07057],[105.83237,-6.22869],[105.82409,-6.43465],[105.45362,-6.80877],[105.36378,-6.66497],[105.26075,-6.76735],[105.48614,-6.86752],[105.95957,-6.81763],[106.28338,-6.98333],[106.53715,-6.98296],[106.5405,-7.05461],[106.38071,-7.24725],[106.39776,-7.37846],[106.52266,-7.41096],[107.41139,-7.49586],[107.68655,-7.66207],[108.32683,-7.81747],[108.45371,-7.8185],[108.53956,-7.69231],[108.67262,-7.72064],[108.87322,-7.61061],[109.01442,-7.7326],[109.09815,-7.68686],[109.36883,-7.71347],[109.42628,-7.77418],[109.65675,-7.78167],[109.90602,-7.83766]]],[[[127.77223,-3.16253],[127.64332,-3.22438],[127.77849,-3.24424],[127.77223,-3.16253]]],[[[127.95411,-2.91668],[127.83839,-3.0333],[127.94728,-3.01849],[127.95411,-2.91668]]],[[[119.84653,-0.87461],[119.73365,-0.63388],[119.53736,-0.85003],[119.45314,-1.09645],[119.32838,-1.21445],[119.2986,-1.38787],[119.30844,-1.69492],[119.36525,-1.82773],[119.33644,-1.97015],[119.21608,-2.00994],[119.13404,-2.20355],[119.14145,-2.44199],[118.9144,-2.64837],[118.82277,-2.62127],[118.77166,-2.86207],[118.88063,-2.86102],[118.85328,-3.0534],[118.76417,-3.09092],[118.92677,-3.56609],[119.209,-3.48984],[119.29762,-3.42791],[119.49757,-3.49529],[119.45672,-3.71453],[119.59344,-4.02646],[119.6268,-4.31455],[119.59108,-4.56414],[119.49122,-4.75408],[119.52516,-4.88307],[119.40846,-5.11582],[119.35279,-5.35564],[119.43751,-5.52174],[119.57,-5.65594],[119.80568,-5.69248],[119.91489,-5.56894],[120.10043,-5.59564],[120.32325,-5.50953],[120.45834,-5.62607],[120.38111,-5.33733],[120.26433,-5.15],[120.30942,-4.87127],[120.38657,-4.82928],[120.4441,-4.62664],[120.36232,-4.38698],[120.38136,-4.16725],[120.35353,-3.93084],[120.44654,-3.72869],[120.38787,-3.21461],[120.28533,-3.16253],[120.20346,-2.9577],[120.54298,-2.74725],[120.58448,-2.68206],[120.77605,-2.61492],[121.00587,-2.66082],[121.08041,-2.75905],[121.04811,-3.06618],[121.06674,-3.19378],[120.87029,-3.44573],[120.89381,-3.53916],[121.16033,-3.79616],[121.2649,-3.83465],[121.35426,-3.96844],[121.6277,-4.08709],[121.53631,-4.23056],[121.48463,-4.65643],[121.70436,-4.83522],[121.99171,-4.85573],[122.12892,-4.80047],[122.04298,-4.70778],[122.10776,-4.51995],[122.43043,-4.41692],[122.59913,-4.39674],[122.76881,-4.47845],[122.67018,-4.31455],[122.84205,-4.43808],[122.90016,-4.38877],[122.90707,-4.19598],[122.84205,-4.12884],[122.67506,-4.12273],[122.66725,-3.91888],[122.52955,-3.86541],[122.44142,-3.73105],[122.2505,-3.65618],[122.20053,-3.55657],[122.29217,-3.45086],[122.25172,-3.37607],[122.35792,-3.21754],[122.46469,-3.17685],[122.27963,-3.03965],[122.31251,-2.92685],[122.01564,-2.69354],[122.01905,-2.615],[121.82293,-2.28729],[121.70086,-2.18035],[121.57456,-2.16253],[121.40203,-1.90936],[121.34059,-1.99131],[121.31186,-1.78289],[121.44093,-1.81357],[121.54005,-1.92343],[121.69215,-1.90814],[121.7986,-1.71795],[122.01857,-1.6181],[122.18393,-1.61419],[122.36883,-1.49277],[122.64829,-1.15944],[122.8117,-0.92409],[123.0608,-0.88055],[123.31121,-1.05145],[123.38331,-1.00368],[123.45436,-0.75823],[123.40349,-0.64267],[123.23951,-0.57049],[122.73463,-0.64837],[122.96022,-0.73056],[122.71648,-0.79241],[122.61248,-0.75221],[122.20769,-0.76474],[122.10532,-0.9262],[121.92604,-0.95534],[121.7142,-0.93548],[121.65968,-0.81259],[121.50066,-0.85931],[121.07325,-1.42132],[120.83009,-1.3401],[120.67596,-1.39471],[120.56544,-1.21551],[120.58237,-1.10524],[120.41245,-0.90496],[120.24391,-0.88763],[120.0892,-0.65732],[119.99562,-0.20924],[120.12843,0.1811],[120.37526,0.47769],[120.67954,0.53059],[120.89243,0.42333],[121.11915,0.41144],[121.16383,0.45747],[121.69012,0.52383],[121.80047,0.42646],[122.32439,0.49706],[122.97788,0.48282],[123.07423,0.5163],[123.23878,0.32453],[123.74578,0.31086],[124.32179,0.39887],[124.50343,0.534],[124.66383,0.80561],[124.89869,0.97305],[125.0337,1.17544],[125.1443,1.42133],[125.2492,1.48469],[125.17994,1.66743],[125.03443,1.73347],[124.83693,1.58885],[124.85043,1.48969],[124.54835,1.35985],[124.59376,1.19587],[124.38942,1.1861],[124.31495,1.03775],[123.8318,0.83222],[123.36866,0.92744],[122.96803,0.96259],[122.84889,0.81802],[122.62379,0.96638],[122.45411,1.02066],[122.23536,1.00983],[121.92612,1.0987],[121.63087,1.06196],[121.48072,1.12092],[121.45143,1.29755],[121.2649,1.22956],[121.1587,1.3028],[120.90919,1.35366],[120.82081,1.31],[120.80323,1.06843],[120.6902,0.99608],[120.56813,0.78213],[120.34645,0.85562],[120.27849,0.99421],[120.23553,0.83153],[120.06284,0.74287],[120.03224,0.5163],[119.91179,0.4737],[119.86948,0.28718],[119.78517,0.23949],[119.88819,0.07128],[119.82594,-0.08994],[119.6753,0.03034],[119.63868,-0.05088],[119.792,-0.10678],[119.75782,-0.4699],[119.85402,-0.7164],[119.84653,-0.87461]]],[[[100.94728,1.82539],[100.85572,1.99921],[100.66619,2.13447],[100.56105,2.15681],[100.38168,2.35505],[100.30836,2.56948],[100.20338,2.70987],[100.13111,2.68187],[100.12582,2.5301],[100.05494,2.72728],[99.95436,2.70384],[99.9795,2.94847],[99.75074,3.18049],[99.58937,3.22797],[99.48976,3.33625],[98.95753,3.67133],[98.79658,3.72544],[98.67662,3.91455],[98.47722,4.04621],[98.30568,4.08031],[98.26303,4.17731],[98.27556,4.42536],[98.20574,4.49803],[97.99684,4.54645],[98.00701,4.63386],[97.90919,4.88959],[97.6644,5.07343],[97.49684,5.2519],[97.26837,5.15507],[96.9734,5.27342],[96.82838,5.28018],[96.65056,5.21625],[96.36215,5.22549],[96.12623,5.28181],[95.93043,5.4145],[95.88754,5.51215],[95.61158,5.62665],[95.41285,5.64956],[95.19728,5.54637],[95.25172,5.39558],[95.19899,5.29287],[95.29127,5.19164],[95.42628,4.82734],[96.01002,4.22565],[96.19093,4.12596],[96.43035,3.82526],[96.55983,3.74657],[96.76051,3.74868],[96.88356,3.68244],[97.01857,3.52269],[97.18263,3.246],[97.27076,3.21442],[97.33204,3.0314],[97.42213,2.92837],[97.60271,2.8662],[97.65821,2.41157],[97.7444,2.28107],[97.9559,2.27172],[98.1526,2.15693],[98.26922,2.03807],[98.53517,1.93647],[98.65821,1.7639],[98.72706,1.7919],[98.8191,1.68232],[98.75343,1.53563],[98.91733,1.11717],[98.98121,0.83173],[99.08985,0.62202],[99.13933,0.27375],[99.31617,0.24262],[99.40821,0.16389],[99.61085,0.09858],[99.74724,-0.02984],[99.81381,-0.29461],[100.00131,-0.45631],[100.30144,-0.81634],[100.37989,-1.03045],[100.40602,-1.26442],[100.56918,-1.33082],[100.57057,-1.44256],[100.88722,-2.03721],[100.83155,-2.14129],[100.92311,-2.33343],[101.10483,-2.58709],[101.327,-2.73919],[101.41896,-2.92734],[101.63746,-3.25066],[102.22218,-3.64284],[102.30454,-3.84515],[102.31251,-3.99147],[102.70118,-4.27044],[102.92042,-4.49261],[103.17286,-4.61793],[103.3934,-4.81414],[103.69207,-4.95192],[103.91342,-5.13926],[103.90138,-5.21852],[104.11085,-5.44622],[104.25799,-5.53981],[104.2977,-5.64332],[104.54176,-5.84189],[104.56129,-5.92832],[104.71608,-5.92107],[104.68873,-5.80787],[104.53321,-5.55983],[104.62281,-5.49065],[104.79078,-5.60947],[105.11842,-5.78216],[105.21534,-5.75905],[105.18002,-5.5805],[105.31072,-5.466],[105.60206,-5.80983],[105.78256,-5.82855],[105.8296,-5.65472],[105.83334,-5.38323],[105.90626,-4.46933],[105.81276,-4.2387],[105.95249,-3.83375],[105.81959,-3.67254],[105.92905,-3.36541],[106.07301,-3.25555],[106.01564,-2.9695],[105.87924,-2.9511],[105.79176,-2.86207],[105.77809,-2.69012],[105.67311,-2.66302],[105.60841,-2.55234],[105.62379,-2.40179],[105.00196,-2.33196],[104.88331,-2.28493],[104.70924,-2.57399],[104.74342,-2.34124],[104.87615,-2.16473],[104.77263,-1.99773],[104.69191,-2.04583],[104.53736,-1.8541],[104.45436,-1.53102],[104.445,-1.30462],[104.37721,-1.03167],[104.21241,-1.07334],[103.95582,-0.97698],[103.83912,-1.03281],[103.6504,-0.94297],[103.46315,-0.75774],[103.34555,-0.6959],[103.41798,-0.51775],[103.59051,-0.42457],[103.48219,-0.37371],[103.34555,-0.36004],[103.43678,-0.33799],[103.4944,-0.11842],[103.59205,-0.01067],[103.79152,-0.01255],[103.76002,0.23949],[103.54103,0.43464],[103.36215,0.53628],[103.22364,0.48843],[102.90268,0.26777],[102.71567,0.25764],[103.07472,0.44233],[103.05633,0.5583],[102.87713,0.72639],[102.46388,0.77412],[102.24008,0.98208],[102.11818,1.38654],[101.77858,1.64427],[101.59156,1.65469],[101.37762,1.77326],[101.29998,2.04662],[101.06739,2.21979],[101.0503,2.29149],[100.81276,2.24982],[100.94728,1.82539]]],[[[120.79249,-9.96087],[120.66969,-9.88519],[120.47828,-9.64105],[120.27117,-9.64251],[120.24391,-9.50905],[120.07097,-9.44101],[119.94597,-9.28826],[119.8213,-9.3786],[119.62924,-9.34189],[119.16871,-9.38551],[119.02467,-9.43768],[118.94158,-9.57049],[119.03736,-9.67588],[119.4061,-9.79013],[119.47731,-9.74863],[119.97633,-9.99245],[120.15561,-10.22096],[120.44996,-10.31032],[120.71119,-10.20672],[120.82667,-10.09124],[120.79249,-9.96087]]],[[[115.55014,-8.66619],[115.46827,-8.73187],[115.58888,-8.80731],[115.55014,-8.66619]]],[[[119.72299,-8.62119],[119.60629,-8.76865],[119.69825,-8.80153],[119.72299,-8.62119]]],[[[119.55926,-8.51816],[119.41529,-8.44329],[119.37721,-8.72243],[119.55926,-8.51816]]],[[[123.34864,-8.26881],[123.23732,-8.23406],[123.03647,-8.33229],[123.04103,-8.41082],[123.32114,-8.38494],[123.34864,-8.26881]]],[[[116.63331,-8.27508],[116.37623,-8.20184],[116.26971,-8.24773],[116.02794,-8.44501],[116.06027,-8.71391],[115.82864,-8.79179],[116.00213,-8.89886],[116.20476,-8.92002],[116.56537,-8.89558],[116.50044,-8.80269],[116.681,-8.55633],[116.74318,-8.39178],[116.63331,-8.27508]]],[[[119.20362,-8.61093],[119.04152,-8.62982],[119.05112,-8.47047],[118.98829,-8.30901],[118.81267,-8.29559],[118.69581,-8.37127],[118.64747,-8.28875],[118.44361,-8.25791],[118.30397,-8.36826],[118.11525,-8.11386],[117.89527,-8.09002],[117.7295,-8.15895],[117.70631,-8.22967],[118.00318,-8.47373],[118.13356,-8.48675],[118.28175,-8.64153],[118.06813,-8.65594],[117.96901,-8.74814],[117.80519,-8.71998],[117.73072,-8.56536],[117.5923,-8.51474],[117.55812,-8.40545],[117.43393,-8.48113],[117.19508,-8.3576],[116.98455,-8.49578],[116.83815,-8.50791],[116.74852,-8.66654],[116.8213,-8.78729],[116.73518,-8.8734],[116.76303,-9.01556],[117.00974,-9.10729],[117.17145,-9.03205],[117.33413,-9.05935],[117.55812,-9.00189],[117.7378,-8.90976],[117.89047,-8.93678],[118.07887,-8.84433],[118.15773,-8.86785],[118.39357,-8.67457],[118.38738,-8.79583],[118.46502,-8.865],[118.75734,-8.80202],[118.89845,-8.68841],[118.99155,-8.75506],[119.13844,-8.74578],[119.20362,-8.61093]]],[[[123.02638,-8.28875],[122.97967,-8.1469],[122.86256,-8.06976],[122.74138,-8.23024],[122.95069,-8.20306],[122.75815,-8.36102],[122.49415,-8.47503],[122.50074,-8.57627],[122.28842,-8.63388],[122.03956,-8.51474],[122.00815,-8.4275],[121.89275,-8.49285],[121.68043,-8.51133],[121.50953,-8.60215],[121.29054,-8.47747],[121.03094,-8.39267],[120.97609,-8.3375],[120.74464,-8.32977],[120.59392,-8.28191],[120.2129,-8.29274],[120.02475,-8.38494],[119.80372,-8.59677],[119.80568,-8.74065],[119.91993,-8.87078],[120.13103,-8.77077],[120.24391,-8.82318],[120.59392,-8.79583],[120.76417,-8.86549],[120.83318,-8.81699],[120.92286,-8.9262],[121.16529,-8.89511],[121.34059,-8.91806],[121.39601,-8.79412],[121.79371,-8.88397],[122.11451,-8.73235],[122.40789,-8.74147],[122.80738,-8.61093],[122.80356,-8.43792],[123.02638,-8.28875]]],[[[115.61915,-8.28875],[115.50245,-8.17262],[115.21551,-8.0595],[115.02263,-8.17262],[114.8576,-8.19313],[114.4524,-8.09515],[114.46844,-8.21852],[114.63901,-8.39861],[114.92701,-8.46746],[115.18629,-8.72235],[115.09425,-8.81845],[115.23553,-8.81976],[115.21241,-8.72845],[115.3226,-8.62379],[115.60483,-8.50107],[115.7142,-8.37518],[115.61915,-8.28875]]],[[[109.0193,-7.75807],[108.82154,-7.67864],[108.79412,-7.71941],[109.0193,-7.75807]]],[[[115.57065,-6.90455],[115.46079,-6.84254],[115.27573,-6.83538],[115.21852,-6.90439],[115.29331,-7.00758],[115.38234,-6.91082],[115.57065,-6.90455]]],[[[112.70069,-5.72601],[112.58277,-5.7942],[112.70069,-5.84881],[112.70069,-5.72601]]],[[[102.40651,-5.40374],[102.17205,-5.28037],[102.09864,-5.33489],[102.29786,-5.47275],[102.40651,-5.40374]]],[[[116.39926,-3.39275],[116.32472,-3.53297],[116.39308,-3.63242],[116.39926,-3.39275]]],[[[116.30372,-3.71803],[116.26783,-3.21884],[116.12623,-3.31862],[116.01303,-3.65049],[116.08872,-3.92474],[116.09148,-4.06683],[116.30649,-3.90447],[116.30372,-3.71803]]],[[[100.39861,-3.18353],[100.46754,-3.01531],[100.22731,-2.77264],[100.18946,-2.96657],[100.34523,-3.12656],[100.37867,-3.27239],[100.47828,-3.3152],[100.39861,-3.18353]]],[[[100.2068,-2.69354],[99.98414,-2.48463],[100.01564,-2.83416],[100.13852,-2.82049],[100.2068,-2.69354]]],[[[99.82325,-2.2929],[99.69435,-2.0678],[99.59401,-2.01482],[99.53126,-2.15594],[99.60353,-2.26556],[99.85874,-2.35687],[99.82325,-2.2929]]],[[[108.9642,-1.57342],[108.80714,-1.56504],[108.83123,-1.66229],[108.9642,-1.57342]]],[[[109.75978,-1.10394],[109.7046,-0.98382],[109.45232,-1.004],[109.41725,-1.25449],[109.47869,-1.29852],[109.69825,-1.19052],[109.75978,-1.10394]]],[[[99.27443,-1.63494],[99.13063,-1.44817],[99.06959,-1.2514],[98.88282,-0.91318],[98.65821,-0.96347],[98.59376,-1.19842],[98.88478,-1.67938],[99.1006,-1.79941],[99.25489,-1.77207],[99.27443,-1.63494]]],[[[98.50196,-0.46054],[98.45118,-0.2584],[98.36891,-0.34922],[98.31674,-0.53509],[98.42205,-0.5866],[98.50196,-0.46054]]],[[[98.47999,-0.15838],[98.44337,-0.05202],[98.34352,-0.04473],[98.54152,-0.38112],[98.55983,-0.27825],[98.47999,-0.15838]]],[[[103.29363,0.62543],[103.21176,0.70816],[103.13673,0.57388],[103.28077,0.53803],[103.29363,0.62543]]],[[[103.48902,0.77705],[103.40089,0.88007],[103.34555,0.76337],[103.45948,0.65811],[103.48902,0.77705]]],[[[103.44313,1.01276],[103.38982,1.13028],[103.31479,1.06159],[103.44313,1.01276]]],[[[103.04868,0.79702],[102.76385,1.01118],[102.66375,0.99608],[102.60548,1.01118],[102.48902,1.13329],[102.50172,0.97289],[102.40651,0.87324],[102.55787,0.78026],[102.85222,0.79816],[103.00734,0.69383],[103.04868,0.79702]]],[[[103.12648,0.92788],[103.03712,1.04458],[102.80177,1.16328],[102.71559,1.15445],[102.63722,1.041],[102.64763,1.00629],[102.7907,1.03148],[103.08627,0.84101],[103.12648,0.92788]]],[[[104.14633,1.16047],[104.04135,1.18138],[103.9026,1.09052],[104.04916,0.9842],[104.14633,1.16047]]],[[[104.65455,1.09638],[104.58693,1.21992],[104.39967,1.20262],[104.23194,1.09333],[104.31544,1.00361],[104.45249,1.05817],[104.48341,0.85895],[104.59986,0.83503],[104.65455,1.09638]]],[[[102.4734,1.24201],[102.29086,1.40453],[102.21746,1.40917],[102.23292,1.09951],[102.33375,0.96369],[102.46485,0.96345],[102.4734,1.24201]]],[[[102.49586,1.36359],[102.49049,1.48969],[102.34897,1.55463],[102.00782,1.61538],[102.13453,1.45572],[102.33025,1.41328],[102.43474,1.29914],[102.49586,1.36359]]],[[[101.7212,2.05809],[101.64926,2.12849],[101.44093,2.06493],[101.39381,1.93061],[101.46013,1.76553],[101.57732,1.7093],[101.7151,1.77823],[101.77556,1.94798],[101.7212,2.05809]]],[[[97.32862,2.14753],[97.20737,2.17552],[97.32179,2.03144],[97.32862,2.14753]]],[[[96.4795,2.41498],[96.3965,2.52485],[96.2461,2.6],[96.09051,2.7578],[95.9817,2.79035],[95.91188,2.90624],[95.79152,2.94253],[95.69801,2.77875],[95.93141,2.59561],[96.06568,2.57941],[96.32814,2.39452],[96.4795,2.41498]]],[[[108.84246,2.97362],[108.77589,2.88801],[108.88966,2.88801],[108.84246,2.97362]]],[[[105.80201,2.99726],[105.69557,2.88459],[105.81186,2.90449],[105.80201,2.99726]]],[[[117.62526,3.43769],[117.54152,3.42845],[117.57179,3.31314],[117.66733,3.27155],[117.62526,3.43769]]],[[[117.51726,3.47704],[117.2684,3.59292],[117.25489,3.50707],[117.51726,3.47704]]],[[[117.69874,4.11131],[117.59449,4.06387],[117.66529,3.98306],[117.69874,4.11131]]],[[[108.39617,3.87482],[108.39137,3.99702],[108.25734,4.13056],[108.22486,4.24482],[107.98463,4.01203],[108.06235,3.85594],[108.24537,3.81346],[108.09449,3.69619],[108.31764,3.68378],[108.39617,3.87482]]],[[[123.39015,-10.59148],[123.38649,-10.43304],[123.04916,-10.71136],[122.81251,-10.77842],[122.84181,-10.92107],[123.20916,-10.81308],[123.24342,-10.73773],[123.40919,-10.67913],[123.39015,-10.59148]]],[[[121.9402,-10.43011],[121.69012,-10.56422],[121.85971,-10.6041],[121.9909,-10.52158],[121.9402,-10.43011]]],[[[123.46583,-10.14983],[123.32,-10.26775],[123.41342,-10.33261],[123.46583,-10.14983]]],[[[123.92799,-8.22731],[123.79819,-8.17995],[123.36964,-8.31666],[123.46811,-8.36598],[123.22731,-8.52606],[123.39943,-8.58603],[123.54347,-8.56927],[123.65699,-8.40545],[123.92799,-8.22731]]],[[[124.30812,-8.22047],[124.25815,-8.18206],[124.10939,-8.38494],[124.05836,-8.30608],[123.90724,-8.45485],[124.01881,-8.42995],[124.05128,-8.53916],[124.16481,-8.52825],[124.29998,-8.31927],[124.30812,-8.22047]]],[[[138.89731,-8.33717],[138.83139,-8.18564],[138.68881,-8.18133],[138.55836,-8.36663],[138.89405,-8.40545],[138.89731,-8.33717]]],[[[125.13404,-8.21705],[125.09254,-8.16155],[124.66505,-8.16969],[124.45069,-8.14902],[124.33351,-8.41302],[124.41822,-8.46461],[124.65016,-8.40545],[125.1233,-8.35231],[125.13404,-8.21705]]],[[[128.09059,-8.13104],[127.77418,-8.10345],[127.80209,-8.1762],[128.04152,-8.25506],[128.09059,-8.13104]]],[[[131.10939,-8.13104],[131.03761,-8.08327],[130.89373,-8.25123],[131.16082,-8.15228],[131.10939,-8.13104]]],[[[129.84116,-7.87786],[129.72486,-7.79599],[129.58758,-7.83563],[129.59425,-7.924],[129.77638,-8.05535],[129.84116,-7.87786]]],[[[126.83676,-7.72633],[126.62696,-7.55999],[126.32838,-7.69573],[125.94793,-7.67832],[125.80836,-7.86419],[125.81202,-8.00758],[125.92506,-7.91188],[126.07496,-7.88388],[126.46616,-7.96657],[126.55934,-7.81992],[126.83676,-7.72633]]],[[[127.47023,-7.52776],[127.37273,-7.50612],[127.35768,-7.65569],[127.47023,-7.52776]]],[[[138.93898,-7.54209],[138.80453,-7.3742],[138.62086,-7.36468],[138.24415,-7.45648],[138.02809,-7.61004],[137.75904,-8.07342],[137.63819,-8.42588],[137.84913,-8.37754],[138.17799,-8.38494],[138.29347,-8.41872],[138.44418,-8.37908],[138.6609,-8.16904],[138.90415,-8.07586],[138.8838,-7.93255],[138.98268,-7.82985],[139.07553,-7.57627],[138.93898,-7.54209]]],[[[131.69858,-7.22674],[131.63754,-7.10906],[131.52882,-7.1701],[131.35572,-7.43532],[131.25473,-7.47226],[131.13917,-7.68613],[131.16114,-7.80967],[131.0857,-7.87176],[131.11622,-8.00075],[131.31674,-8.018],[131.3899,-7.8471],[131.64332,-7.59905],[131.69923,-7.41399],[131.64275,-7.25481],[131.69858,-7.22674]]],[[[131.98219,-7.1889],[131.91847,-7.10361],[131.75701,-7.11004],[131.96559,-7.25465],[131.98219,-7.1889]]],[[[128.66969,-7.13738],[128.61964,-7.06316],[128.53273,-7.15106],[128.63868,-7.2199],[128.66969,-7.13738]]],[[[114.04567,-6.91465],[113.92368,-6.86484],[113.52623,-6.89629],[113.06739,-6.88104],[112.84197,-6.90887],[112.70094,-7.0333],[112.72641,-7.15879],[113.12794,-7.23105],[113.54898,-7.23378],[113.66521,-7.11004],[113.83253,-7.13202],[113.90998,-7.04806],[114.1248,-6.98161],[114.04567,-6.91465]]],[[[134.48439,-6.57562],[134.44996,-6.44134],[134.34938,-6.39983],[134.29461,-6.29778],[134.136,-6.17693],[134.12037,-6.41985],[134.05502,-6.77516],[134.18507,-6.91863],[134.31072,-6.85947],[134.52149,-6.58685],[134.48439,-6.57562]]],[[[120.54615,-5.93816],[120.48862,-5.76727],[120.44825,-5.84393],[120.48129,-6.47731],[120.55299,-6.11012],[120.54615,-5.93816]]],[[[132.80201,-5.78737],[132.73357,-5.65504],[132.67506,-5.71217],[132.66969,-5.9],[132.74155,-5.95037],[132.80201,-5.78737]]],[[[134.75807,-6.15789],[134.77223,-6.08961],[134.62599,-5.93304],[134.7649,-5.89039],[134.70289,-5.83571],[134.75807,-5.67132],[134.64145,-5.5792],[134.69654,-5.53411],[134.58123,-5.42425],[134.49122,-5.44817],[134.35182,-5.71445],[134.20655,-5.7291],[134.3615,-5.78053],[134.2881,-5.92392],[134.29135,-6.15634],[134.33351,-6.22145],[134.60776,-6.36956],[134.70183,-6.32187],[134.75807,-6.15789]]],[[[133.18434,-5.31032],[133.11012,-5.31097],[133.00408,-5.64715],[132.92888,-5.69801],[132.84051,-5.98496],[132.94939,-5.7942],[133.11329,-5.59564],[133.18434,-5.31032]]],[[[122.06739,-5.21502],[121.96957,-5.06699],[121.85385,-5.10215],[121.80681,-5.25986],[121.96827,-5.46795],[122.05299,-5.43231],[122.06739,-5.21502]]],[[[122.78004,-4.9166],[122.73553,-4.64373],[122.65699,-4.62428],[122.40496,-4.73789],[122.32749,-4.83522],[122.4026,-5.06178],[122.34181,-5.10898],[122.27963,-5.36972],[122.4686,-5.39642],[122.51149,-5.28672],[122.54347,-5.42881],[122.65545,-5.32252],[122.59816,-5.22845],[122.6434,-5.07879],[122.78004,-4.9166]]],[[[123.14991,-5.22503],[123.05934,-5.14414],[122.96803,-5.19769],[122.96437,-4.99285],[123.05209,-4.74033],[123.12387,-4.71022],[123.21974,-4.81666],[123.20444,-4.61175],[123.01954,-4.39023],[122.90895,-4.47454],[122.84799,-4.64886],[122.85499,-4.8178],[122.73219,-5.25302],[122.56715,-5.50693],[122.63836,-5.6622],[122.82765,-5.6762],[122.91822,-5.52744],[122.87623,-5.45843],[123.0656,-5.41839],[123.21315,-5.30169],[123.14991,-5.22503]]],[[[133.55836,-4.23203],[133.33448,-4.10906],[133.46046,-4.24407],[133.55836,-4.23203]]],[[[123.20444,-3.99293],[123.02817,-3.97381],[122.95069,-4.04705],[123.0866,-4.23447],[123.16928,-4.22112],[123.25343,-4.08978],[123.20444,-3.99293]]],[[[128.52882,-3.53297],[128.41017,-3.54323],[128.39291,-3.64284],[128.56381,-3.59189],[128.52882,-3.53297]]],[[[128.33082,-3.51189],[128.03452,-3.58904],[127.91236,-3.70306],[127.98601,-3.77158],[128.20289,-3.63934],[128.16147,-3.73903],[128.33497,-3.62721],[128.33082,-3.51189]]],[[[128.72055,-3.52557],[128.59783,-3.49179],[128.62745,-3.61761],[128.72055,-3.52557]]],[[[127.2409,-3.47096],[127.26881,-3.38592],[127.06276,-3.3344],[127.09352,-3.20078],[126.84002,-3.07366],[126.4214,-3.07049],[126.18509,-3.18089],[126.09092,-3.1121],[125.99174,-3.24819],[126.05263,-3.44632],[126.17356,-3.60253],[126.58933,-3.81664],[126.74219,-3.85938],[127.24342,-3.60605],[127.2409,-3.47096]]],[[[106.90895,-2.92978],[106.81251,-2.89218],[106.72267,-2.96608],[106.89527,-3.01849],[106.90895,-2.92978]]],[[[130.87322,-3.57399],[130.76149,-3.40586],[130.66668,-3.40358],[130.57846,-3.12282],[130.34498,-2.97763],[130.04664,-2.99212],[129.61183,-2.80682],[129.44353,-2.78493],[129.12184,-2.9577],[129.05291,-2.80446],[128.86524,-2.86207],[128.51588,-2.83416],[128.17547,-2.85703],[128.10369,-3.06699],[127.8423,-3.17327],[127.93019,-3.32334],[127.92604,-3.55348],[128.13575,-3.07537],[128.17872,-3.19427],[128.28207,-3.22088],[128.39918,-3.41009],[128.48414,-3.4625],[128.67758,-3.43231],[128.69256,-3.34873],[128.87745,-3.20257],[128.98194,-3.25189],[128.96078,-3.35556],[129.11354,-3.34881],[129.48561,-3.46347],[129.56324,-3.43963],[129.54493,-3.29778],[129.89047,-3.3331],[129.98317,-3.45973],[130.41879,-3.63689],[130.60694,-3.7785],[130.84156,-3.865],[130.87322,-3.57399]]],[[[108.29371,-2.8484],[108.19777,-2.67815],[108.06658,-2.5945],[107.83432,-2.52508],[107.67026,-2.56146],[107.59425,-2.78631],[107.58107,-3.01067],[107.6314,-3.24086],[107.84181,-3.14544],[107.87045,-3.05169],[107.99399,-3.24245],[108.21062,-3.13584],[108.20436,-3.00547],[108.29371,-2.8484]]],[[[126.0691,-2.38445],[125.97722,-2.18035],[125.98536,-1.99375],[125.86256,-2.0866],[125.96599,-2.40211],[126.0691,-2.38445]]],[[[126.32911,-1.81927],[125.99342,-1.78582],[125.70289,-1.81927],[125.48325,-1.77695],[125.34693,-1.81097],[125.43214,-1.94964],[125.62029,-1.91562],[126.27215,-1.86728],[126.32911,-1.81927]]],[[[130.38649,-1.88828],[130.43776,-1.85068],[130.35336,-1.68011],[130.22047,-1.73602],[130.01197,-1.75018],[129.71485,-1.88144],[129.92555,-2.00384],[130.25611,-2.04583],[130.38649,-1.88828]]],[[[125.31479,-1.77898],[125.19142,-1.7824],[124.63282,-1.63112],[124.38494,-1.6679],[124.33139,-1.82692],[124.40602,-2.00408],[124.54322,-2.00652],[124.85328,-1.8969],[125.01352,-1.94427],[125.05047,-1.88795],[125.32163,-1.86435],[125.31479,-1.77898]]],[[[136.84848,-1.76531],[136.7046,-1.73056],[136.39031,-1.72576],[136.19125,-1.6539],[135.42221,-1.61077],[135.4839,-1.67498],[135.71803,-1.7033],[136.2732,-1.90936],[136.87232,-1.81927],[136.84848,-1.76531]]],[[[106.76905,-2.56032],[106.35402,-2.46299],[106.26417,-2.35133],[106.16261,-2.00701],[106.17457,-1.87908],[106.03549,-1.67832],[106.04558,-1.59401],[105.87574,-1.48919],[105.71998,-1.52418],[105.81276,-1.79266],[105.6517,-1.70696],[105.70289,-1.65545],[105.59409,-1.52557],[105.34986,-1.6487],[105.37566,-1.82187],[105.15431,-1.93597],[105.14747,-2.08001],[105.30641,-2.13502],[105.56577,-2.06699],[105.79575,-2.17181],[105.82879,-2.39511],[105.94435,-2.49879],[105.90162,-2.62868],[105.9865,-2.82122],[106.44703,-2.98113],[106.5171,-3.09482],[106.70729,-3.09417],[106.73846,-3.00457],[106.61305,-2.94256],[106.67482,-2.6998],[106.76905,-2.56032]]],[[[128.14519,-1.59401],[127.89894,-1.42669],[127.62452,-1.32952],[127.4817,-1.44817],[127.43531,-1.4122],[127.37867,-1.63226],[127.53273,-1.73138],[127.7033,-1.6902],[128.05152,-1.71453],[128.14519,-1.59401]]],[[[127.68995,-1.2138],[127.54721,-1.17108],[127.4607,-1.23577],[127.66603,-1.2719],[127.68995,-1.2138]]],[[[123.5031,-1.26442],[123.40691,-1.2195],[123.23194,-1.39471],[123.20102,-1.15521],[122.89869,-1.18434],[122.81202,-1.44362],[122.87403,-1.58457],[122.99318,-1.50921],[123.16359,-1.31219],[123.18483,-1.48561],[123.11183,-1.55633],[123.2505,-1.62273],[123.2588,-1.466],[123.36215,-1.51141],[123.52858,-1.43304],[123.5031,-1.26442]]],[[[129.95444,-1.16269],[129.74391,-1.19988],[129.85922,-1.23317],[129.95444,-1.16269]]],[[[134.99822,-1.01865],[134.87778,-0.93613],[134.80006,-1.02776],[134.95672,-1.12851],[134.99822,-1.01865]]],[[[131.05738,-1.00066],[131.03484,-0.91481],[130.89186,-0.88991],[130.64943,-0.98838],[130.7697,-1.24822],[130.9826,-1.34856],[131.07252,-1.07757],[131.05738,-1.00066]]],[[[130.91725,-0.77842],[130.73276,-0.82627],[130.44842,-0.81862],[130.44068,-0.89316],[130.61793,-0.90846],[130.81935,-0.87029],[130.91725,-0.77842]]],[[[136.37566,-1.09368],[136.1963,-1.06658],[136.06577,-0.87168],[135.84742,-0.6959],[135.77752,-0.74871],[135.37037,-0.63592],[135.39373,-0.7234],[135.66082,-0.88714],[135.74098,-0.81902],[135.8283,-1.10784],[135.90602,-1.18939],[136.14283,-1.2234],[136.29363,-1.1832],[136.37566,-1.09368]]],[[[127.29615,-0.74375],[127.21404,-0.61541],[127.15553,-0.77239],[127.29615,-0.74375]]],[[[130.67758,-0.4358],[130.50506,-0.44134],[130.46168,-0.52516],[130.64112,-0.52752],[130.67758,-0.4358]]],[[[121.85385,-0.40106],[121.67986,-0.46893],[121.87843,-0.51092],[121.85385,-0.40106]]],[[[104.54851,-0.39804],[104.46957,-0.33213],[104.32472,-0.36484],[104.25587,-0.47552],[104.35629,-0.66172],[104.42042,-0.57496],[104.51124,-0.61395],[104.59165,-0.48357],[104.54851,-0.39804]]],[[[122.02955,-0.33213],[121.87233,-0.33261],[122.02662,-0.40691],[122.02955,-0.33213]]],[[[127.88893,-0.76474],[127.78956,-0.68963],[127.65268,-0.70721],[127.60646,-0.62908],[127.68312,-0.46006],[127.51686,-0.30193],[127.46095,-0.40683],[127.31666,-0.33961],[127.30299,-0.51092],[127.47023,-0.64129],[127.45769,-0.81561],[127.62574,-0.75237],[127.74879,-0.88535],[127.88893,-0.76474]]],[[[127.23463,-0.49041],[127.29249,-0.27809],[127.11036,-0.28769],[127.11736,-0.52516],[127.23463,-0.49041]]],[[[103.71274,-0.26971],[103.55787,-0.2234],[103.46168,-0.36688],[103.61256,-0.38738],[103.75652,-0.34645],[103.71274,-0.26971]]],[[[131.29762,-0.23724],[131.29737,-0.15927],[131.15366,-0.08571],[130.82472,-0.00384],[130.4275,-0.10678],[130.28061,-0.10499],[130.3108,-0.25758],[130.5066,-0.25026],[130.57911,-0.33392],[130.68824,-0.29119],[130.73308,-0.4415],[130.94825,-0.36688],[130.81105,-0.31854],[130.62924,-0.14072],[130.69557,-0.07952],[130.79672,-0.23919],[130.95167,-0.34645],[131.09848,-0.32293],[131.23797,-0.38925],[131.29762,-0.23724]]],[[[104.92897,-0.23724],[104.84889,-0.13958],[104.76629,-0.18825],[104.62037,-0.00425],[104.53736,0.02131],[104.43727,-0.18108],[104.54135,-0.27125],[104.73553,-0.21445],[104.85133,-0.3012],[104.92897,-0.23724]]],[[[129.53688,-0.13421],[129.30926,0.04804],[129.3729,-0.07952],[129.51678,-0.20875],[129.53688,-0.13421]]],[[[104.68873,0.07128],[104.49025,0.24262],[104.60621,0.09178],[104.68873,0.07128]]],[[[104.22609,0.88007],[104.11256,0.95258],[104.18751,0.79926],[104.22609,0.88007]]],[[[97.92848,0.99608],[97.69361,1.18602],[97.48634,1.47655],[97.34978,1.5454],[97.23585,1.41669],[97.06365,1.41523],[97.25172,1.25922],[97.38885,0.95209],[97.61378,0.82355],[97.70411,0.57274],[97.82716,0.56269],[97.88299,0.64297],[97.92848,0.99608]]],[[[127.66603,-0.20924],[127.85133,-0.36549],[128.04884,-0.71282],[128.20395,-0.76946],[128.28403,-0.87819],[128.43328,-0.90879],[128.22779,-0.70957],[128.04274,-0.4153],[127.89243,-0.01718],[127.92124,0.14558],[127.88087,0.30174],[127.96022,0.48282],[128.26222,0.39134],[128.47478,0.38719],[128.53761,0.32685],[128.86118,0.24356],[128.69012,0.34699],[128.68434,0.54169],[128.31349,0.66816],[128.21355,0.77391],[128.31544,0.90156],[128.70118,1.07087],[128.74098,1.40485],[128.71949,1.57062],[128.45973,1.54499],[128.18678,1.37417],[128.09205,1.25727],[128.19606,1.19644],[127.93637,1.00731],[127.92303,0.86982],[127.79567,0.79906],[127.65512,0.89004],[127.63754,1.00072],[127.8943,1.15664],[127.97389,1.29776],[128.03533,1.53799],[128.0149,1.71922],[127.85174,1.82539],[128.04737,2.20384],[127.91725,2.17211],[127.68995,1.92528],[127.5809,1.75178],[127.54078,1.47565],[127.40594,1.22988],[127.40415,1.04279],[127.47145,1.06558],[127.50782,0.88622],[127.62452,0.83222],[127.55543,0.7399],[127.52687,0.56061],[127.57228,0.42235],[127.71372,0.27733],[127.66603,-0.20924]]],[[[128.68637,2.48395],[128.56642,2.63361],[128.32114,2.45865],[128.19711,2.26618],[128.28859,2.03962],[128.49024,2.05427],[128.6421,2.26118],[128.68637,2.48395]]],[[[125.44361,2.79304],[125.36012,2.75332],[125.38258,2.64183],[125.44361,2.79304]]],[[[125.65252,3.46963],[125.51295,3.70791],[125.44215,3.63776],[125.50506,3.48078],[125.62436,3.39765],[125.65252,3.46963]]],[[[126.87071,4.33139],[126.88478,4.45686],[126.73374,4.53588],[126.7107,4.26414],[126.80321,4.22297],[126.66476,4.03406],[126.7589,3.99301],[126.80988,4.15724],[126.92213,4.28205],[126.87071,4.33139]]],[[[115.89088,-7.10711],[115.77817,-7.11549],[115.83774,-7.1972],[115.89088,-7.10711]]],[[[123.6006,-1.60328],[123.52329,-1.48268],[123.48732,-1.69996],[123.57488,-1.71998],[123.6006,-1.60328]]],[[[98.5476,0.15933],[98.53874,0.09034],[98.84459,0.08486],[98.71735,0.17512],[98.5476,0.15933]]]]},"properties":{"ISO_A2":"ID","ISO_A2_EH":"ID","ADM0_A3":"IDN","ISO_A3":"IDN","ADMIN":"Indonesia"}},
{"type":"Feature","geometry":{"type":"MultiPolygon","coordinates":[[[[117.70361,4.16341],[117.90704,4.15668],[117.70167,4.26752],[117.70361,4.16341]]],[[[102.07309,6.25751],[102.06,6.0948],[101.95939,6.0116],[101.91293,5.85931],[101.80048,5.73991],[101.65036,5.78265],[101.53466,5.90602],[101.24899,5.78699],[101.10544,5.63764],[100.9672,5.78102],[101.07112,5.91985],[101.08166,6.24647],[100.82215,6.25988],[100.80561,6.4148],[100.38739,6.52208],[100.28078,6.68892],[100.16684,6.69512],[100.12729,6.44229],[100.34913,6.01268],[100.37574,5.81094],[100.34401,5.66926],[100.38527,5.37694],[100.43002,5.30288],[100.36451,5.0843],[100.45387,4.90892],[100.5774,4.85432],[100.63258,4.5329],[100.56544,4.31916],[100.63258,4.15546],[100.77605,4.08649],[100.72071,3.86807],[101.04054,3.62198],[101.10841,3.47394],[101.29762,3.2746],[101.37281,3.00235],[101.28639,2.84968],[101.39918,2.81908],[101.54233,2.66128],[101.78305,2.57587],[101.86525,2.39452],[101.92677,2.42243],[102.188,2.21638],[102.48902,2.09292],[102.72185,1.84707],[102.80445,1.86009],[103.36736,1.5384],[103.51637,1.27045],[103.68141,1.4418],[103.83969,1.47655],[103.97446,1.41983],[104.00831,1.54873],[104.10621,1.37519],[104.27735,1.36734],[104.29469,1.44652],[104.19532,1.79873],[103.96941,2.21271],[103.94899,2.33991],[103.7671,2.62385],[103.63844,2.67211],[103.47364,2.85102],[103.43458,2.96182],[103.45607,3.20376],[103.42807,3.36717],[103.48219,3.51179],[103.33872,3.75821],[103.438,3.97504],[103.39519,4.11628],[103.49415,4.33662],[103.44858,4.79507],[103.12029,5.38133],[102.49985,5.89741],[102.37989,6.13296],[102.07309,6.25751]]],[[[115.14617,4.90852],[115.27268,4.63677],[115.27248,4.47466],[115.36074,4.32956],[115.113,4.38237],[115.03549,4.62124],[115.02978,4.82064],[114.9817,4.88907],[114.94836,4.81893],[114.75179,4.73852],[114.78217,4.49779],[114.8479,4.42374],[114.76688,4.13182],[114.58663,4.02144],[114.41992,4.26013],[114.28267,4.26491],[114.24556,4.48143],[113.99879,4.60114],[113.94679,4.27383],[113.73683,4.00129],[113.43426,3.75316],[113.2776,3.4842],[113.06935,3.279],[113.00782,3.16169],[112.72731,3.06611],[112.01352,2.88593],[111.66961,2.84309],[111.44028,2.68012],[111.40455,2.48395],[111.44825,2.37238],[111.36549,2.34077],[111.24635,2.4361],[111.18474,2.14509],[111.21127,2.07392],[111.00685,1.55508],[111.15455,1.36734],[110.83961,1.56599],[110.72674,1.54743],[110.46559,1.62055],[110.52076,1.72297],[109.92775,1.69229],[109.65463,1.937],[109.64527,2.08324],[109.52844,1.88999],[109.64181,1.781],[109.64171,1.63716],[109.84284,1.40328],[110.17036,1.17445],[110.26348,0.99431],[110.35164,0.9865],[110.5539,0.85137],[110.78397,0.90816],[110.8527,0.9972],[111.19758,1.07523],[111.35179,1.01389],[111.65523,1.03079],[111.82308,1.00847],[111.9101,1.11404],[112.10006,1.15492],[112.18006,1.44903],[112.47048,1.56766],[113.02342,1.53701],[112.9582,1.41565],[113.08905,1.43134],[113.39755,1.29393],[113.50339,1.3145],[113.64953,1.23326],[113.90967,1.44247],[114.1604,1.4248],[114.39822,1.50355],[114.50064,1.43604],[114.669,1.69401],[114.67138,1.82098],[114.83199,1.90252],[114.78062,2.03605],[114.77876,2.2472],[114.91963,2.29568],[115.20613,2.50987],[115.05647,2.60863],[115.06691,2.8282],[115.24209,3.04162],[115.31,2.98592],[115.46409,3.03082],[115.51701,3.15728],[115.51763,3.35716],[115.60062,3.44121],[115.54853,3.60529],[115.58863,3.8576],[115.5383,3.89783],[115.64693,4.1691],[115.81746,4.28132],[115.84412,4.38922],[116.02065,4.27085],[116.12576,4.37891],[116.31066,4.38338],[116.39107,4.29467],[116.71167,4.36679],[116.80448,4.33007],[117.21717,4.35343],[117.43648,4.18561],[117.56715,4.15965],[117.65211,4.28486],[117.67115,4.42601],[117.89226,4.25699],[118.00457,4.23164],[118.13706,4.29865],[118.54282,4.36001],[118.64527,4.44404],[118.33351,4.65156],[118.13649,4.88231],[118.35719,5.0388],[118.50904,4.93106],[118.68149,4.94432],[119.15594,5.10619],[119.2671,5.20108],[119.27426,5.36115],[119.20485,5.44335],[118.94825,5.38858],[118.41066,5.79613],[118.16082,5.7934],[118.13404,5.68964],[117.96485,5.68623],[117.90846,5.78465],[118.12517,5.86392],[118.01686,6.06098],[117.77426,5.90803],[117.49285,5.89468],[117.67482,5.98896],[117.60035,6.19782],[117.72299,6.25463],[117.74383,6.38988],[117.5337,6.62104],[117.44223,6.55305],[117.30893,6.62881],[117.22836,6.83808],[117.25652,6.93797],[117.14381,7.00373],[117.02931,6.90998],[116.97381,6.70808],[116.82447,6.58173],[116.77849,6.62653],[116.85865,6.81786],[116.77735,7.02676],[116.6692,6.87641],[116.64503,6.71695],[116.50318,6.49519],[116.34767,6.37958],[116.29274,6.27578],[116.10597,6.12645],[116.14186,6.07307],[116.05079,5.84227],[115.91993,5.74677],[115.84864,5.56],[115.67408,5.52936],[115.58522,5.61616],[115.40431,5.4239],[115.35963,5.31965],[115.48976,5.22297],[115.60524,5.2121],[115.55698,5.06721],[115.35841,4.90278],[115.14617,4.90852]]],[[[111.41139,2.3911],[111.38103,2.6979],[111.31544,2.78449],[111.30812,2.45214],[111.41139,2.3911]]],[[[100.30983,5.45075],[100.19207,5.46296],[100.19614,5.29999],[100.28875,5.26268],[100.30983,5.45075]]],[[[99.90062,6.3643],[99.85109,6.46564],[99.64523,6.43584],[99.72874,6.26148],[99.90062,6.3643]]],[[[117.17115,7.34268],[117.06414,7.27074],[117.07154,7.10248],[117.24708,7.18317],[117.27003,7.34886],[117.17115,7.34268]]]]},"properties":{"ISO_A2":"MY","ISO_A2_EH":"MY","ADM0_A3":"MYS","ISO_A3":"MYS","ADMIN":"Malaysia"}},
{"type":"Feature","geometry":{"type":"MultiPolygon","coordinates":[[[[-69.51009,-17.50659],[-69.6839,-17.65604],[-69.85756,-17.73417],[-69.78309,-17.9816],[-69.97034,-18.25062],[-70.13416,-18.31894],[-70.3947,-18.33775],[-70.30356,-18.44544],[-70.3566,-18.77337],[-70.27742,-19.10898],[-70.28775,-19.30096],[-70.15119,-19.71942],[-70.12328,-20.0722],[-70.19213,-20.36679],[-70.19417,-20.81583],[-70.08009,-21.23332],[-70.05869,-21.43338],[-70.15197,-21.66481],[-70.15005,-21.86199],[-70.21325,-22.08294],[-70.29703,-22.91774],[-70.45075,-23.09707],[-70.50617,-23.01002],[-70.58068,-23.10832],[-70.58507,-23.4236],[-70.63161,-23.51704],[-70.41308,-23.51125],[-70.40526,-23.65081],[-70.49852,-23.7846],[-70.50031,-24.09743],[-70.58283,-24.52483],[-70.5764,-24.7317],[-70.47273,-24.97527],[-70.49718,-25.10426],[-70.44481,-25.3449],[-70.65144,-25.54078],[-70.63478,-25.6255],[-70.73998,-25.82932],[-70.63073,-26.00953],[-70.69929,-26.393],[-70.73247,-26.74928],[-70.82274,-26.88698],[-70.78864,-26.99627],[-70.95995,-27.16139],[-70.91242,-27.62184],[-71.03869,-27.66644],[-71.13809,-27.94598],[-71.17394,-28.36061],[-71.30748,-28.5617],[-71.30187,-28.6749],[-71.52196,-28.94012],[-71.49429,-29.19264],[-71.37609,-29.2824],[-71.28808,-29.60312],[-71.33536,-29.7112],[-71.28661,-29.91025],[-71.41246,-29.99179],[-71.38256,-30.14772],[-71.51757,-30.27858],[-71.63463,-30.23821],[-71.71345,-30.61492],[-71.65494,-30.97601],[-71.66784,-31.15049],[-71.50113,-31.88982],[-71.54385,-32.19329],[-71.41246,-32.36956],[-71.47671,-32.53525],[-71.44591,-32.64275],[-71.54792,-32.7955],[-71.56823,-33.00189],[-71.76187,-33.10198],[-71.62466,-33.54144],[-71.68765,-33.72088],[-71.80809,-33.77695],[-72.02684,-34.16269],[-71.99523,-34.37005],[-72.04808,-34.4039],[-72.05724,-34.65879],[-72.18781,-34.88551],[-72.23058,-35.11614],[-72.39806,-35.23349],[-72.52965,-35.49041],[-72.6466,-35.56658],[-72.59797,-35.81015],[-72.78014,-35.95257],[-72.83235,-36.30804],[-73.00202,-36.7138],[-73.20743,-36.77532],[-73.14537,-36.83392],[-73.20906,-37.16025],[-73.4674,-37.23463],[-73.60757,-37.15545],[-73.67178,-37.36256],[-73.60411,-37.51238],[-73.66808,-37.71941],[-73.50325,-37.93328],[-73.4628,-38.09173],[-73.54328,-38.42067],[-73.28344,-39.07529],[-73.2211,-39.34173],[-73.24157,-39.48952],[-73.40608,-39.69492],[-73.37572,-39.85768],[-73.4584,-39.83375],[-73.71418,-39.97845],[-73.65998,-40.10955],[-73.73501,-40.17474],[-73.78091,-40.43727],[-73.7285,-40.54418],[-73.9469,-40.97284],[-73.79817,-41.56569],[-73.66894,-41.61663],[-73.75995,-41.74884],[-73.49486,-41.80592],[-73.2014,-41.78476],[-73.05919,-41.69744],[-73.11189,-41.5862],[-72.95727,-41.48357],[-72.75158,-41.54843],[-72.60945,-41.70672],[-72.41609,-41.6583],[-72.3509,-41.45582],[-72.338,-41.6277],[-72.41609,-41.69231],[-72.64513,-41.72283],[-72.88858,-41.91082],[-72.73729,-42.01393],[-72.58056,-42.03118],[-72.5172,-41.95094],[-72.45617,-42.44085],[-72.55793,-42.21111],[-72.80972,-42.24326],[-72.67846,-42.47845],[-72.82384,-42.50416],[-72.84219,-42.83807],[-72.76106,-43.00905],[-72.93444,-43.09824],[-72.91218,-43.23545],[-73.08458,-43.31634],[-73.11132,-43.46103],[-73.02603,-43.58668],[-72.9171,-43.58864],[-73.04589,-43.72845],[-73.07042,-43.91448],[-73.2836,-44.17409],[-73.11848,-44.15911],[-73.15954,-44.26043],[-72.68676,-44.48846],[-72.72765,-44.75856],[-73.1171,-44.94834],[-73.34826,-44.95778],[-73.40608,-45.02606],[-73.30443,-45.14479],[-73.46068,-45.26629],[-73.25666,-45.24822],[-72.85953,-45.46445],[-73.01431,-45.44476],[-73.20865,-45.30218],[-73.51732,-45.46038],[-73.59166,-45.78021],[-73.32726,-45.61907],[-73.1975,-45.67718],[-73.40209,-45.70192],[-73.66055,-45.97568],[-73.61901,-46.10231],[-73.68786,-46.32203],[-73.43029,-46.02972],[-73.58019,-46.31023],[-73.74234,-46.42099],[-73.83161,-46.57789],[-73.98917,-46.55975],[-73.79418,-46.36159],[-73.76985,-46.23455],[-74.02131,-46.14821],[-73.98204,-46.02972],[-74.19278,-45.88193],[-74.15648,-45.7973],[-74.46182,-45.81504],[-74.39977,-45.93043],[-74.69091,-45.84157],[-74.71337,-45.98447],[-74.96052,-46.26784],[-75.09069,-46.21608],[-75.22224,-46.40398],[-75.34533,-46.39479],[-75.51708,-46.55429],[-75.7047,-46.63925],[-75.70702,-46.78655],[-75.55175,-46.94834],[-75.43391,-46.86338],[-75.42248,-46.71396],[-75.56176,-46.68076],[-75.20173,-46.62998],[-74.94164,-46.51678],[-75.08336,-46.64088],[-74.85635,-46.8139],[-74.68098,-46.88388],[-74.62658,-46.77858],[-74.26683,-46.78167],[-74.11864,-46.98805],[-74.02009,-46.97828],[-73.95763,-47.06032],[-74.13907,-47.22234],[-74.3247,-47.21893],[-74.52888,-47.4223],[-74.32836,-47.58571],[-74.07453,-47.62811],[-74.48176,-47.69883],[-74.34455,-47.63665],[-74.47118,-47.55055],[-74.61213,-47.56845],[-74.73624,-47.70452],[-74.62841,-47.76775],[-74.06774,-47.77077],[-73.80187,-47.80706],[-73.73095,-47.62371],[-73.70971,-47.77606],[-73.55012,-47.80804],[-73.65856,-47.9118],[-73.59166,-48.04192],[-73.35143,-48.2195],[-74.06062,-48.00042],[-74.33092,-48.00042],[-74.17199,-48.2186],[-74.28376,-48.17107],[-74.33438,-48.03216],[-74.51708,-47.9594],[-74.62541,-48.00423],[-74.44249,-48.18239],[-74.31786,-48.21209],[-74.26159,-48.33514],[-73.91641,-48.41888],[-74.01985,-48.43841],[-73.99348,-48.59726],[-74.19713,-48.47332],[-74.39216,-48.59905],[-74.46133,-49.01971],[-74.3719,-49.18662],[-74.42414,-49.37119],[-74.21492,-49.52313],[-74.13288,-49.22625],[-74.03604,-49.14495],[-73.92455,-49.32122],[-74.07445,-49.26165],[-74.07771,-49.50115],[-73.92683,-49.56951],[-74.23388,-49.56601],[-74.31627,-49.7195],[-74.06404,-49.71356],[-74.34826,-49.79209],[-74.28893,-49.89349],[-74.03596,-49.96478],[-74.04894,-50.03704],[-74.31786,-49.92929],[-74.34765,-50.08611],[-74.62829,-50.11492],[-74.68301,-50.2094],[-74.25255,-50.44052],[-74.29735,-50.48064],[-74.12609,-50.76246],[-73.94701,-50.82977],[-73.81078,-50.74196],[-73.75939,-50.51572],[-73.48713,-50.66009],[-73.78283,-50.68678],[-73.7766,-50.82586],[-74.10497,-50.87119],[-74.12951,-51.18768],[-74.00829,-51.11858],[-73.87938,-51.23789],[-73.69408,-51.13925],[-73.68786,-51.49489],[-73.93432,-51.39935],[-73.9042,-51.61175],[-73.69945,-51.78525],[-73.65486,-51.68857],[-73.52278,-51.8034],[-73.43643,-52.01523],[-73.64973,-51.82789],[-73.54003,-52.05527],[-73.29284,-52.1657],[-73.17667,-52.08123],[-73.07006,-51.72454],[-72.63191,-51.82562],[-72.56261,-51.72479],[-73.05431,-51.50262],[-72.71251,-51.58221],[-72.52204,-51.71307],[-72.45328,-51.91326],[-72.65876,-52.03623],[-72.47566,-52.18743],[-72.63207,-52.40667],[-72.88899,-52.45184],[-72.53653,-52.19557],[-72.85363,-51.94834],[-72.94738,-52.16644],[-72.98766,-52.06927],[-73.19131,-52.10377],[-73.33385,-52.21868],[-73.52888,-52.19557],[-73.69896,-52.0263],[-73.56298,-52.32285],[-73.66617,-52.424],[-73.53091,-52.45696],[-73.61644,-52.74912],[-73.39733,-52.63649],[-73.29621,-52.78346],[-73.56371,-52.79705],[-73.38264,-52.84482],[-73.31387,-52.93426],[-73.44396,-52.98203],[-73.11628,-53.09694],[-72.9536,-53.02361],[-73.01561,-52.84173],[-72.68016,-52.66253],[-72.90453,-52.62965],[-72.84838,-52.50286],[-72.56998,-52.5569],[-72.41364,-52.64886],[-72.32779,-52.52516],[-71.57161,-52.56128],[-71.4781,-52.64614],[-71.85053,-52.69471],[-72.16087,-52.65212],[-72.39806,-52.78346],[-72.71483,-52.8694],[-72.70348,-52.7077],[-72.97647,-52.8388],[-72.93375,-53.10475],[-72.6892,-53.24033],[-72.98095,-53.16025],[-73.19909,-53.24082],[-72.76317,-53.38779],[-72.52253,-53.54437],[-72.36457,-53.53688],[-72.52221,-53.36631],[-72.45206,-53.18963],[-72.20629,-53.2011],[-72.38004,-53.05039],[-72.0856,-53.13437],[-71.90623,-53.01089],[-71.35211,-52.80711],[-71.16928,-52.81281],[-71.38292,-53.1264],[-71.74242,-53.2234],[-71.76,-53.47226],[-71.85562,-53.22536],[-72.2823,-53.24277],[-72.45328,-53.40732],[-72.28409,-53.58123],[-71.64464,-53.82366],[-71.33605,-53.87957],[-71.03425,-53.80975],[-70.93944,-53.59222],[-70.99275,-53.38299],[-70.81688,-52.99245],[-70.85684,-52.73398],[-70.71641,-52.73706],[-69.84658,-52.48654],[-69.67235,-52.53086],[-69.44201,-52.25213],[-69.13012,-52.2081],[-68.89846,-52.30354],[-68.44861,-52.34662],[-68.4545,-52.29991],[-68.8205,-52.24317],[-69.21226,-52.13795],[-69.48529,-52.13248],[-69.95275,-52.00742],[-71.9177,-51.99005],[-71.95847,-51.868],[-72.28114,-51.70149],[-72.45007,-51.55267],[-72.35121,-51.47598],[-72.25757,-51.23062],[-72.39653,-51.09207],[-72.29344,-51.02924],[-72.30284,-50.6489],[-72.50598,-50.60125],[-72.61812,-50.66678],[-72.77842,-50.61965],[-73.09608,-50.77065],[-73.17772,-50.74946],[-73.32294,-50.26835],[-73.53057,-50.14081],[-73.48076,-50.02268],[-73.57274,-49.93235],[-73.4651,-49.75996],[-73.58659,-49.53],[-73.45786,-49.30769],[-73.09825,-49.27275],[-73.18315,-49.23906],[-73.00972,-48.99039],[-72.74292,-48.91381],[-72.59233,-48.79113],[-72.57678,-48.45213],[-72.29509,-48.33328],[-72.34305,-48.07045],[-72.54391,-47.9148],[-72.34444,-47.60226],[-72.32873,-47.42646],[-72.17055,-47.40754],[-71.86256,-47.1689],[-71.99997,-47.04219],[-71.93413,-46.79952],[-71.68717,-46.69007],[-71.6849,-46.51923],[-71.76334,-46.24451],[-71.9147,-46.15232],[-71.77016,-46.11264],[-71.61229,-45.97053],[-71.79853,-45.73995],[-71.7651,-45.57241],[-71.52584,-45.51898],[-71.50832,-45.40839],[-71.31153,-45.29946],[-71.58873,-44.97813],[-72.0735,-44.90217],[-72.04782,-44.75479],[-71.85455,-44.79096],[-71.4971,-44.7429],[-71.33598,-44.8016],[-71.12266,-44.5303],[-71.20978,-44.42757],[-71.82204,-44.40318],[-71.85874,-44.1078],[-71.65988,-43.92631],[-71.80323,-43.72601],[-71.72376,-43.59475],[-71.93734,-43.45688],[-71.90173,-43.32201],[-71.75068,-43.29534],[-71.74298,-43.19013],[-72.00984,-43.12036],[-72.14854,-42.99872],[-72.11267,-42.86384],[-72.14843,-42.59264],[-72.04193,-42.49105],[-72.12471,-42.26331],[-72.03991,-42.14466],[-71.73626,-42.08389],[-71.79404,-41.86747],[-71.92597,-41.62294],[-71.85326,-41.56733],[-71.90395,-41.36765],[-71.85145,-40.93833],[-71.95558,-40.72036],[-71.87336,-40.64708],[-71.80416,-40.42642],[-71.67849,-40.34022],[-71.82375,-40.2101],[-71.8007,-40.07967],[-71.68371,-40.099],[-71.62118,-39.89508],[-71.71435,-39.72631],[-71.6774,-39.56849],[-71.52,-39.615],[-71.40197,-39.236],[-71.41576,-38.93535],[-71.22802,-38.80884],[-70.87383,-38.69144],[-70.84867,-38.52762],[-70.97375,-38.42468],[-71.00998,-38.06553],[-71.18503,-37.70607],[-71.12307,-37.44324],[-71.2056,-37.29266],[-71.08912,-37.10342],[-71.19516,-36.83915],[-71.07302,-36.69683],[-71.04328,-36.48433],[-70.89037,-36.40041],[-70.71865,-36.41457],[-70.70312,-36.26006],[-70.56832,-36.13903],[-70.45148,-36.15226],[-70.38032,-36.04602],[-70.42024,-35.86835],[-70.35733,-35.81523],[-70.42154,-35.65968],[-70.40823,-35.5062],[-70.5429,-35.20927],[-70.38663,-35.16669],[-70.35371,-34.95327],[-70.22783,-34.58533],[-70.05869,-34.39578],[-70.04034,-34.27703],[-69.83276,-34.24323],[-69.85581,-33.98475],[-69.90955,-33.9557],[-69.89537,-33.66228],[-69.78767,-33.37941],[-69.90529,-33.23823],[-70.01001,-33.2991],[-70.10083,-33.18686],[-70.11119,-33.03845],[-70.00022,-32.8766],[-70.14003,-32.76828],[-70.17248,-32.46494],[-70.3218,-32.28015],[-70.37332,-32.03039],[-70.2417,-31.96146],[-70.42828,-31.87009],[-70.59137,-31.5496],[-70.56897,-31.30424],[-70.4798,-31.0967],[-70.38089,-31.12161],[-70.26759,-31.02384],[-70.33922,-30.93816],[-70.31948,-30.80081],[-70.17341,-30.36466],[-70.03019,-30.39711],[-69.90281,-30.31267],[-69.84974,-30.12663],[-69.97324,-30.08943],[-69.92219,-29.93957],[-69.92909,-29.71829],[-70.04262,-29.36306],[-69.91095,-29.14323],[-69.80393,-29.09869],[-69.73584,-28.8124],[-69.74085,-28.64063],[-69.65303,-28.39785],[-69.42031,-28.21264],[-69.30323,-27.99953],[-69.17301,-27.92408],[-69.01015,-27.44887],[-68.93145,-27.39523],[-68.80109,-27.11276],[-68.58586,-27.16278],[-68.51801,-27.0769],[-68.33048,-27.04496],[-68.32014,-26.87009],[-68.57015,-26.55063],[-68.57516,-26.30351],[-68.41988,-26.17928],[-68.49848,-25.75491],[-68.60596,-25.437],[-68.51605,-25.18358],[-68.36737,-25.10338],[-68.57237,-24.76986],[-68.50369,-24.61235],[-68.24449,-24.38538],[-67.36237,-24.03037],[-67.33979,-24.0006],[-67.01397,-23.00071],[-67.1939,-22.82222],[-67.54711,-22.8925],[-67.77144,-22.88868],[-67.87634,-22.83359],[-67.85872,-22.56684],[-67.94528,-22.35424],[-67.99019,-22.05762],[-68.09623,-21.95396],[-68.10759,-21.78962],[-68.19844,-21.57186],[-68.20754,-21.28433],[-68.41631,-20.9598],[-68.57196,-20.87237],[-68.57279,-20.74287],[-68.48096,-20.62473],[-68.68554,-20.51683],[-68.76903,-20.39054],[-68.67852,-20.32863],[-68.77554,-20.08968],[-68.58834,-20.05557],[-68.55351,-19.85786],[-68.69841,-19.74634],[-68.49636,-19.4584],[-68.4932,-19.37696],[-68.66332,-19.2736],[-68.98961,-18.94649],[-68.95465,-18.85699],[-69.04283,-18.60047],[-69.03439,-18.4783],[-69.15544,-18.14023],[-69.08921,-18.08308],[-69.30241,-17.97621],[-69.33424,-17.80578],[-69.47578,-17.65241],[-69.51009,-17.50659]]],[[[-68.642,-54.79917],[-68.64188,-54.78297],[-68.63475,-53.71088],[-68.62762,-52.63957],[-68.77903,-52.54825],[-69.14025,-52.68377],[-69.41756,-52.45147],[-69.58389,-52.50986],[-69.59101,-52.64187],[-69.73435,-52.77446],[-70.00113,-52.84173],[-70.12861,-52.73228],[-70.41613,-52.75807],[-70.08917,-52.91106],[-70.13423,-53.01195],[-70.41899,-53.01172],[-70.47354,-53.30926],[-70.2567,-53.46103],[-69.67547,-53.35836],[-69.35265,-53.35573],[-69.36084,-53.52167],[-69.65144,-53.63623],[-69.91578,-53.66147],[-70.18529,-53.81129],[-70.05675,-54.08701],[-69.88366,-54.16131],[-69.27961,-54.32155],[-68.989,-54.43141],[-69.23998,-54.44134],[-69.50048,-54.34222],[-69.536,-54.44207],[-69.69188,-54.3178],[-69.88195,-54.31268],[-69.74031,-54.48968],[-70.07299,-54.24879],[-70.24596,-54.35719],[-70.93269,-54.11354],[-70.86856,-54.24619],[-70.57771,-54.27483],[-70.61046,-54.3388],[-70.9525,-54.3388],[-70.9724,-54.46901],[-71.36461,-54.37298],[-71.38927,-54.45729],[-71.72501,-54.40545],[-71.67186,-54.57171],[-72.00235,-54.45908],[-71.9619,-54.64715],[-71.59777,-54.58099],[-71.50658,-54.68353],[-71.34708,-54.51718],[-71.16267,-54.69817],[-71.06237,-54.59271],[-70.75878,-54.84059],[-70.6105,-54.78069],[-70.08007,-54.84987],[-69.97301,-54.76092],[-69.84215,-54.82106],[-69.7213,-54.69817],[-69.6483,-54.82252],[-69.06701,-54.94883],[-68.65413,-54.88624],[-68.642,-54.79917]]],[[[-109.2316,-27.09246],[-109.36632,-27.06178],[-109.44066,-27.20143],[-109.2316,-27.09246]]],[[[-67.50162,-55.82106],[-67.74841,-55.8492],[-67.64078,-55.91412],[-67.50162,-55.82106]]],[[[-67.37609,-55.75091],[-67.26476,-55.77776],[-67.35912,-55.57391],[-67.37609,-55.75091]]],[[[-66.86901,-55.0241],[-67.06623,-55.02215],[-66.80687,-55.11289],[-66.86901,-55.0241]]],[[[-67.99926,-55.62754],[-68.14647,-55.40439],[-68.61681,-55.30592],[-68.23917,-55.29225],[-68.41405,-55.17995],[-68.61608,-55.15228],[-68.33483,-55.06243],[-68.44115,-54.93971],[-69.31965,-54.99334],[-69.88598,-55.06357],[-70.03148,-55.15325],[-69.78808,-55.30592],[-69.38622,-55.40488],[-69.28038,-55.31894],[-69.4796,-55.23699],[-69.03718,-55.2623],[-68.80114,-55.18865],[-68.96736,-55.42995],[-68.86535,-55.5053],[-68.60253,-55.46233],[-68.25251,-55.52451],[-68.07152,-55.71624],[-67.99926,-55.62754]]],[[[-67.88317,-55.24383],[-67.64737,-55.26149],[-67.50292,-55.17213],[-67.27062,-55.3069],[-67.08849,-55.19052],[-67.06188,-55.07203],[-67.30183,-54.92889],[-67.9418,-54.90545],[-68.34529,-54.92107],[-68.18635,-54.9782],[-68.08186,-55.23309],[-67.88317,-55.24383]]],[[[-70.29515,-55.08245],[-70.65144,-55.03094],[-70.31566,-54.90797],[-70.70612,-54.96893],[-70.98721,-54.94842],[-70.94099,-55.07203],[-70.57531,-55.06023],[-70.54808,-55.21356],[-70.29515,-55.08245]]],[[[-69.90416,-54.99676],[-69.91779,-55.03834],[-69.1643,-54.95582],[-69.83633,-54.87225],[-69.90416,-54.99676]]],[[[-70.98379,-54.92848],[-70.94689,-54.8733],[-71.41649,-54.83587],[-70.98379,-54.92848]]],[[[-72.33983,-54.33148],[-72.54174,-54.34303],[-72.47069,-54.42767],[-72.33983,-54.33148]]],[[[-72.29695,-54.07879],[-72.51537,-54.20232],[-72.3015,-54.2514],[-72.29695,-54.07879]]],[[[-71.63093,-54.07879],[-71.69982,-54.16619],[-71.54214,-54.26995],[-71.49258,-54.13519],[-71.1483,-54.37981],[-70.99014,-54.2658],[-71.01252,-54.10084],[-71.23697,-54.16627],[-71.3015,-53.99147],[-71.39635,-54.06276],[-71.46329,-53.94158],[-71.65705,-53.98317],[-71.63093,-54.07879]]],[[[-72.01513,-54.20232],[-71.84606,-54.33799],[-71.76867,-54.05145],[-71.6529,-53.92636],[-71.90388,-53.86175],[-72.0397,-53.93467],[-72.2591,-53.92986],[-72.16906,-54.10272],[-72.01513,-54.20232]]],[[[-70.45504,-53.6116],[-70.71288,-53.70143],[-70.6344,-53.87334],[-70.8815,-53.84226],[-70.82274,-54.11354],[-70.59341,-54.2138],[-70.53539,-54.15765],[-70.67113,-53.96771],[-70.43925,-54.06041],[-70.33628,-54.0074],[-70.45222,-53.88689],[-70.45504,-53.6116]]],[[[-73.39244,-53.41399],[-73.78136,-53.45127],[-73.50723,-53.56862],[-73.39244,-53.41399]]],[[[-72.52965,-54.07537],[-72.32848,-53.83961],[-72.15274,-53.79616],[-72.39729,-53.63348],[-72.78087,-53.483],[-72.88414,-53.68133],[-72.91324,-53.42702],[-73.16153,-53.41139],[-73.1317,-53.48919],[-73.41283,-53.49326],[-73.25866,-53.63519],[-73.44693,-53.56422],[-73.61608,-53.65162],[-73.27489,-53.70086],[-73.2364,-53.89658],[-73.33776,-53.95525],[-73.08312,-54.03191],[-73.10167,-53.91041],[-72.81627,-53.82098],[-72.76244,-54.03045],[-72.52965,-54.07537]]],[[[-73.43342,-52.86541],[-73.61172,-52.82171],[-73.78734,-52.91318],[-73.43342,-52.86541]]],[[[-73.20743,-53.3178],[-73.4818,-53.13291],[-73.6289,-53.14658],[-73.87588,-53.00319],[-74.27098,-52.95761],[-74.67443,-52.72129],[-74.59655,-52.92295],[-74.40722,-52.96901],[-74.29369,-53.0993],[-74.03482,-53.05625],[-73.61148,-53.18759],[-73.60961,-53.30006],[-73.20743,-53.3178]]],[[[-73.83739,-52.70086],[-73.67789,-52.47332],[-73.72517,-52.40472],[-74.02973,-52.42992],[-73.944,-52.48279],[-74.18437,-52.5868],[-74.12342,-52.70662],[-73.96695,-52.61647],[-73.83739,-52.70086]]],[[[-74.67257,-52.39055],[-74.58928,-52.2129],[-74.90632,-52.2348],[-74.67257,-52.39055]]],[[[-73.76985,-52.37933],[-73.81534,-52.24114],[-74.07917,-52.14772],[-73.76985,-52.37933]]],[[[-74.12255,-52.39772],[-73.95104,-52.30706],[-74.29735,-52.08457],[-74.41686,-52.129],[-74.12951,-52.22796],[-74.24535,-52.31658],[-74.12255,-52.39772]]],[[[-74.4923,-51.97869],[-74.54381,-51.92067],[-74.73558,-52.08457],[-74.4923,-51.97869]]],[[[-73.70767,-52.18694],[-73.78401,-52.05967],[-74.05329,-51.90846],[-74.09024,-52.01002],[-73.70767,-52.18694]]],[[[-74.74987,-52.04306],[-74.62316,-51.879],[-74.75088,-51.83392],[-74.89635,-52.11305],[-74.74987,-52.04306]]],[[[-74.43456,-51.8449],[-74.24218,-51.94061],[-74.0963,-51.87737],[-74.50284,-51.70721],[-74.43456,-51.8449]]],[[[-74.8898,-52.00205],[-74.76293,-51.78289],[-74.90343,-51.62103],[-74.86535,-51.87908],[-74.95751,-51.81561],[-75.06526,-51.99456],[-75.01399,-52.1041],[-74.8898,-52.00205]]],[[[-73.94392,-51.74131],[-74.04223,-51.56878],[-74.23225,-51.70721],[-74.04963,-51.79339],[-73.94392,-51.74131]]],[[[-75.02359,-51.33099],[-75.21984,-51.30543],[-75.22533,-51.49065],[-75.3129,-51.62916],[-75.16242,-51.57317],[-75.02359,-51.33099]]],[[[-74.739,-51.36858],[-74.54381,-51.36517],[-74.60192,-51.20599],[-74.79308,-51.2112],[-74.9628,-51.32936],[-75.00048,-51.4747],[-74.739,-51.36858]]],[[[-74.42028,-51.11126],[-74.60521,-51.08025],[-74.4239,-51.20517],[-74.42028,-51.11126]]],[[[-74.24893,-51.2348],[-74.20055,-51.20013],[-74.30134,-50.93922],[-74.24893,-51.2348]]],[[[-74.38557,-50.98105],[-74.48729,-50.78216],[-74.62548,-50.9249],[-74.87865,-50.88633],[-74.73961,-51.10149],[-74.38557,-50.98105]]],[[[-74.90632,-50.79656],[-74.69302,-50.89007],[-74.74242,-50.70721],[-74.90111,-50.67604],[-74.90632,-50.79656]]],[[[-75.12605,-50.49432],[-75.46862,-50.49432],[-75.35936,-50.59051],[-75.46182,-50.76246],[-75.27892,-50.77011],[-75.27086,-50.62054],[-75.12605,-50.49432]]],[[[-74.31041,-50.83416],[-74.1813,-50.78232],[-74.38313,-50.45599],[-74.55248,-50.42392],[-74.46866,-50.5359],[-74.58121,-50.63356],[-74.31041,-50.83416]]],[[[-74.78335,-50.48064],[-74.54939,-50.37819],[-74.69595,-50.3624],[-74.78335,-50.48064]]],[[[-75.04064,-50.28948],[-74.83385,-50.2195],[-74.81501,-50.11891],[-75.0714,-50.17962],[-75.12873,-50.02955],[-75.40038,-50.03916],[-75.11978,-50.13877],[-75.14647,-50.24863],[-75.39745,-50.17164],[-75.46093,-50.35003],[-75.19489,-50.3025],[-75.22289,-50.43646],[-75.04064,-50.28948]]],[[[-75.44811,-49.775],[-75.17789,-49.88421],[-75.35534,-49.61018],[-75.61352,-49.63637],[-75.44811,-49.775]]],[[[-74.90319,-49.07675],[-75.09545,-49.02988],[-75.23558,-49.14495],[-74.92052,-49.27264],[-74.90319,-49.07675]]],[[[-75.55797,-49.24733],[-75.28742,-49.0866],[-75.41397,-49.06243],[-75.60733,-49.15106],[-75.55797,-49.24733]]],[[[-75.2154,-49.01458],[-75.30598,-48.86492],[-75.54068,-48.83367],[-75.64737,-48.96689],[-75.46508,-49.03639],[-75.31652,-48.95371],[-75.2154,-49.01458]]],[[[-75.10582,-48.9699],[-75.12084,-48.84979],[-75.30818,-48.79485],[-75.194,-48.9957],[-75.10582,-48.9699]]],[[[-75.19831,-49.77117],[-75.04345,-49.82635],[-75.00951,-49.51865],[-74.71837,-49.62526],[-74.84484,-49.69362],[-74.86775,-50.01621],[-74.66063,-50.05055],[-74.53637,-49.99472],[-74.42365,-49.74489],[-74.53637,-49.50799],[-74.44815,-49.32244],[-74.5255,-48.72283],[-74.83031,-48.68955],[-75.06111,-48.83701],[-74.85912,-49.11077],[-74.89322,-49.36403],[-75.03722,-49.26043],[-75.32335,-49.2636],[-75.46727,-49.3327],[-75.25634,-49.49383],[-75.30541,-49.56015],[-75.19831,-49.77117]]],[[[-75.08503,-48.6373],[-75.24608,-48.78476],[-75.08894,-48.78265],[-75.08503,-48.6373]]],[[[-75.33894,-48.6242],[-75.64183,-48.70135],[-75.61262,-48.79485],[-75.37304,-48.69866],[-75.33894,-48.6242]]],[[[-75.32836,-48.55218],[-75.34435,-48.42742],[-75.60644,-48.43922],[-75.62613,-48.63201],[-75.33992,-48.61484],[-75.32836,-48.55218]]],[[[-74.49543,-48.34987],[-74.27172,-48.46266],[-74.29796,-48.28802],[-74.49543,-48.34987]]],[[[-74.49913,-48.58318],[-74.59944,-48.56365],[-74.5869,-48.40342],[-74.76431,-48.1526],[-74.81127,-48.36346],[-75.03307,-48.50449],[-74.94713,-48.61956],[-74.52774,-48.6749],[-74.49913,-48.58318]]],[[[-74.54381,-48.32195],[-74.37263,-48.25319],[-74.55818,-48.12233],[-74.54381,-48.32195]]],[[[-75.16076,-48.29843],[-75.03112,-48.44378],[-74.83739,-48.34482],[-74.82782,-48.14549],[-75.25634,-48.06862],[-75.16076,-48.29843]]],[[[-75.14989,-48.65838],[-75.0714,-48.59629],[-75.35098,-48.00449],[-75.58532,-48.08571],[-75.46019,-48.4166],[-75.31794,-48.34889],[-75.22448,-48.70648],[-75.14989,-48.65838]]],[[[-75.27062,-48.02776],[-75.03352,-48.03118],[-74.72738,-48.10589],[-74.81298,-47.9389],[-74.78832,-47.81232],[-75.20702,-47.91695],[-75.27062,-48.02776]]],[[[-74.41373,-47.93825],[-74.31847,-47.98121],[-73.92487,-47.91595],[-74.24523,-47.80641],[-74.50284,-47.9179],[-74.41373,-47.93825]]],[[[-75.18236,-47.83148],[-75.02368,-47.80332],[-75.09164,-47.68049],[-75.35591,-47.73614],[-75.18236,-47.83148]]],[[[-74.07457,-47.02028],[-74.2307,-47.10215],[-74.1459,-47.17116],[-73.97525,-47.04762],[-74.07457,-47.02028]]],[[[-73.72509,-46.05047],[-73.9405,-46.06813],[-73.77546,-46.19948],[-73.72509,-46.05047]]],[[[-74.75292,-45.80755],[-75.05435,-45.86354],[-74.98884,-46.00555],[-75.07433,-46.09384],[-74.91967,-46.10418],[-74.76635,-45.98886],[-74.75292,-45.80755]]],[[[-73.74185,-45.79388],[-73.9405,-45.90993],[-73.85656,-45.96754],[-73.74185,-45.79388]]],[[[-73.92683,-45.74537],[-74.04459,-45.73846],[-74.0299,-45.90309],[-73.92683,-45.74537]]],[[[-74.55435,-45.5748],[-74.70051,-45.72763],[-74.58389,-45.73528],[-74.55435,-45.5748]]],[[[-74.07144,-45.69085],[-73.92064,-45.69769],[-73.91023,-45.591],[-74.03059,-45.53314],[-74.07144,-45.69085]]],[[[-74.50284,-45.73235],[-74.40616,-45.76686],[-74.208,-45.63551],[-74.29353,-45.4791],[-74.42125,-45.45428],[-74.50284,-45.73235]]],[[[-73.66617,-45.43694],[-73.81827,-45.64251],[-73.68041,-45.75286],[-73.58601,-45.48016],[-73.66617,-45.43694]]],[[[-73.88589,-45.47112],[-74.06404,-45.42327],[-74.14501,-45.55804],[-74.02965,-45.51735],[-73.87047,-45.5617],[-73.88589,-45.47112]]],[[[-73.82445,-45.26629],[-74.16706,-45.25262],[-74.01228,-45.35361],[-73.78624,-45.33392],[-73.82445,-45.26629]]],[[[-73.73192,-45.21478],[-73.71459,-45.11419],[-73.9147,-44.99529],[-74.20694,-45.04266],[-73.96251,-45.24912],[-73.73192,-45.21478]]],[[[-74.27009,-44.94411],[-74.35692,-45.01149],[-73.97566,-44.983],[-73.96959,-44.90398],[-74.1883,-44.86907],[-74.27009,-44.94411]]],[[[-73.93053,-44.78924],[-73.83967,-44.95859],[-73.83678,-44.78411],[-73.93053,-44.78924]]],[[[-75.09147,-44.79606],[-75.16467,-44.91383],[-75.03127,-44.90397],[-75.09147,-44.79606]]],[[[-73.92683,-44.62884],[-74.40054,-44.62607],[-74.27969,-44.80381],[-73.87588,-44.69402],[-73.92683,-44.62884]]],[[[-73.65998,-44.67653],[-73.69953,-44.5368],[-73.83788,-44.66432],[-73.65998,-44.67653]]],[[[-74.39297,-44.54697],[-74.25951,-44.41286],[-74.5233,-44.52646],[-74.39297,-44.54697]]],[[[-73.38248,-44.58782],[-73.46813,-44.64251],[-73.40758,-44.82244],[-73.29141,-44.93239],[-73.14745,-44.91188],[-72.83764,-44.71014],[-72.72118,-44.52801],[-73.00202,-44.36126],[-73.21032,-44.40887],[-73.38248,-44.58782]]],[[[-74.10871,-44.22747],[-73.89362,-44.23935],[-74.07286,-44.15504],[-74.10871,-44.22747]]],[[[-73.74498,-43.95355],[-73.65054,-44.13193],[-73.65001,-43.99139],[-73.74498,-43.95355]]],[[[-74.14394,-43.82755],[-74.16637,-43.87298],[-73.76232,-43.88893],[-73.86539,-43.78932],[-74.14394,-43.82755]]],[[[-74.81819,-43.63502],[-74.55749,-43.62741],[-74.7379,-43.53018],[-74.81819,-43.63502]]],[[[-73.41234,-42.52565],[-73.5432,-42.37916],[-73.62515,-42.44345],[-73.41234,-42.52565]]],[[[-74.33462,-43.28167],[-74.08495,-43.40163],[-73.73111,-43.39264],[-73.66581,-43.30984],[-73.72142,-43.1417],[-73.49006,-43.10003],[-73.65392,-42.89764],[-73.49429,-42.86679],[-73.51667,-42.78924],[-73.80915,-42.60866],[-73.78966,-42.50416],[-73.61148,-42.51165],[-73.68155,-42.37005],[-73.39611,-42.30901],[-73.38622,-42.19573],[-73.57844,-41.94549],[-73.57799,-41.79852],[-73.86604,-41.89227],[-74.06404,-41.80592],[-74.05334,-42.13034],[-74.1471,-42.21652],[-74.18962,-42.43191],[-74.12838,-42.64114],[-74.22952,-43.02288],[-74.33837,-43.10003],[-74.33462,-43.28167]]],[[[-73.81514,-51.86406],[-73.97936,-51.83854],[-73.73841,-52.01125],[-73.81514,-51.86406]]],[[[-74.97028,-50.28752],[-75.17158,-50.46215],[-75.04452,-50.47599],[-74.88926,-50.29492],[-74.97028,-50.28752]]],[[[-74.42602,-49.61492],[-74.29308,-49.55462],[-74.43643,-49.42702],[-74.42602,-49.61492]]],[[[-74.64987,-47.79774],[-74.64402,-47.92311],[-74.52618,-47.81287],[-74.64987,-47.79774]]],[[[-75.32315,-46.68509],[-75.16178,-46.78158],[-75.1462,-46.69701],[-75.32315,-46.68509]]]]},"properties":{"ISO_A2":"CL","ISO_A2_EH":"CL","ADM0_A3":"CHL","ISO_A3":"CHL","ADMIN":"Chile"}},
{"type":"Feature","geometry":{"type":"Polygon","coordinates":[[[-69.51009,-17.50659],[-69.47578,-17.65241],[-69.33424,-17.80578],[-69.30241,-17.97621],[-69.08921,-18.08308],[-69.15544,-18.14023],[-69.03439,-18.4783],[-69.04283,-18.60047],[-68.95465,-18.85699],[-68.98961,-18.94649],[-68.66332,-19.2736],[-68.4932,-19.37696],[-68.49636,-19.4584],[-68.69841,-19.74634],[-68.55351,-19.85786],[-68.58834,-20.05557],[-68.77554,-20.08968],[-68.67852,-20.32863],[-68.76903,-20.39054],[-68.68554,-20.51683],[-68.48096,-20.62473],[-68.57279,-20.74287],[-68.57196,-20.87237],[-68.41631,-20.9598],[-68.20754,-21.28433],[-68.19844,-21.57186],[-68.10759,-21.78962],[-68.09623,-21.95396],[-67.99019,-22.05762],[-67.94528,-22.35424],[-67.85872,-22.56684],[-67.87634,-22.83359],[-67.77144,-22.88868],[-67.54711,-22.8925],[-67.1939,-22.82222],[-67.03769,-22.65458],[-67.03272,-22.52457],[-66.78509,-22.42762],[-66.7359,-22.22505],[-66.37747,-22.12707],[-66.29716,-22.05028],[-66.24001,-21.79241],[-66.09449,-21.83293],[-65.74461,-22.11405],[-65.02037,-22.09658],[-64.58688,-22.21275],[-64.57202,-22.34318],[-64.42828,-22.54234],[-64.45371,-22.64291],[-64.3439,-22.86367],[-64.25083,-22.54069],[-64.16055,-22.43847],[-63.94759,-22.0076],[-63.74042,-22.05059],[-63.63939,-21.99747],[-62.80435,-22.00408],[-62.79092,-22.11322],[-62.65036,-22.23446],[-62.2757,-21.06657],[-62.2773,-20.57978],[-61.94425,-20.10415],[-61.76121,-19.65777],[-60.83393,-19.46791],[-60.00638,-19.2981],[-59.08954,-19.28673],[-58.17528,-19.82137],[-58.1588,-20.16512],[-57.85974,-19.98012],[-58.12464,-19.72991],[-57.789,-19.05925],[-57.71583,-19.04457],[-57.78233,-18.91042],[-57.55108,-18.18364],[-57.73009,-17.84609],[-57.79076,-17.55577],[-58.01017,-17.49676],[-58.23156,-17.32974],[-58.38116,-17.26721],[-58.46627,-16.88729],[-58.48028,-16.68368],[-58.3561,-16.50953],[-58.33956,-16.28929],[-58.46472,-16.33125],[-60.12984,-16.27306],[-60.17981,-16.22201],[-60.23797,-15.50267],[-60.58224,-15.09887],[-60.27497,-15.09515],[-60.29172,-14.63006],[-60.46434,-14.27835],[-60.46827,-14.10369],[-60.38796,-13.98938],[-60.47263,-13.79786],[-60.56607,-13.76996],[-61.04722,-13.46455],[-61.1491,-13.51984],[-61.34772,-13.4937],[-61.45875,-13.54372],[-61.58807,-13.50765],[-61.84798,-13.5308],[-62.17245,-13.11785],[-62.42748,-13.12457],[-62.8074,-12.98887],[-62.9753,-12.85286],[-63.07503,-12.65266],[-63.23595,-12.69855],[-63.39331,-12.66455],[-63.49614,-12.55334],[-63.8014,-12.45495],[-63.92124,-12.54435],[-64.39573,-12.45733],[-64.48978,-12.37361],[-64.46906,-12.26106],[-64.71628,-12.14654],[-64.7925,-12.03255],[-64.99745,-11.99627],[-65.06556,-11.75308],[-65.1962,-11.74181],[-65.22265,-11.51743],[-65.29247,-11.50472],[-65.39474,-11.15343],[-65.30299,-10.99075],[-65.3997,-10.81226],[-65.43569,-10.62581],[-65.41094,-10.44918],[-65.28808,-10.21622],[-65.33329,-9.92683],[-65.30438,-9.82565],[-65.45184,-9.68137],[-65.58398,-9.83723],[-65.70996,-9.75599],[-66.19066,-9.80085],[-66.45286,-9.8887],[-66.63187,-9.9043],[-66.90266,-10.09313],[-67.0643,-10.25694],[-67.33782,-10.32609],[-67.58463,-10.50179],[-67.72173,-10.70549],[-67.86265,-10.65878],[-68.09788,-10.69774],[-68.29332,-10.97897],[-68.61573,-11.1125],[-68.78701,-11.12604],[-68.75763,-11.01194],[-69.39594,-10.93504],[-69.57763,-10.9523],[-69.13159,-11.726],[-68.68425,-12.50249],[-68.79342,-12.62021],[-68.74296,-12.66579],[-68.98095,-12.86795],[-68.96279,-13.28358],[-68.98565,-13.55023],[-69.10159,-13.66661],[-69.01596,-13.75311],[-68.98297,-13.97222],[-68.91618,-14.02493],[-68.88372,-14.21148],[-69.01015,-14.2459],[-68.99025,-14.37902],[-69.2475,-14.59368],[-69.26763,-14.75067],[-69.36142,-14.78798],[-69.39067,-14.96441],[-69.1481,-15.23333],[-69.29695,-15.36697],[-69.42434,-15.65625],[-69.21965,-16.15276],[-69.14469,-16.22345],[-68.98204,-16.21002],[-68.85584,-16.36319],[-69.03681,-16.4715],[-69.03707,-16.67025],[-69.19166,-16.74301],[-69.42744,-17.08686],[-69.6228,-17.18556],[-69.66649,-17.2883],[-69.5226,-17.36912],[-69.51009,-17.50659]]]},"properties":{"ISO_A2":"BO","ISO_A2_EH":"BO","ADM0_A3":"BOL","ISO_A3":"BOL","ADMIN":"Bolivia"}},
{"type":"Feature","geometry":{"type":"Polygon","coordinates":[[[-69.51009,-17.50659],[-69.5226,-17.36912],[-69.66649,-17.2883],[-69.6228,-17.18556],[-69.42744,-17.08686],[-69.19166,-16.74301],[-69.03707,-16.67025],[-69.03681,-16.4715],[-68.85584,-16.36319],[-68.98204,-16.21002],[-69.14469,-16.22345],[-69.21965,-16.15276],[-69.42434,-15.65625],[-69.29695,-15.36697],[-69.1481,-15.23333],[-69.39067,-14.96441],[-69.36142,-14.78798],[-69.26763,-14.75067],[-69.2475,-14.59368],[-68.99025,-14.37902],[-69.01015,-14.2459],[-68.88372,-14.21148],[-68.91618,-14.02493],[-68.98297,-13.97222],[-69.01596,-13.75311],[-69.10159,-13.66661],[-68.98565,-13.55023],[-68.96279,-13.28358],[-68.98095,-12.86795],[-68.74296,-12.66579],[-68.79342,-12.62021],[-68.68425,-12.50249],[-69.13159,-11.726],[-69.57763,-10.9523],[-69.95611,-10.91933],[-70.2894,-11.06475],[-70.43727,-11.03674],[-70.53411,-10.93814],[-70.64134,-11.0108],[-70.63845,-9.8518],[-70.54341,-9.72695],[-70.62442,-9.56582],[-70.52499,-9.43095],[-70.87549,-9.66049],[-71.01543,-9.81749],[-71.1965,-9.93986],[-71.39143,-10.00683],[-72.19567,-10.00559],[-72.16042,-9.88766],[-72.26522,-9.76219],[-72.30677,-9.54091],[-72.43022,-9.48221],[-72.8133,-9.4109],[-73.21498,-9.40904],[-72.95939,-9.08565],[-72.97608,-8.98539],[-73.17457,-8.72071],[-73.35058,-8.59834],[-73.35642,-8.47979],[-73.52654,-8.37241],[-73.66803,-8.01377],[-73.79464,-7.87414],[-73.71216,-7.78815],[-73.8388,-7.72056],[-74.01847,-7.54352],[-73.90202,-7.3734],[-73.71309,-7.30467],[-73.81234,-7.10292],[-73.76549,-6.90418],[-73.68508,-6.81188],[-73.37068,-6.58389],[-73.19896,-6.54565],[-73.13178,-6.43526],[-73.23478,-6.07756],[-73.14,-5.8785],[-73.00135,-5.7088],[-72.9735,-5.46612],[-72.89666,-5.27161],[-72.91795,-5.13209],[-72.62727,-5.02243],[-72.25106,-4.75883],[-72.07113,-4.60514],[-71.77435,-4.48153],[-71.66521,-4.50758],[-71.50615,-4.44857],[-71.36326,-4.45921],[-71.28849,-4.38076],[-70.96869,-4.38531],[-70.83223,-4.17943],[-70.63106,-4.11897],[-70.58527,-4.19452],[-70.42993,-4.13417],[-70.3111,-4.17086],[-70.20563,-4.34294],[-70.15726,-4.27018],[-70.06334,-4.32847],[-69.96495,-4.23648],[-70.1884,-4.02895],[-70.3111,-3.82927],[-70.54429,-3.86524],[-70.73413,-3.78204],[-70.05063,-2.71513],[-70.09497,-2.63255],[-70.23607,-2.62511],[-70.35753,-2.48693],[-70.57861,-2.40548],[-70.64759,-2.45075],[-70.70658,-2.32828],[-70.99272,-2.19744],[-71.21986,-2.34151],[-71.42083,-2.37603],[-71.45649,-2.25511],[-71.73848,-2.1377],[-71.96627,-2.32849],[-72.16146,-2.40569],[-72.39658,-2.44652],[-72.64432,-2.33407],[-72.71832,-2.41985],[-72.94327,-2.41902],[-73.08383,-2.34513],[-73.19777,-2.21356],[-73.11106,-2.07341],[-73.18625,-1.79963],[-73.3403,-1.79219],[-73.53098,-1.67375],[-73.49716,-1.478],[-73.63656,-1.25517],[-73.75472,-1.18334],[-73.88076,-1.19099],[-74.06545,-1.00144],[-74.24019,-0.98686],[-74.34442,-0.8586],[-74.41266,-0.57314],[-74.82465,-0.17048],[-74.87271,-0.22195],[-75.2221,-0.0324],[-75.28349,-0.10702],[-75.45526,-0.16118],[-75.6376,-0.11146],[-75.48477,-0.24768],[-75.43423,-0.40302],[-75.27204,-0.5257],[-75.29703,-0.74698],[-75.22726,-0.96981],[-75.41258,-0.92392],[-75.56003,-1.50259],[-76.09124,-2.12891],[-76.68459,-2.57364],[-77.84902,-2.98064],[-77.94146,-3.05454],[-78.19641,-3.36367],[-78.16373,-3.47725],[-78.36172,-3.40852],[-78.41358,-3.77181],[-78.68243,-4.32692],[-78.67266,-4.55099],[-78.92861,-4.74746],[-78.90022,-4.84368],[-79.06393,-5.01137],[-79.30322,-4.96125],[-79.45057,-4.8102],[-79.52785,-4.61806],[-79.50721,-4.53156],[-79.65797,-4.43875],[-79.83287,-4.47895],[-80.14025,-4.2831],[-80.4085,-4.4775],[-80.48854,-4.39596],[-80.34527,-4.19845],[-80.4696,-4.21323],[-80.48108,-3.99877],[-80.30463,-4.00518],[-80.16505,-3.8795],[-80.22164,-3.76943],[-80.26566,-3.4264],[-80.34073,-3.3935],[-80.36823,-3.46551],[-80.53624,-3.5053],[-80.61311,-3.61565],[-80.77172,-3.71014],[-80.86779,-3.87273],[-81.07331,-4.09677],[-81.2528,-4.2387],[-81.32893,-4.47666],[-81.33756,-4.6783],[-81.06335,-5.02204],[-81.1714,-5.0873],[-81.19848,-5.2081],[-80.93182,-5.46381],[-80.85621,-5.65046],[-80.93993,-5.85084],[-81.07519,-5.78678],[-81.15022,-5.88307],[-81.10146,-6.07207],[-80.79053,-6.29969],[-80.2981,-6.54445],[-79.96468,-6.78735],[-79.93155,-6.88348],[-79.70824,-7.10678],[-79.61276,-7.26639],[-79.58251,-7.46364],[-79.43529,-7.67439],[-79.46594,-7.71593],[-79.29971,-7.93865],[-78.98574,-8.21742],[-78.90212,-8.37676],[-78.94026,-8.43553],[-78.75933,-8.60833],[-78.7643,-8.77511],[-78.65477,-8.93333],[-78.61115,-9.17652],[-78.41475,-9.36213],[-78.3699,-9.61543],[-78.22942,-9.79378],[-78.23463,-9.95255],[-78.0558,-10.34752],[-77.67054,-10.92752],[-77.59468,-11.16512],[-77.64726,-11.29232],[-77.32046,-11.49375],[-77.17109,-11.73614],[-77.17492,-12.07187],[-77.05394,-12.11419],[-77.03832,-12.20436],[-76.85365,-12.30264],[-76.81176,-12.48268],[-76.68147,-12.61932],[-76.51623,-12.86992],[-76.48335,-13.0363],[-76.2211,-13.35756],[-76.18126,-13.53948],[-76.26177,-13.86143],[-76.36202,-13.80164],[-76.39396,-13.90802],[-76.27743,-13.9451],[-76.29174,-14.08099],[-76.14916,-14.22389],[-76.14355,-14.32789],[-75.98064,-14.4611],[-75.93065,-14.64935],[-75.55065,-14.88494],[-75.36181,-15.14479],[-75.24112,-15.20534],[-75.18946,-15.35837],[-74.84756,-15.56629],[-74.46307,-15.72672],[-74.44172,-15.79803],[-74.04662,-15.96014],[-74.03283,-16.0123],[-73.70028,-16.2207],[-73.42032,-16.29314],[-73.29621,-16.3956],[-72.69235,-16.66065],[-72.58776,-16.65936],[-72.36221,-16.76133],[-72.29336,-16.88063],[-72.10993,-17.02313],[-71.9486,-17.0735],[-71.80761,-17.19134],[-71.51452,-17.2846],[-71.40026,-17.40032],[-71.38516,-17.68727],[-71.21923,-17.75156],[-70.91462,-17.94655],[-70.68326,-18.1617],[-70.3947,-18.33775],[-70.13416,-18.31894],[-69.97034,-18.25062],[-69.78309,-17.9816],[-69.85756,-17.73417],[-69.6839,-17.65604],[-69.51009,-17.50659]]]},"properties":{"ISO_A2":"PE","ISO_A2_EH":"PE","ADM0_A3":"PER","ISO_A3":"PER","ADMIN":"Peru"}},
{"type":"Feature","geometry":{"type":"MultiPolygon","coordinates":[[[[-67.1939,-22.82222],[-67.01397,-23.00071],[-67.33979,-24.0006],[-67.36237,-24.03037],[-68.24449,-24.38538],[-68.50369,-24.61235],[-68.57237,-24.76986],[-68.36737,-25.10338],[-68.51605,-25.18358],[-68.60596,-25.437],[-68.49848,-25.75491],[-68.41988,-26.17928],[-68.57516,-26.30351],[-68.57015,-26.55063],[-68.32014,-26.87009],[-68.33048,-27.04496],[-68.51801,-27.0769],[-68.58586,-27.16278],[-68.80109,-27.11276],[-68.93145,-27.39523],[-69.01015,-27.44887],[-69.17301,-27.92408],[-69.30323,-27.99953],[-69.42031,-28.21264],[-69.65303,-28.39785],[-69.74085,-28.64063],[-69.73584,-28.8124],[-69.80393,-29.09869],[-69.91095,-29.14323],[-70.04262,-29.36306],[-69.92909,-29.71829],[-69.92219,-29.93957],[-69.97324,-30.08943],[-69.84974,-30.12663],[-69.90281,-30.31267],[-70.03019,-30.39711],[-70.17341,-30.36466],[-70.31948,-30.80081],[-70.33922,-30.93816],[-70.26759,-31.02384],[-70.38089,-31.12161],[-70.4798,-31.0967],[-70.56897,-31.30424],[-70.59137,-31.5496],[-70.42828,-31.87009],[-70.2417,-31.96146],[-70.37332,-32.03039],[-70.3218,-32.28015],[-70.17248,-32.46494],[-70.14003,-32.76828],[-70.00022,-32.8766],[-70.11119,-33.03845],[-70.10083,-33.18686],[-70.01001,-33.2991],[-69.90529,-33.23823],[-69.78767,-33.37941],[-69.89537,-33.66228],[-69.90955,-33.9557],[-69.85581,-33.98475],[-69.83276,-34.24323],[-70.04034,-34.27703],[-70.05869,-34.39578],[-70.22783,-34.58533],[-70.35371,-34.95327],[-70.38663,-35.16669],[-70.5429,-35.20927],[-70.40823,-35.5062],[-70.42154,-35.65968],[-70.35733,-35.81523],[-70.42024,-35.86835],[-70.38032,-36.04602],[-70.45148,-36.15226],[-70.56832,-36.13903],[-70.70312,-36.26006],[-70.71865,-36.41457],[-70.89037,-36.40041],[-71.04328,-36.48433],[-71.07302,-36.69683],[-71.19516,-36.83915],[-71.08912,-37.10342],[-71.2056,-37.29266],[-71.12307,-37.44324],[-71.18503,-37.70607],[-71.00998,-38.06553],[-70.97375,-38.42468],[-70.84867,-38.52762],[-70.87383,-38.69144],[-71.22802,-38.80884],[-71.41576,-38.93535],[-71.40197,-39.236],[-71.52,-39.615],[-71.6774,-39.56849],[-71.71435,-39.72631],[-71.62118,-39.89508],[-71.68371,-40.099],[-71.8007,-40.07967],[-71.82375,-40.2101],[-71.67849,-40.34022],[-71.80416,-40.42642],[-71.87336,-40.64708],[-71.95558,-40.72036],[-71.85145,-40.93833],[-71.90395,-41.36765],[-71.85326,-41.56733],[-71.92597,-41.62294],[-71.79404,-41.86747],[-71.73626,-42.08389],[-72.03991,-42.14466],[-72.12471,-42.26331],[-72.04193,-42.49105],[-72.14843,-42.59264],[-72.11267,-42.86384],[-72.14854,-42.99872],[-72.00984,-43.12036],[-71.74298,-43.19013],[-71.75068,-43.29534],[-71.90173,-43.32201],[-71.93734,-43.45688],[-71.72376,-43.59475],[-71.80323,-43.72601],[-71.65988,-43.92631],[-71.85874,-44.1078],[-71.82204,-44.40318],[-71.20978,-44.42757],[-71.12266,-44.5303],[-71.33598,-44.8016],[-71.4971,-44.7429],[-71.85455,-44.79096],[-72.04782,-44.75479],[-72.0735,-44.90217],[-71.58873,-44.97813],[-71.31153,-45.29946],[-71.50832,-45.40839],[-71.52584,-45.51898],[-71.7651,-45.57241],[-71.79853,-45.73995],[-71.61229,-45.97053],[-71.77016,-46.11264],[-71.9147,-46.15232],[-71.76334,-46.24451],[-71.6849,-46.51923],[-71.68717,-46.69007],[-71.93413,-46.79952],[-71.99997,-47.04219],[-71.86256,-47.1689],[-72.17055,-47.40754],[-72.32873,-47.42646],[-72.34444,-47.60226],[-72.54391,-47.9148],[-72.34305,-48.07045],[-72.29509,-48.33328],[-72.57678,-48.45213],[-72.59233,-48.79113],[-72.74292,-48.91381],[-73.00972,-48.99039],[-73.18315,-49.23906],[-73.09825,-49.27275],[-73.05975,-49.55497],[-73.19675,-49.68242],[-73.4651,-49.75996],[-73.57274,-49.93235],[-73.48076,-50.02268],[-73.53057,-50.14081],[-73.32294,-50.26835],[-73.17772,-50.74946],[-73.09608,-50.77065],[-72.77842,-50.61965],[-72.61812,-50.66678],[-72.50598,-50.60125],[-72.30284,-50.6489],[-72.29344,-51.02924],[-72.39653,-51.09207],[-72.25757,-51.23062],[-72.35121,-51.47598],[-72.45007,-51.55267],[-72.28114,-51.70149],[-71.95847,-51.868],[-71.9177,-51.99005],[-69.95275,-52.00742],[-69.48529,-52.13248],[-69.21226,-52.13795],[-68.8205,-52.24317],[-68.4545,-52.29991],[-68.44861,-52.34662],[-68.36561,-52.3062],[-68.68506,-52.00501],[-68.93593,-51.64552],[-69.11962,-51.60475],[-68.96373,-51.50075],[-69.16778,-50.97822],[-69.07652,-50.56017],[-68.87643,-50.33057],[-68.34987,-50.14881],[-68.60118,-49.97254],[-68.65404,-49.75791],[-68.32828,-50.12021],[-68.07635,-50.08727],[-67.83321,-49.95454],[-67.73201,-49.7813],[-67.63683,-49.24725],[-67.55655,-49.01582],[-67.19828,-48.81835],[-67.11435,-48.67375],[-66.86643,-48.58983],[-66.65099,-48.43108],[-66.34111,-48.35272],[-66.30085,-48.25189],[-65.96844,-48.04717],[-65.85341,-47.87959],[-65.73566,-47.50953],[-65.7449,-47.20416],[-65.97956,-47.06618],[-66.20049,-47.08959],[-66.78645,-47.00661],[-67.12999,-46.7066],[-67.42322,-46.56742],[-67.54088,-46.4013],[-67.62247,-46.16375],[-67.54773,-45.93345],[-67.37706,-45.79412],[-67.33192,-45.61349],[-67.06479,-45.34995],[-66.86892,-45.2356],[-66.524,-45.2161],[-66.5878,-45.13934],[-66.20037,-44.99292],[-65.96422,-45.04188],[-65.60264,-45.02769],[-65.53409,-44.93397],[-65.71544,-44.86996],[-65.68554,-44.71253],[-65.39471,-44.59396],[-65.21689,-44.36641],[-65.30472,-44.24009],[-65.21482,-44.13743],[-65.33406,-43.67262],[-65.03234,-43.37811],[-65.03234,-43.29941],[-64.76525,-43.14739],[-64.44758,-43.06862],[-64.43346,-42.97633],[-64.99714,-42.78484],[-64.94603,-42.65423],[-64.61486,-42.51531],[-64.43773,-42.50693],[-64.19567,-42.64422],[-64.25133,-42.77508],[-64.1079,-42.88372],[-63.73664,-42.8248],[-63.62027,-42.75123],[-63.59048,-42.34124],[-63.70962,-42.13437],[-63.80996,-42.07017],[-64.29662,-42.25758],[-64.06843,-42.26963],[-64.12755,-42.43271],[-64.60228,-42.42205],[-64.49063,-42.24863],[-64.85729,-42.19362],[-65.06957,-41.98577],[-64.99991,-41.79339],[-64.99328,-41.55299],[-65.06119,-41.44842],[-65.17512,-41.01019],[-65.12194,-40.83367],[-64.89045,-40.70599],[-64.73493,-40.83034],[-64.17431,-41.00897],[-64.06212,-40.99944],[-63.77941,-41.15879],[-63.09952,-41.15488],[-62.7294,-41.04111],[-62.3378,-40.87273],[-62.22924,-40.65862],[-62.41491,-40.46209],[-62.49006,-40.30788],[-62.36872,-40.2112],[-62.30504,-39.81113],[-62.11437,-39.82147],[-62.02391,-39.36484],[-62.25723,-39.25555],[-62.35782,-39.10223],[-62.32046,-38.96071],[-62.39021,-38.81471],[-62.15734,-38.81048],[-62.02672,-38.93759],[-61.51806,-39.01149],[-60.86571,-38.97568],[-59.88931,-38.83847],[-59.06322,-38.69378],[-58.15567,-38.43011],[-57.59358,-38.15276],[-57.51187,-37.87233],[-57.0559,-37.41269],[-56.66487,-36.85101],[-56.69762,-36.39617],[-56.9287,-36.3637],[-57.24804,-36.17034],[-57.36644,-35.98789],[-57.35262,-35.72752],[-57.14491,-35.4842],[-57.24877,-35.24879],[-57.52203,-35.01315],[-57.87103,-34.82991],[-58.15487,-34.7504],[-58.47419,-34.52158],[-58.45461,-34.36618],[-58.57042,-34.28818],[-58.37857,-34.18825],[-58.39537,-34.03118],[-58.54939,-33.68304],[-58.52172,-33.44931],[-58.41234,-33.29827],[-58.38317,-33.07545],[-58.1468,-33.04998],[-58.22281,-32.53427],[-58.20012,-32.4472],[-58.10159,-32.31136],[-58.18655,-32.15292],[-58.16861,-31.84601],[-58.05927,-31.81149],[-57.98682,-31.55414],[-58.07524,-31.47518],[-57.90512,-31.24099],[-57.85525,-31.05898],[-57.91173,-30.94736],[-57.80724,-30.90757],[-57.81789,-30.71203],[-57.88579,-30.58986],[-57.84962,-30.48527],[-57.65273,-30.3291],[-57.64247,-30.19309],[-57.6117,-30.18296],[-57.32515,-29.98101],[-57.29151,-29.81513],[-57.09416,-29.75198],[-56.67703,-29.31335],[-56.61729,-29.16091],[-56.41575,-29.05135],[-56.28615,-28.78015],[-56.1847,-28.74419],[-55.89806,-28.46069],[-55.84235,-28.34638],[-55.70569,-28.40767],[-55.6636,-28.32654],[-55.77253,-28.23197],[-55.60474,-28.11694],[-55.44075,-28.0789],[-55.31411,-27.91499],[-55.02581,-27.84016],[-55.08115,-27.77825],[-54.91321,-27.73691],[-54.89827,-27.62364],[-54.34771,-27.3943],[-54.28689,-27.4284],[-54.17702,-27.2434],[-54.09176,-27.28515],[-53.96412,-27.154],[-53.84201,-27.16351],[-53.7107,-26.87381],[-53.74604,-26.69387],[-53.72444,-26.37606],[-53.66672,-26.21917],[-53.82619,-25.97268],[-53.90996,-25.62924],[-54.12597,-25.55203],[-54.10716,-25.50056],[-54.46057,-25.64205],[-54.6002,-25.57494],[-54.64315,-25.68794],[-54.5879,-25.81083],[-54.66227,-25.97991],[-54.63829,-26.19695],[-54.79306,-26.64499],[-54.90334,-26.65987],[-54.97527,-26.78782],[-55.12578,-26.86358],[-55.13836,-26.9537],[-55.2806,-26.93427],[-55.43085,-26.99639],[-55.46185,-27.09798],[-55.59828,-27.16754],[-55.59133,-27.32836],[-55.75473,-27.4437],[-55.91309,-27.32784],[-56.12455,-27.2989],[-56.27984,-27.38964],[-56.36754,-27.58064],[-56.54644,-27.45507],[-56.77115,-27.50674],[-56.90435,-27.41869],[-57.1801,-27.48731],[-57.33523,-27.40949],[-57.53568,-27.40721],[-57.69779,-27.33352],[-58.02196,-27.25983],[-58.51076,-27.27844],[-58.6042,-27.31626],[-58.65329,-27.15627],[-58.51154,-27.06016],[-58.45981,-26.92817],[-58.32892,-26.88415],[-58.24794,-26.75816],[-58.16996,-26.27033],[-58.0865,-26.12719],[-57.87272,-26.0103],[-57.7537,-25.67275],[-57.62307,-25.61539],[-57.55692,-25.45984],[-57.75407,-25.18089],[-58.22406,-24.94122],[-58.31197,-24.99361],[-58.4734,-24.8513],[-58.8092,-24.77678],[-59.00092,-24.64418],[-59.34097,-24.4876],[-59.45972,-24.35851],[-60.03367,-24.00701],[-60.32802,-24.01796],[-60.59462,-23.90655],[-61.00635,-23.80547],[-61.10986,-23.60698],[-61.29695,-23.48141],[-61.49185,-23.41319],[-61.60515,-23.28927],[-61.74426,-23.23481],[-61.95645,-23.03441],[-62.1708,-22.71732],[-62.28723,-22.48395],[-62.63268,-22.29595],[-62.65036,-22.23446],[-62.79092,-22.11322],[-62.80435,-22.00408],[-63.63939,-21.99747],[-63.74042,-22.05059],[-63.94759,-22.0076],[-64.16055,-22.43847],[-64.25083,-22.54069],[-64.3439,-22.86367],[-64.45371,-22.64291],[-64.42828,-22.54234],[-64.57202,-22.34318],[-64.58688,-22.21275],[-65.02037,-22.09658],[-65.74461,-22.11405],[-66.09449,-21.83293],[-66.24001,-21.79241],[-66.29716,-22.05028],[-66.37747,-22.12707],[-66.7359,-22.22505],[-66.78509,-22.42762],[-67.03272,-22.52457],[-67.03769,-22.65458],[-67.1939,-22.82222]]],[[[-68.64188,-54.78297],[-68.52033,-54.85223],[-68.30207,-54.79217],[-68.07763,-54.84612],[-67.03099,-54.90521],[-66.54051,-55.05105],[-65.99335,-54.97237],[-65.98756,-54.91068],[-65.6857,-54.96917],[-65.33227,-54.91383],[-65.15559,-54.64056],[-65.84423,-54.64739],[-66.48221,-54.4658],[-66.76658,-54.24984],[-67.29776,-54.05381],[-67.57152,-53.90797],[-67.55825,-53.83619],[-67.98363,-53.60133],[-68.1114,-53.3438],[-68.45135,-53.29772],[-68.52071,-53.12063],[-68.28043,-53.01539],[-68.28588,-52.94354],[-68.62762,-52.63957],[-68.63475,-53.71088],[-68.64188,-54.78297]]],[[[-63.88842,-54.72991],[-64.32372,-54.72226],[-64.75866,-54.83229],[-64.67626,-54.90325],[-64.31111,-54.7776],[-64.26016,-54.83538],[-63.88842,-54.72991]]],[[[-61.90722,-39.13665],[-62.09801,-39.08782],[-61.86828,-39.23943],[-61.90722,-39.13665]]],[[[-62.1553,-40.37421],[-62.23733,-40.50995],[-62.10871,-40.56406],[-62.02852,-40.45488],[-62.1553,-40.37421]]],[[[-62.11896,-40.13072],[-62.02116,-40.34355],[-62.01466,-40.17516],[-62.11896,-40.13072]]]]},"properties":{"ISO_A2":"AR","ISO_A2_EH":"AR","ADM0_A3":"ARG","ISO_A3":"ARG","ADMIN":"Argentina"}},
{"type":"Feature","geometry":{"type":"Polygon","coordinates":[[[33.78094,34.97635],[33.78183,34.97622],[33.89184,34.95814],[33.89812,35.06127],[33.90651,35.06911],[33.67944,35.0339],[33.70293,34.98794],[33.70151,34.97289],[33.78094,34.97635]]]},"properties":{"ISO_A2":"-99","ISO_A2_EH":"-99","ADM0_A3":"ESB","ISO_A3":"-99","ADMIN":"Dhekelia Sovereign Base Area"}},
{"type":"Feature","geometry":{"type":"MultiPolygon","coordinates":[[[[33.70293,34.98794],[33.51959,35.04412],[33.44631,35.00117],[33.41592,35.16034],[33.17387,35.16266],[32.81586,35.06277],[32.69155,35.18371],[32.65981,35.18708],[32.58481,35.17251],[32.44996,35.05882],[32.28663,35.09715],[32.32944,34.88642],[32.41334,34.75349],[32.76067,34.65323],[32.83229,34.70095],[33.01564,34.63443],[33.60564,34.82176],[33.70151,34.97289],[33.70293,34.98794]]],[[[33.89812,35.06127],[33.89184,34.95814],[34.09913,34.96516],[34.02196,35.05701],[33.89812,35.06127]]]]},"properties":{"ISO_A2":"CY","ISO_A2_EH":"CY","ADM0_A3":"CYP","ISO_A3":"CYP","ADMIN":"Cyprus"}},
{"type":"Feature","geometry":{"type":"MultiPolygon","coordinates":[[[[77.80035,35.49541],[77.04897,35.11044],[76.92112,34.92071],[76.78201,34.93089],[76.74387,34.81927],[76.55319,34.72584],[76.39991,34.75075],[76.26204,34.68465],[76.0234,34.67716],[75.77711,34.50381],[75.34809,34.55722],[75.21291,34.64497],[75.01778,34.62972],[74.28583,34.76889],[73.91934,34.64254],[73.92596,34.56497],[73.77486,34.37095],[73.93774,34.30421],[73.9983,34.1968],[73.88441,34.0842],[73.9458,34.00979],[74.22837,34.01289],[74.27229,33.96214],[74.03458,33.82861],[73.9767,33.64839],[74.14155,33.54937],[74.10548,33.3452],[74.00234,33.17769],[74.15385,33.04018],[74.32201,32.97205],[74.3065,32.80991],[74.52096,32.74529],[74.68529,32.83123],[74.62958,32.58809],[74.72498,32.46081],[75.02367,32.46626],[75.19616,32.3973],[75.35905,32.26167],[75.17415,32.08683],[75.04083,32.09799],[74.82864,32.02544],[74.56561,31.84054],[74.48944,31.71119],[74.61191,31.4402],[74.50639,31.17541],[74.65883,31.08379],[74.40128,30.8931],[74.32976,30.89961],[74.05753,30.53137],[73.84234,30.35298],[73.94435,30.18829],[73.73972,30.04845],[73.37033,29.92732],[73.23287,29.5366],[72.90152,29.02262],[72.38218,28.78401],[72.2565,28.64559],[72.14994,28.35377],[71.89156,28.0971],[71.86086,27.95021],[71.56073,27.86853],[71.31144,27.86171],[70.83157,27.70146],[70.71039,27.74115],[70.63319,27.93163],[70.45625,28.03979],[70.34194,28.01147],[70.09069,27.79355],[70.01689,27.60059],[69.84802,27.41037],[69.57558,27.18842],[69.46509,26.80777],[69.50416,26.73517],[69.81556,26.58029],[70.05606,26.58908],[70.15807,26.53011],[70.13203,26.18047],[70.06464,25.98033],[70.26458,25.6973],[70.63231,25.70138],[70.64662,25.43137],[70.85989,25.13945],[70.89333,25.00189],[71.06386,24.68258],[70.95482,24.58452],[70.97714,24.46494],[71.08277,24.41151],[70.91772,24.36172],[70.75545,24.23144],[70.56022,24.28725],[70.52095,24.42492],[70.10971,24.3049],[69.97204,24.16522],[69.67056,24.18871],[69.56307,24.27676],[68.96264,24.25723],[68.8903,24.31947],[68.72591,24.28922],[68.72447,23.96518],[68.43156,23.96714],[68.18304,23.84211],[68.16375,23.75772],[68.27589,23.66584],[68.1574,23.60082],[68.32732,23.5869],[68.41082,23.70051],[68.63347,23.83308],[68.82163,23.8784],[68.4275,23.63142],[68.48585,23.51411],[68.42368,23.44579],[68.60694,23.32559],[68.62257,23.19156],[68.86622,23.01997],[69.23878,22.84195],[69.71583,22.74689],[69.83318,22.85847],[70.20411,22.95222],[70.39877,22.9455],[70.46713,23.12971],[70.52719,23.02359],[70.37526,22.90266],[70.17848,22.56196],[69.96209,22.53535],[69.78875,22.42316],[69.73341,22.48005],[69.61606,22.3559],[69.54786,22.45209],[69.48536,22.34756],[69.21209,22.27391],[69.20574,22.39867],[68.97438,22.40473],[68.94459,22.29507],[69.19842,21.97972],[69.62973,21.61603],[70.05445,21.15316],[70.33668,20.92707],[70.54152,20.80785],[70.84018,20.70189],[70.98243,20.71015],[71.46225,20.88532],[72.10475,21.20506],[72.1045,21.31501],[72.2422,21.48078],[72.29567,21.65388],[72.16603,21.79393],[72.02182,21.77432],[72.00416,21.85773],[72.16944,21.84138],[72.1281,21.98355],[72.30763,22.07901],[72.30649,22.22956],[72.55307,22.28246],[72.84742,22.24042],[72.74822,22.16405],[72.63445,22.2104],[72.54217,22.15672],[72.50172,21.97602],[72.62306,21.96662],[72.53207,21.71385],[72.92693,21.68496],[72.61964,21.48737],[72.56463,21.38581],[72.60613,21.26659],[72.72104,21.1988],[72.70037,21.07477],[72.86492,20.89728],[72.89894,20.73216],[72.87916,20.51244],[72.74822,20.28034],[72.65008,19.84199],[72.81804,19.17536],[72.79591,18.98493],[72.98829,18.9986],[72.89682,18.89448],[72.9817,18.87149],[72.85239,18.76992],[72.91017,18.55899],[72.90984,18.36807],[73.07398,18.22419],[72.97674,18.24258],[72.98097,18.08055],[73.12322,17.72333],[73.16529,17.41303],[73.27573,17.0786],[73.3073,16.56318],[73.44703,16.06892],[73.58758,15.9029],[73.7964,15.44888],[73.89129,15.34321],[73.94728,15.16083],[73.9131,15.07893],[74.03126,14.99531],[74.09645,14.79336],[74.26319,14.70161],[74.30055,14.52741],[74.38885,14.46271],[74.50473,14.01024],[74.584,13.90388],[74.81756,12.86176],[74.95525,12.53726],[75.13087,12.20783],[75.1937,12.02228],[75.53077,11.69367],[75.61655,11.47362],[75.69516,11.41999],[75.83277,11.09785],[75.92205,10.76557],[76.05242,10.51398],[76.24269,9.98745],[76.35922,9.91543],[76.41456,9.68268],[76.26059,9.88471],[76.31178,9.49299],[76.36297,9.32518],[76.5586,8.89069],[76.99586,8.36811],[77.3156,8.12775],[77.51092,8.076],[78.06276,8.3732],[78.12827,8.48802],[78.11459,8.6579],[78.23976,8.96556],[78.44988,9.1166],[78.61883,9.14053],[78.9568,9.27485],[79.29273,9.25031],[79.424,9.15908],[79.32008,9.32331],[79.03989,9.31468],[78.91326,9.47427],[78.98081,9.66718],[79.27906,10.03583],[79.23634,10.16657],[79.39812,10.32465],[79.58692,10.3437],[79.85133,10.28221],[79.86378,10.37873],[79.83302,11.34199],[79.6963,11.30341],[79.78598,11.42617],[79.75196,11.57697],[79.86183,12.02204],[80.15602,12.47451],[80.22869,12.67499],[80.34783,13.34907],[80.21974,13.48778],[80.1194,13.50068],[80.05299,13.61909],[80.14186,13.72895],[80.30958,13.47932],[80.22096,13.69697],[80.23715,13.83967],[80.16391,13.98798],[80.12818,14.25654],[80.19695,14.56501],[80.11069,14.70478],[80.05454,15.01415],[80.09059,15.30488],[80.26319,15.67455],[80.55388,15.88085],[80.77613,15.88426],[80.80714,15.71638],[80.89015,15.89525],[80.99887,15.84675],[81.15545,15.9855],[81.24855,16.32014],[81.41139,16.38251],[81.76295,16.32258],[81.99269,16.40843],[82.30738,16.57978],[82.36248,16.85908],[82.26791,16.8675],[82.29933,17.03034],[82.47486,17.20596],[82.71852,17.34862],[82.89682,17.40933],[83.23894,17.59296],[83.46559,17.90249],[83.61394,18.04515],[84.0774,18.27155],[84.14389,18.37482],[84.42368,18.63646],[84.87208,19.21987],[85.33668,19.57518],[85.39145,19.69062],[85.26075,19.65607],[85.20289,19.51716],[85.10288,19.52961],[85.22096,19.73603],[85.46355,19.9029],[85.57032,19.87564],[85.56324,19.7569],[85.44988,19.66669],[86.07838,19.84357],[86.39723,19.98286],[86.49513,20.18407],[86.71746,20.28693],[86.77418,20.51195],[86.99488,20.67072],[86.83725,21.17471],[86.91765,21.32738],[87.20094,21.55199],[87.70379,21.6555],[87.97047,21.83649],[88.16098,22.15656],[88.22242,22.07795],[88.14674,21.95922],[88.20379,21.80541],[88.18092,21.68496],[88.24928,21.5583],[88.35572,21.68496],[88.45631,21.62401],[88.53102,21.82412],[88.49391,21.53482],[88.57228,21.55793],[88.62403,21.77802],[88.56707,21.85082],[88.73072,22.03718],[88.68491,21.69721],[88.76246,21.55585],[88.8816,21.67202],[89.00026,21.60342],[89.08522,21.67471],[89.00953,21.90461],[89.0604,22.12987],[88.90814,22.74078],[88.94452,22.84801],[88.84277,22.96457],[88.8513,23.07513],[88.9547,23.18381],[88.71002,23.24122],[88.76789,23.46728],[88.5401,23.64995],[88.59359,23.86692],[88.71415,23.92516],[88.67808,24.15429],[88.74981,24.22325],[88.47541,24.31547],[88.13879,24.49525],[88.02179,24.6456],[88.20245,24.9453],[88.31361,24.8683],[88.4258,25.05106],[88.43148,25.17304],[88.59912,25.19314],[88.92416,25.16787],[88.97532,25.30264],[88.84903,25.32719],[88.77234,25.50196],[88.53029,25.5002],[88.41944,25.65378],[88.22746,25.80427],[88.12773,25.77491],[88.0744,25.90814],[88.1638,26.14047],[88.3087,26.2061],[88.46114,26.45389],[88.31387,26.48154],[88.39789,26.55869],[88.65627,26.41513],[88.808,26.23344],[89.03971,26.24719],[88.89187,26.36878],[88.95016,26.43694],[89.09573,26.33452],[89.13159,26.13376],[89.35148,25.99686],[89.54909,25.96886],[89.56278,26.14259],[89.65838,26.20786],[89.83439,25.93175],[89.78695,25.83915],[89.83439,25.63477],[89.79502,25.37416],[89.90813,25.29691],[90.36464,25.14999],[90.73796,25.16942],[90.82198,25.14229],[91.2357,25.20193],[91.47104,25.13392],[92.00175,25.18296],[92.30354,25.07429],[92.45806,24.95328],[92.38075,24.8367],[92.25218,24.90298],[92.10759,24.40598],[91.92186,24.34451],[91.8645,24.15059],[91.73293,24.23428],[91.55868,24.08967],[91.36303,24.09985],[91.33906,23.99523],[91.21627,23.90839],[91.14082,23.6121],[91.22733,23.46878],[91.3005,23.14231],[91.37089,23.06278],[91.37213,23.26189],[91.4636,23.18412],[91.58607,22.94447],[91.79556,23.0895],[91.74368,23.27233],[91.94078,23.49518],[91.93664,23.72354],[92.00351,23.64742],[92.15079,23.73165],[92.2528,23.60931],[92.35687,23.28912],[92.35222,22.96033],[92.49588,22.69562],[92.57702,22.16867],[92.57588,21.97757],[92.68378,22.15431],[92.8539,22.02414],[92.97896,21.99535],[93.02453,22.2019],[93.14174,22.18728],[93.16592,22.38659],[93.09915,22.51196],[93.07952,22.77272],[93.17553,22.88171],[93.13822,23.00526],[93.29883,23.01795],[93.3749,23.12973],[93.43236,23.64732],[93.3748,23.73902],[93.30297,24.04114],[93.36829,24.07848],[93.45665,23.95996],[93.6124,24.00905],[93.80371,23.93606],[93.99791,23.91697],[94.09971,23.84263],[94.19025,23.99528],[94.28999,24.31676],[94.51633,24.70495],[94.5895,24.74725],[94.70857,25.02589],[94.68914,25.13852],[94.55013,25.24528],[94.608,25.39463],[94.76438,25.49168],[95.00881,25.73714],[95.00064,25.92204],[95.15123,26.04994],[95.04632,26.24796],[95.04064,26.47559],[95.20487,26.66757],[95.39266,26.69176],[95.48981,26.81072],[95.5913,26.82374],[95.77796,26.99515],[95.88886,27.02703],[96.01319,27.1908],[96.14259,27.25751],[96.51094,27.2925],[96.5869,27.35358],[96.75888,27.34174],[96.8427,27.18852],[97.02677,27.09147],[97.13477,27.12734],[96.90512,27.40841],[96.87019,27.61909],[97.22293,27.89972],[97.33352,27.89416],[97.2929,28.09508],[97.3235,28.21748],[97.11555,28.36656],[96.93396,28.33662],[96.71692,28.43654],[96.56152,28.44729],[96.36964,28.37812],[96.30185,28.42071],[96.59801,28.70991],[96.45761,28.99459],[96.36657,29.03654],[96.19532,28.94111],[96.17463,29.10885],[96.31643,29.17186],[96.3371,29.27971],[96.20542,29.25695],[96.14197,29.36847],[95.74478,29.34043],[95.71717,29.21828],[95.51534,29.20943],[95.48758,29.06899],[95.36741,29.0365],[95.04767,29.14081],[94.77657,29.1667],[94.63043,29.31945],[94.39644,29.20708],[94.27079,29.09793],[94.34731,29.02435],[94.25018,28.93311],[93.99202,28.84465],[93.92779,28.68275],[93.86308,28.70487],[93.44621,28.67189],[93.31717,28.60346],[93.18629,28.432],[93.20783,28.34054],[92.97492,28.28231],[92.65484,28.10583],[92.73639,27.98591],[92.57498,27.84781],[92.40442,27.85383],[92.30385,27.78616],[92.23957,27.86528],[92.06488,27.76172],[91.86491,27.72999],[91.82659,27.80763],[91.62834,27.85269],[91.57987,27.65798],[91.65738,27.47915],[91.97509,27.47243],[92.08485,27.30423],[91.99586,27.15803],[92.08392,26.93732],[92.03586,26.85485],[91.89313,26.88136],[91.70213,26.80348],[91.52065,26.79759],[91.40634,26.86952],[91.27601,26.77408],[91.19819,26.80234],[90.71708,26.76705],[90.58778,26.78007],[90.38263,26.8918],[90.17742,26.83206],[90.08916,26.74173],[89.81729,26.6962],[89.34166,26.85433],[89.0965,26.82141],[88.88644,26.97898],[88.73007,27.15095],[88.89233,27.31554],[88.77358,27.40851],[88.74102,27.54571],[88.85388,27.84368],[88.81771,27.99473],[88.61049,28.10583],[88.37877,27.98263],[88.11574,27.94726],[88.11822,27.86089],[88.15966,27.77412],[88.02334,27.49491],[88.03512,27.32257],[87.97073,27.10274],[88.07688,26.99179],[88.16907,26.744],[88.07419,26.45394],[87.97549,26.36656],[87.87069,26.46071],[87.58698,26.37803],[87.38421,26.41865],[87.32623,26.35333],[87.08329,26.43208],[87.04133,26.58019],[86.7136,26.41457],[86.28443,26.61202],[86.20288,26.58458],[86.01137,26.65445],[85.82161,26.57171],[85.71289,26.65321],[85.68777,26.81185],[85.59858,26.85438],[85.28728,26.73697],[85.16202,26.85102],[85.01856,26.8458],[84.92405,26.95567],[84.64024,27.02838],[84.65765,27.20341],[84.57704,27.32903],[84.28941,27.37611],[84.0796,27.50954],[84.00767,27.44081],[83.83409,27.43404],[83.8546,27.34505],[83.59043,27.45662],[83.36099,27.4622],[83.30487,27.33193],[83.13279,27.44422],[82.75214,27.49496],[82.65214,27.70415],[82.40193,27.67718],[82.05161,27.90517],[81.8832,27.84905],[81.45821,28.07728],[81.30706,28.12381],[81.14634,28.37225],[81.00041,28.397],[80.64834,28.61975],[80.49755,28.67014],[80.49341,28.57565],[80.34975,28.62022],[80.03639,28.83703],[80.13261,29.11021],[80.23307,29.13931],[80.28009,29.31015],[80.21374,29.41689],[80.3852,29.60484],[80.36898,29.75793],[80.47615,29.80614],[80.88388,30.21041],[80.99602,30.19697],[80.97602,30.25521],[80.72306,30.39205],[80.32588,30.54651],[80.17984,30.55948],[80.23141,30.72495],[80.06253,30.78479],[79.8335,30.96152],[79.57781,30.93837],[79.40159,31.02364],[79.23832,31.32966],[79.07021,31.46138],[78.92101,31.26969],[78.73848,31.33499],[78.69952,31.51002],[78.81889,31.60737],[78.67089,31.77052],[78.74458,31.9642],[78.45798,32.22966],[78.45219,32.41678],[78.38098,32.52804],[78.71326,32.63752],[78.77145,32.46166],[78.91129,32.35475],[79.07531,32.37079],[79.11293,32.47239],[79.32047,32.59227],[79.4435,32.53477],[79.62067,32.72872],[79.41409,32.97205],[79.37317,33.11214],[79.42008,33.27517],[79.09803,33.28766],[78.82426,33.46106],[78.73011,34.07927],[78.97619,34.21716],[78.92214,34.3723],[78.60733,34.54647],[78.37943,34.57867],[78.27319,34.65887],[78.13004,35.05543],[78.00116,35.26891],[78.05563,35.45288],[77.88313,35.43107],[77.80035,35.49541]]],[[[93.92026,7.02432],[93.81398,7.24185],[93.67644,7.18187],[93.64918,7.01309],[93.71754,6.99262],[93.83424,6.74555],[93.8899,6.80097],[93.92026,7.02432]]],[[[93.73121,7.36937],[93.69695,7.44505],[93.59401,7.31477],[93.64422,7.25751],[93.73121,7.36937]]],[[[93.42945,7.95527],[93.30502,7.94994],[93.45444,7.86929],[93.42945,7.95527]]],[[[93.53191,8.03474],[93.52345,8.22582],[93.44654,8.1645],[93.53191,8.03474]]],[[[92.58509,10.77127],[92.52759,10.89547],[92.37672,10.78402],[92.37806,10.54133],[92.51303,10.50797],[92.57421,10.58062],[92.58509,10.77127]]],[[[93.05275,13.28388],[93.04249,13.57123],[92.94549,13.53693],[92.84116,13.3249],[92.86402,13.2355],[92.8003,12.85782],[92.73748,12.8072],[92.78321,12.66498],[92.72169,12.59943],[92.71778,12.36249],[92.79265,12.20767],[92.68181,12.21963],[92.62135,11.87495],[92.53972,11.89444],[92.56031,11.74136],[92.71697,11.49445],[92.79689,11.86514],[92.7575,12.07746],[92.89161,12.20083],[92.99057,12.51923],[92.93702,13.06708],[93.01954,13.03364],[93.05275,13.28388]]],[[[88.05055,21.70539],[88.13006,21.62592],[88.14674,21.86986],[88.05055,21.70539]]]]},"properties":{"ISO_A2":"IN","ISO_A2_EH":"IN","ADM0_A3":"IND","ISO_A3":"IND","ADMIN":"India"}},
{"type":"Feature","geometry":{"type":"MultiPolygon","coordinates":[[[[77.80035,35.49541],[77.88313,35.43107],[78.05563,35.45288],[78.00116,35.26891],[78.13004,35.05543],[78.27319,34.65887],[78.37943,34.57867],[78.60733,34.54647],[78.92214,34.3723],[78.97619,34.21716],[78.73011,34.07927],[78.82426,33.46106],[79.09803,33.28766],[79.42008,33.27517],[79.37317,33.11214],[79.41409,32.97205],[79.62067,32.72872],[79.4435,32.53477],[79.32047,32.59227],[79.11293,32.47239],[79.07531,32.37079],[78.91129,32.35475],[78.77145,32.46166],[78.71326,32.63752],[78.38098,32.52804],[78.45219,32.41678],[78.45798,32.22966],[78.74458,31.9642],[78.67089,31.77052],[78.81889,31.60737],[78.69952,31.51002],[78.73848,31.33499],[78.92101,31.26969],[79.07021,31.46138],[79.23832,31.32966],[79.40159,31.02364],[79.57781,30.93837],[79.8335,30.96152],[80.06253,30.78479],[80.23141,30.72495],[80.17984,30.55948],[80.32588,30.54651],[80.72306,30.39205],[80.97602,30.25521],[80.99602,30.19697],[81.09777,30.01693],[81.19451,30.00448],[81.32241,30.13377],[81.38752,30.37391],[81.48307,30.3319],[81.59159,30.41427],[81.77902,30.35805],[82.08877,30.33009],[82.14453,30.06943],[82.54181,29.92324],[82.83658,29.65979],[82.9759,29.66403],[83.07956,29.57964],[83.16209,29.62517],[83.32797,29.48502],[83.51705,29.19171],[83.65601,29.16078],[83.88344,29.28201],[84.09914,29.247],[84.23143,29.02598],[84.23515,28.90002],[84.354,28.86129],[84.45085,28.73388],[84.60722,28.6982],[84.67776,28.60441],[84.91872,28.53568],[85.05494,28.63869],[85.16801,28.58319],[85.07758,28.43568],[85.08021,28.31879],[85.34536,28.26125],[85.61181,28.25115],[85.69294,28.33522],[85.84828,28.15893],[85.98026,27.88517],[86.11286,27.9268],[86.06873,28.07676],[86.15596,28.15653],[86.20304,28.00258],[86.43884,27.91086],[86.54415,28.09302],[86.66198,28.10684],[86.7398,28.0215],[87.03053,27.93809],[87.1558,27.8258],[87.53159,27.8368],[87.72682,27.80776],[87.82588,27.90657],[88.11822,27.86089],[88.11574,27.94726],[88.37877,27.98263],[88.61049,28.10583],[88.81771,27.99473],[88.85388,27.84368],[88.74102,27.54571],[88.77358,27.40851],[88.89233,27.31554],[88.99702,27.33087],[88.95106,27.43314],[89.05095,27.60828],[89.12736,27.62729],[89.22492,27.80781],[89.33603,27.86908],[89.56149,28.13464],[89.75584,28.18438],[89.86292,28.29579],[90.22559,28.3584],[90.58773,28.2333],[90.47523,28.07234],[90.6839,28.08707],[91.09256,27.97168],[91.29017,28.09141],[91.41884,27.99473],[91.62173,27.95072],[91.62834,27.85269],[91.82659,27.80763],[91.86491,27.72999],[92.06488,27.76172],[92.23957,27.86528],[92.30385,27.78616],[92.40442,27.85383],[92.57498,27.84781],[92.73639,27.98591],[92.65484,28.10583],[92.97492,28.28231],[93.20783,28.34054],[93.18629,28.432],[93.31717,28.60346],[93.44621,28.67189],[93.86308,28.70487],[93.92779,28.68275],[93.99202,28.84465],[94.25018,28.93311],[94.34731,29.02435],[94.27079,29.09793],[94.39644,29.20708],[94.63043,29.31945],[94.77657,29.1667],[95.04767,29.14081],[95.36741,29.0365],[95.48758,29.06899],[95.51534,29.20943],[95.71717,29.21828],[95.74478,29.34043],[96.14197,29.36847],[96.20542,29.25695],[96.3371,29.27971],[96.31643,29.17186],[96.17463,29.10885],[96.19532,28.94111],[96.36657,29.03654],[96.45761,28.99459],[96.59801,28.70991],[96.30185,28.42071],[96.36964,28.37812],[96.56152,28.44729],[96.71692,28.43654],[96.93396,28.33662],[97.11555,28.36656],[97.3235,28.21748],[97.44783,28.2976],[97.54622,28.53847],[97.67045,28.51128],[97.74001,28.38261],[97.85907,28.37013],[98.11869,28.14079],[98.10712,27.97307],[98.2947,27.53662],[98.38328,27.55579],[98.41025,27.68425],[98.67928,27.57734],[98.70419,27.30417],[98.67256,27.1756],[98.73778,27.04869],[98.71452,26.86203],[98.75555,26.62504],[98.64218,26.25452],[98.70553,26.17494],[98.54554,26.10564],[98.6924,25.87899],[98.61003,25.8006],[98.50947,25.83806],[98.33263,25.56697],[98.14009,25.61146],[98.10836,25.38889],[97.88894,25.20565],[97.82362,25.26161],[97.70332,24.96042],[97.77298,24.85469],[97.53609,24.74503],[97.51956,24.43078],[97.63986,24.43929],[97.71841,24.27767],[97.70766,24.1253],[97.51646,23.94283],[97.63707,23.86356],[97.88997,24.02262],[98.18153,24.11866],[98.50327,24.12127],[98.58523,24.07572],[98.86573,24.14569],[98.85622,24.0838],[98.66326,23.96955],[98.66367,23.79695],[98.77788,23.7693],[98.85736,23.60435],[98.78087,23.53285],[98.8896,23.40679],[98.85901,23.17939],[99.02644,23.16045],[99.21661,23.05738],[99.31407,23.12647],[99.49308,23.05738],[99.53804,22.92643],[99.41339,22.93075],[99.30797,22.74518],[99.35779,22.49548],[99.24307,22.39316],[99.14447,22.15353],[99.25289,22.10279],[99.43861,22.12423],[99.94241,22.04553],[99.95026,21.72116],[100.14632,21.64922],[100.08999,21.52892],[100.18715,21.42789],[100.32652,21.52427],[100.45669,21.45502],[100.70396,21.51641],[100.87749,21.67733],[101.11887,21.75981],[101.15902,21.55269],[101.209,21.24553],[101.2753,21.17411],[101.49513,21.24284],[101.71791,21.13447],[101.81227,21.25814],[101.7225,21.30423],[101.73475,21.5544],[101.80384,21.62592],[101.75108,21.81614],[101.6068,21.9676],[101.51823,22.22821],[101.60613,22.28484],[101.65455,22.44613],[101.78488,22.47222],[101.86792,22.37884],[102.01458,22.44607],[102.11866,22.39755],[102.21803,22.41068],[102.44272,22.76518],[102.84517,22.58524],[102.98909,22.4376],[103.142,22.5378],[103.30964,22.78794],[103.51428,22.58736],[103.64693,22.79905],[103.86682,22.57542],[103.98536,22.52715],[104.02381,22.71918],[104.21326,22.82502],[104.34017,22.68637],[104.55355,22.83605],[104.72821,22.8391],[104.82361,22.92413],[104.79792,23.08557],[104.87006,23.16355],[105.21754,23.26535],[105.31216,23.36581],[105.51716,23.16773],[105.55157,23.05968],[105.69032,23.04397],[105.85388,22.90465],[105.99925,22.97537],[106.20239,22.947],[106.31566,22.8538],[106.48779,22.92542],[106.66747,22.86752],[106.74664,22.74435],[106.68019,22.57945],[106.56877,22.57459],[106.52691,22.42778],[106.66293,22.2233],[106.6482,21.99551],[107.00936,21.92745],[106.98714,21.84482],[107.17235,21.71506],[107.27266,21.71831],[107.34816,21.59936],[107.83236,21.63935],[107.99122,21.48566],[108.06625,21.562],[108.25253,21.59528],[108.32154,21.70966],[108.42001,21.55687],[108.51881,21.59553],[108.44874,21.86579],[108.63551,21.88418],[108.57138,21.81281],[108.75156,21.65013],[108.85524,21.68496],[108.97023,21.60635],[109.13575,21.60297],[109.03981,21.45026],[109.13868,21.4016],[109.53077,21.49165],[109.57277,21.58173],[109.49269,21.69855],[109.56772,21.76],[109.608,21.5751],[109.74147,21.47403],[109.94443,21.49311],[109.92408,21.36278],[109.76572,21.35594],[109.7732,21.2154],[109.69589,21.17011],[109.66123,20.92756],[109.7732,20.82152],[109.83522,20.50625],[110.01547,20.4184],[109.8628,20.40632],[109.91456,20.24848],[110.02711,20.30077],[110.12753,20.24799],[110.39999,20.30077],[110.53419,20.47826],[110.47885,20.56769],[110.30079,20.65705],[110.36899,20.84886],[110.15675,20.84886],[110.2046,21.08222],[110.42433,21.19147],[110.63649,21.23017],[110.70485,21.34854],[111.08839,21.47264],[111.438,21.53408],[111.63046,21.52985],[111.77963,21.67544],[112.1727,21.81444],[112.24488,21.70653],[112.44321,21.82844],[112.608,21.77509],[112.82602,21.96613],[112.87941,21.87519],[113.02862,21.96115],[113.02661,22.14321],[113.08505,22.20759],[113.15747,22.0247],[113.30275,22.1833],[113.40197,22.17957],[113.16562,22.47875],[113.48375,22.15514],[113.58766,22.23788],[113.54636,22.43759],[113.59917,22.57518],[113.43955,22.73945],[113.49423,22.77485],[113.35043,22.88972],[113.63071,23.0349],[113.65358,22.75873],[113.7444,22.76118],[113.89035,22.45271],[113.9638,22.53811],[114.08237,22.52936],[114.22983,22.55581],[114.3956,22.61351],[114.51582,22.45264],[114.56332,22.73273],[114.78476,22.81586],[114.75415,22.58971],[114.88022,22.55911],[115.06548,22.79599],[115.42413,22.76199],[115.37351,22.69418],[115.57522,22.66834],[115.52394,22.74177],[115.68247,22.88817],[115.82596,22.74664],[116.29849,22.96325],[116.49469,22.93935],[116.61151,23.23873],[116.64676,23.16299],[116.74864,23.32629],[116.58798,23.31611],[116.52174,23.4112],[116.77322,23.34943],[116.86663,23.45023],[116.90895,23.65461],[117.06841,23.65127],[117.08423,23.55061],[117.26365,23.65543],[117.29257,23.7895],[117.46348,23.78829],[117.58237,23.88931],[117.59167,23.73706],[117.75709,24.07026],[117.89365,24.02802],[117.96787,24.15982],[118.12648,24.26203],[118.04746,24.39908],[117.90732,24.38491],[117.79127,24.46064],[117.9961,24.44697],[118.16049,24.69343],[118.21901,24.54145],[118.42807,24.63133],[118.64658,24.56843],[118.76393,24.7517],[118.61988,24.84357],[118.66774,24.95344],[118.71608,24.84357],[118.99733,24.95344],[118.85768,25.09805],[118.98365,25.28303],[119.10179,25.19663],[119.28883,25.18911],[119.27784,25.33023],[119.10255,25.42032],[119.35629,25.60004],[119.36598,25.5207],[119.57626,25.46284],[119.44907,25.68716],[119.57993,25.68],[119.58302,25.82022],[119.7024,25.98505],[119.56642,26.05024],[119.44093,25.96381],[119.24684,25.96723],[119.21583,26.10008],[119.45851,25.98249],[119.6736,26.2805],[119.87745,26.31338],[119.82578,26.42695],[119.6819,26.31713],[119.65366,26.49803],[119.76197,26.40746],[119.78492,26.57783],[119.59986,26.57038],[119.55209,26.74909],[119.69614,26.7082],[119.79835,26.84138],[119.85694,26.65351],[119.92514,26.79218],[120.07765,26.78559],[119.98414,26.65351],[120.1207,26.64606],[120.12818,26.79694],[120.02516,26.86018],[120.2374,26.92723],[120.24366,27.13272],[120.35792,27.09838],[120.51783,27.20161],[120.54591,27.40327],[120.63527,27.37971],[120.67685,27.49462],[120.59657,27.57028],[120.80749,27.83483],[120.8353,27.95596],[120.70729,28.00971],[120.96523,27.98715],[121.18409,28.38215],[121.2617,28.22579],[121.36818,28.16201],[121.39552,28.28408],[121.65634,28.3393],[121.51013,28.65706],[121.66993,28.82534],[121.49781,28.94965],[121.68417,28.9147],[121.62143,29.11327],[121.4017,29.10651],[121.58872,29.29149],[121.65246,29.18302],[121.94296,29.19587],[121.91573,29.3907],[121.97096,29.44912],[121.91578,29.64086],[121.56964,29.47457],[121.50893,29.39835],[121.44337,29.52424],[121.70411,29.57201],[121.98304,29.82318],[122.13642,29.88454],[121.93556,29.88736],[121.67776,30.00064],[121.37738,30.32506],[121.1497,30.32575],[120.89281,30.1698],[120.7344,30.23221],[120.65167,30.35927],[120.78743,30.29363],[120.93955,30.42194],[120.97776,30.54332],[121.4106,30.76739],[121.63113,30.83656],[121.9074,30.85709],[121.97738,30.91492],[121.72516,31.28157],[121.32032,31.50483],[121.1444,31.68466],[120.74838,31.80223],[120.8248,31.8287],[120.75035,31.97834],[120.45541,32.02143],[120.22999,31.90888],[120.0064,31.95031],[119.78492,32.11433],[119.69239,32.31977],[119.81837,32.31371],[119.99204,32.01586],[120.2671,31.94868],[120.49076,32.08245],[120.8108,32.02261],[120.97782,31.81437],[121.11509,31.79633],[121.28642,31.89059],[121.81731,31.69095],[121.92206,31.75438],[121.82195,31.95249],[121.65537,32.06293],[121.44337,32.11433],[121.36671,32.23896],[121.38941,32.38495],[121.12021,32.50739],[120.86387,32.67106],[120.89576,33.01358],[120.83375,33.02562],[120.75026,33.2696],[120.48374,33.64997],[120.25709,34.31184],[119.93995,34.45791],[119.64096,34.55052],[119.34669,34.78083],[119.19223,34.71821],[119.20729,35.04841],[119.358,35.09711],[119.42872,35.32148],[119.55152,35.38003],[119.64796,35.58393],[119.90455,35.62458],[119.93776,35.76114],[120.18898,35.94526],[120.10019,36.0961],[120.11728,36.20966],[120.36158,36.19164],[120.35353,36.04084],[120.69679,36.14399],[120.64365,36.3225],[120.75058,36.45917],[120.86744,36.37718],[120.94996,36.45917],[120.8506,36.65095],[121.03248,36.5895],[121.15773,36.66861],[121.45338,36.75739],[121.63429,36.74657],[121.63746,36.83137],[122.03964,36.98461],[122.26588,36.89802],[122.31984,36.82294],[122.5254,36.94449],[122.40919,37.00629],[122.51002,37.15522],[122.62892,37.19282],[122.57081,37.34479],[122.68824,37.40982],[122.1832,37.41816],[122.12184,37.56273],[121.93784,37.46426],[121.59165,37.42447],[121.37452,37.61054],[121.1915,37.57518],[121.13795,37.70116],[120.92579,37.81928],[120.73805,37.83397],[120.30641,37.66519],[120.29762,37.59789],[120.05983,37.44042],[119.8589,37.36018],[119.89731,37.24942],[119.7706,37.15184],[119.44117,37.12055],[119.14552,37.17886],[118.97242,37.28067],[118.97665,37.61091],[119.03713,37.72209],[119.25566,37.67187],[118.8401,38.15257],[118.65487,38.1457],[118.54298,38.06835],[118.08481,38.13874],[117.71608,38.37851],[117.54355,38.62132],[117.584,38.81159],[117.75734,39.11445],[118.04538,39.21897],[118.23529,39.0531],[118.34427,39.03071],[118.61936,39.16104],[119.01564,39.18977],[119.30508,39.43298],[119.25643,39.49311],[119.33961,39.71556],[119.53559,39.89083],[119.912,39.99809],[119.95028,40.0565],[120.43605,40.19449],[120.54567,40.40241],[120.79843,40.59968],[120.82532,40.67403],[121.17579,40.92231],[121.36134,40.93964],[121.57504,40.8415],[121.85109,40.83226],[122.04908,40.74608],[122.30185,40.50235],[121.99147,40.187],[121.87379,39.9914],[121.5359,39.86176],[121.45729,39.74848],[121.54737,39.67316],[121.2234,39.52863],[121.43605,39.50861],[121.54892,39.36188],[121.7798,39.37149],[121.59262,39.19221],[121.67408,39.08804],[121.33432,38.96857],[121.11793,38.94343],[121.15309,38.72761],[121.34474,38.81464],[121.70485,38.87311],[121.59213,38.94868],[121.77247,39.02196],[121.85987,38.94465],[122.12745,39.142],[122.115,39.20075],[122.39633,39.41104],[122.5879,39.46699],[123.00913,39.68049],[123.17433,39.66576],[123.38673,39.78962],[123.5914,39.78433],[123.63095,39.904],[123.72006,39.83055],[124.11818,39.83316],[124.28671,39.92935],[124.36997,40.09829],[124.89551,40.48363],[125.41325,40.63179],[125.56007,40.77834],[125.76093,40.88567],[126.01534,40.90913],[126.14742,41.09227],[126.2607,41.14312],[126.5013,41.43437],[126.61788,41.66593],[126.78862,41.69591],[126.9298,41.80104],[127.09723,41.61245],[127.26906,41.50496],[127.54289,41.49132],[127.63834,41.42988],[128.00142,41.47086],[128.14611,41.37634],[128.303,41.58341],[128.03997,41.87959],[128.03459,41.99374],[128.26197,42.03286],[128.50237,41.99609],[128.72096,42.04759],[128.90348,42.02627],[129.21116,42.21996],[129.2431,42.37871],[129.34015,42.44547],[129.53517,42.36956],[129.70333,42.44237],[129.76131,42.74605],[129.85174,42.9619],[130.12149,42.98185],[130.23901,42.90224],[130.24304,42.74336],[130.53077,42.53048],[130.58452,42.5689],[130.40716,42.73538],[130.76952,42.86581],[130.99245,42.84873],[131.10304,42.91043],[131.08547,43.0421],[131.28091,43.38022],[131.16691,43.52107],[131.17032,43.7811],[131.26447,44.05421],[131.06583,44.68203],[130.93343,44.84171],[131.4195,44.95896],[131.60905,45.0897],[131.62776,45.19848],[131.81803,45.33279],[131.96965,45.23383],[132.95336,45.02439],[133.11542,45.12304],[133.14022,45.43542],[133.42517,45.58042],[133.51436,45.87927],[133.65813,45.93451],[133.68737,46.14184],[133.90245,46.25899],[133.84933,46.48029],[133.98803,46.62517],[134.12425,47.07051],[134.22729,47.11775],[134.15412,47.25789],[134.29281,47.40972],[134.48464,47.43018],[134.77258,47.71073],[134.56722,48.04038],[134.70085,48.26153],[134.38635,48.38134],[133.72127,48.24476],[133.46372,48.08952],[133.09196,48.10678],[132.82066,47.94237],[132.67462,47.95061],[132.52466,47.70753],[131.57743,47.66856],[131.41837,47.74262],[131.02335,47.68228],[130.90698,47.88426],[130.68239,48.05035],[130.82212,48.33377],[130.7443,48.49733],[130.63929,48.47725],[130.53325,48.63579],[130.67433,48.87082],[130.24934,48.86451],[129.91344,49.03954],[129.71118,49.27415],[129.57176,49.27984],[129.50241,49.41078],[129.36206,49.34981],[129.08786,49.35208],[129.01459,49.43109],[128.75021,49.48453],[128.79692,49.57248],[128.38351,49.57935],[128.09247,49.54158],[127.83088,49.59387],[127.50811,49.82234],[127.48667,50.02563],[127.57839,50.22055],[127.33066,50.3282],[127.36481,50.55475],[127.28735,50.75101],[126.93177,51.06378],[126.91632,51.23277],[126.80898,51.28907],[126.90195,51.401],[126.67514,51.58838],[126.64791,51.74126],[126.44606,51.98254],[126.53117,52.15266],[126.31671,52.19976],[126.43929,52.27529],[126.21233,52.53305],[125.97317,52.63157],[126.06862,52.67989],[125.73355,52.98165],[125.12743,53.20655],[124.88042,53.17252],[124.4082,53.23569],[124.23271,53.38165],[123.61429,53.56335],[123.5419,53.5141],[123.25256,53.56779],[122.85966,53.47395],[122.33784,53.49131],[121.88897,53.43059],[121.20349,53.27675],[120.87426,53.28016],[120.28018,52.86592],[120.03296,52.76066],[120.05642,52.60051],[120.42994,52.63609],[120.72398,52.54217],[120.62616,52.34681],[120.77917,52.1176],[120.6476,51.91102],[120.56632,51.90533],[120.1082,51.66519],[119.74828,51.0834],[119.51796,50.9048],[119.49666,50.73706],[119.29358,50.59924],[119.14123,50.37662],[119.3529,50.34551],[119.31621,50.09265],[119.09168,49.98656],[118.64437,49.95458],[118.16863,49.67149],[117.75884,49.51274],[117.47286,49.61429],[117.05759,49.67289],[116.68428,49.82327],[116.03781,48.87015],[116.02819,48.76746],[115.8004,48.53037],[115.80929,48.27395],[115.51453,48.1221],[115.56187,47.9332],[115.8527,47.70557],[115.9729,47.70905],[116.24389,47.86289],[116.49969,47.83636],[116.85326,47.87212],[117.06968,47.81016],[117.36083,47.65087],[117.74168,47.97759],[118.18248,48.02821],[118.54225,47.96625],[118.76741,47.75616],[119.08346,47.66156],[119.2819,47.41486],[119.69996,47.15953],[119.77014,46.993],[119.89292,46.90551],[119.90419,46.70893],[119.68012,46.59163],[119.31693,46.61168],[118.81624,46.75818],[118.72007,46.67674],[118.23829,46.71539],[117.69621,46.51225],[117.55627,46.6016],[117.3938,46.57137],[117.30171,46.35014],[116.80458,46.38291],[116.60356,46.30932],[116.35717,46.10556],[116.2132,45.90816],[116.16989,45.7091],[116.01197,45.67856],[115.63783,45.44436],[115.33728,45.3947],[114.93886,45.37377],[114.73732,45.42503],[114.53371,45.3855],[114.41889,45.20148],[114.05529,44.94057],[113.88931,44.90827],[113.63506,44.74626],[113.10486,44.79437],[112.61424,44.90884],[112.44133,45.05239],[112.01149,45.08748],[111.73853,44.9663],[111.55136,44.69319],[111.39644,44.3466],[111.63446,44.06594],[111.83879,43.93879],[111.93335,43.69664],[111.75383,43.6632],[111.59725,43.52339],[111.09609,43.36666],[110.93372,43.28777],[110.40673,42.76861],[110.07486,42.64352],[109.66734,42.54898],[109.48513,42.4493],[108.99446,42.44953],[108.79685,42.39837],[108.17736,42.45431],[106.76783,42.28662],[105.86861,41.99348],[105.27448,41.75546],[105.01481,41.59614],[104.89234,41.64477],[104.49799,41.66578],[104.50078,41.8706],[103.72099,41.75557],[103.07348,42.00452],[102.03416,42.18461],[101.6376,42.51544],[101.21871,42.52983],[100.01698,42.67652],[99.47448,42.5642],[98.66223,42.64362],[97.19327,42.78726],[96.47466,42.73215],[96.35064,42.74091],[96.29431,42.93327],[95.90849,43.21455],[95.83284,43.4089],[95.51027,43.97913],[95.32755,44.00667],[95.37943,44.28712],[95.03681,44.25497],[94.69823,44.3435],[94.58806,44.4361],[94.33846,44.51212],[94.19501,44.65433],[93.92742,44.67293],[93.714,44.87458],[93.52528,44.95126],[92.75272,45.03798],[92.47511,44.99746],[92.19368,45.01451],[92.0094,45.07622],[91.66296,45.05953],[91.45605,45.13745],[91.24914,45.1297],[91.13504,45.19786],[90.87324,45.18618],[90.73796,45.44172],[90.65114,45.49314],[90.71077,45.7522],[91.00244,46.02184],[90.89619,46.30203],[91.0475,46.56641],[91.00481,46.74043],[90.82818,46.9823],[90.71212,47.0147],[90.46872,47.30892],[90.3448,47.65864],[90.08285,47.7561],[90.04461,47.87977],[89.7513,47.82432],[89.5418,48.03102],[89.04555,47.99299],[88.93233,48.09696],[88.58077,48.21199],[88.56512,48.34299],[87.94283,48.59949],[88.06385,48.68261],[87.80589,48.80059],[87.7569,48.92037],[87.8726,48.96802],[87.81632,49.16584],[87.3238,49.08527],[87.11632,49.12977],[86.88734,49.10682],[86.7275,48.99034],[86.78946,48.83914],[86.7445,48.70354],[86.56508,48.52732],[86.19203,48.41823],[85.78368,48.40759],[85.58638,48.14125],[85.51538,47.92028],[85.67036,47.38434],[85.65966,47.20653],[85.49864,47.05183],[85.20511,47.03372],[84.91604,46.85055],[84.76711,46.81807],[84.66355,46.98385],[83.90535,46.97396],[83.52449,47.0671],[83.15036,47.21154],[83.01352,47.19459],[82.98551,46.94251],[82.83895,46.73245],[82.67436,46.33113],[82.56827,46.19651],[82.48895,45.9017],[82.29149,45.53319],[82.61571,45.43542],[82.58522,45.17683],[82.47582,45.1157],[82.29459,45.2282],[81.95012,45.14448],[81.80728,45.18872],[81.73928,45.33806],[80.85386,45.1265],[80.69712,45.14365],[80.40639,45.05663],[80.06171,45.01896],[79.85821,44.90372],[79.99174,44.79365],[80.21829,44.81809],[80.47615,44.73541],[80.35585,44.65288],[80.3451,44.1031],[80.71273,43.45887],[80.64286,43.32622],[80.78786,43.12804],[80.57589,43.11941],[80.36815,43.02846],[80.55449,42.89893],[80.22749,42.79098],[80.14005,42.62296],[80.26841,42.23797],[80.21033,42.18952],[80.18191,42.02098],[79.84291,42.00183],[79.74751,41.87975],[79.411,41.77859],[79.30413,41.78755],[78.67213,41.53845],[78.3599,41.37753],[78.35969,41.28746],[78.07496,41.03951],[77.8667,41.06406],[77.47489,40.98205],[77.00773,41.04421],[76.76682,40.94469],[76.62419,40.62755],[76.44911,40.41552],[76.31351,40.34333],[76.24416,40.4412],[75.92149,40.30912],[75.68182,40.2917],[75.58767,40.61194],[75.48183,40.61411],[75.19389,40.44125],[74.83536,40.51164],[74.86213,40.32617],[74.70576,40.33129],[74.36986,40.10582],[74.00399,40.06081],[73.82302,39.80568],[73.92678,39.59288],[73.82074,39.46819],[73.63264,39.44834],[73.60226,39.23577],[73.81599,38.99377],[73.6837,38.85494],[73.79739,38.60284],[74.0289,38.52724],[74.1091,38.66229],[74.3342,38.667],[74.77635,38.51067],[74.83825,38.37942],[74.77107,38.29154],[74.79071,38.08145],[74.89282,37.99401],[74.88321,37.84387],[74.96517,37.76746],[74.89189,37.59921],[75.16413,37.40064],[74.89231,37.23111],[74.72146,37.29778],[74.48727,37.22595],[74.38257,37.12657],[74.54235,37.02167],[74.66245,37.05448],[74.9105,36.96255],[75.10015,36.99412],[75.3513,36.91578],[75.41052,36.74732],[75.57051,36.76675],[75.79055,36.68784],[75.97658,36.46263],[76.01441,36.2304],[75.89431,36.09738],[76.06143,35.9916],[76.16603,35.80624],[76.40312,35.83099],[76.53717,35.90251],[76.57076,35.75126],[76.77735,35.64611],[77.41277,35.46941],[77.80035,35.49541]]],[[[111.01051,19.68378],[110.93458,19.99506],[110.78834,20.0104],[110.67791,20.16356],[110.56414,19.98452],[110.38299,20.08104],[110.15699,20.06737],[109.99008,19.90595],[109.94264,19.99091],[109.83546,19.93085],[109.71901,20.01065],[109.52703,19.95136],[109.46502,19.83405],[109.30372,19.9217],[109.16684,19.80549],[109.20493,19.71857],[109.01588,19.60126],[108.62696,19.27497],[108.62745,18.83588],[108.69361,18.71987],[108.695,18.50483],[108.79558,18.48656],[109.16261,18.28783],[109.43995,18.28897],[109.56121,18.16934],[109.72657,18.30378],[109.7461,18.3959],[109.99252,18.44306],[110.05258,18.3902],[110.10328,18.53937],[110.27084,18.66816],[110.42677,18.68089],[110.43149,18.82148],[110.51336,18.9064],[110.66969,19.38174],[111.01051,19.68378]]],[[[112.84401,21.77432],[112.71559,21.68024],[112.79965,21.57909],[112.84401,21.77432]]],[[[117.07154,23.47309],[116.94299,23.43006],[117.12878,23.39937],[117.07154,23.47309]]],[[[117.4689,23.75309],[117.32048,23.57402],[117.43156,23.58263],[117.4689,23.75309]]],[[[121.25553,28.14],[121.23059,28.21973],[121.12037,28.13569],[121.15157,28.04123],[121.25553,28.14]]],[[[119.88071,32.12519],[119.83286,32.25214],[119.792,32.12177],[119.88071,32.12519]]],[[[121.42254,39.47451],[121.26588,39.43358],[121.4336,39.38581],[121.42254,39.47451]]],[[[110.54754,21.03726],[110.28736,21.07445],[110.26661,20.97264],[110.54754,21.03726]]],[[[110.61695,21.19147],[110.41774,21.17845],[110.5652,21.11262],[110.61695,21.19147]]],[[[119.84653,25.53632],[119.78175,25.65917],[119.66847,25.48786],[119.75734,25.40493],[119.84653,25.53632]]],[[[122.32749,30.02448],[122.08741,30.14753],[121.97462,30.14802],[122.01051,30.00031],[122.29363,29.93378],[122.32749,30.02448]]],[[[121.84408,31.60795],[121.66322,31.65235],[121.4753,31.77077],[121.26407,31.84108],[121.17629,31.78432],[121.31446,31.65559],[121.57154,31.52936],[121.85137,31.43918],[121.98009,31.5403],[121.84408,31.60795]]],[[[113.54676,22.74188],[113.47654,22.73127],[113.62802,22.59579],[113.54676,22.74188]]]]},"properties":{"ISO_A2":"CN","ISO_A2_EH":"CN","ADM0_A3":"CHN","ISO_A3":"CHN","ADMIN":"China"}},
{"type":"Feature","geometry":{"type":"Polygon","coordinates":[[[34.24835,31.21145],[34.48041,30.65121],[34.53384,30.40021],[34.59947,30.34451],[34.82437,29.7417],[34.88673,29.49006],[34.95558,29.55899],[35.14528,30.15491],[35.14001,30.43019],[35.20532,30.6171],[35.43849,31.10374],[35.3957,31.25768],[35.45813,31.49193],[35.16491,31.36227],[34.92741,31.34491],[34.86715,31.39643],[34.97361,31.63037],[35.26494,31.82627],[35.03432,31.86111],[34.95822,32.18645],[35.06435,32.46314],[35.20863,32.54264],[35.39291,32.49448],[35.40686,32.41479],[35.56096,32.38472],[35.56272,32.64421],[35.75759,32.74435],[35.88807,32.94494],[35.76384,33.3344],[35.8211,33.40672],[35.60385,33.24009],[35.54949,33.28102],[35.48014,33.08739],[35.10524,33.08902],[35.06276,32.85834],[34.94752,32.81415],[34.83766,32.28071],[34.71193,31.95161],[34.4812,31.58314],[34.55603,31.53983],[34.36734,31.39281],[34.24835,31.21145]]]},"properties":{"ISO_A2":"IL","ISO_A2_EH":"IL","ADM0_A3":"ISR","ISO_A3":"ISR","ADMIN":"Israel"}},
{"type":"Feature","geometry":{"type":"MultiPolygon","coordinates":[[[[34.4812,31.58314],[34.20027,31.31427],[34.24835,31.21145],[34.36734,31.39281],[34.55603,31.53983],[34.4812,31.58314]]],[[[35.56096,32.38472],[35.40686,32.41479],[35.39291,32.49448],[35.20863,32.54264],[35.06435,32.46314],[34.95822,32.18645],[35.03432,31.86111],[35.26494,31.82627],[34.97361,31.63037],[34.86715,31.39643],[34.92741,31.34491],[35.16491,31.36227],[35.45813,31.49193],[35.55941,31.76535],[35.52282,32.05784],[35.56096,32.38472]]]]},"properties":{"ISO_A2":"PS","ISO_A2_EH":"PS","ADM0_A3":"PSX","ISO_A3":"PSE","ADMIN":"Palestine"}},
{"type":"Feature","geometry":{"type":"Polygon","coordinates":[[[35.10524,33.08902],[35.48014,33.08739],[35.54949,33.28102],[35.60385,33.24009],[35.8211,33.40672],[36.03845,33.58635],[35.92156,33.6403],[36.05044,33.81644],[36.36763,33.85755],[36.26717,33.91039],[36.47522,34.0535],[36.6041,34.1991],[36.43347,34.49433],[36.3327,34.49418],[36.39119,34.62249],[35.9699,34.64985],[35.98317,34.53864],[35.82399,34.46084],[35.62721,34.20112],[35.57838,33.91669],[35.47731,33.8039],[35.34913,33.51386],[35.27101,33.45751],[35.17465,33.17015],[35.10524,33.08902]]]},"properties":{"ISO_A2":"LB","ISO_A2_EH":"LB","ADM0_A3":"LBN","ISO_A3":"LBN","ADMIN":"Lebanon"}},
{"type":"Feature","geometry":{"type":"Polygon","coordinates":[[[34.0707,9.45459],[34.11185,8.62656],[33.97077,8.44538],[33.69555,8.37288],[33.6001,8.46396],[33.17408,8.40448],[33.20829,8.25368],[32.9898,7.91724],[33.0513,7.80113],[33.3598,7.71927],[33.46233,7.7495],[33.71606,7.65716],[34.00653,7.40994],[34.03113,7.25537],[34.29758,6.96857],[34.50366,6.89002],[34.52475,6.75287],[34.73352,6.63761],[34.84472,6.24869],[34.95149,6.08118],[34.98436,5.84101],[35.09866,5.62247],[35.26196,5.51189],[35.32077,5.34872],[35.43022,5.42722],[35.68364,5.3796],[35.80911,5.30911],[35.75588,5.06344],[35.78451,4.76418],[35.92083,4.61933],[35.94047,4.50805],[36.04135,4.44368],[36.84409,4.43224],[37.11187,4.2823],[37.97673,3.72644],[38.10189,3.61265],[38.49691,3.62394],[38.89523,3.51359],[39.06793,3.52658],[39.18048,3.477],[39.43618,3.46237],[39.53633,3.40501],[39.7451,3.66058],[39.84845,3.86728],[40.76374,4.28493],[41.11452,3.96234],[41.42954,3.94888],[41.69981,3.99692],[41.88502,3.97723],[41.92347,4.07055],[42.13534,4.20008],[42.29729,4.20173],[42.78977,4.28561],[42.86894,4.32677],[42.96041,4.51737],[43.11926,4.6477],[43.52849,4.84157],[43.96898,4.95396],[44.91259,4.89939],[44.94153,4.91148],[45.93599,5.99669],[46.42392,6.49674],[47.2988,7.34038],[47.97917,7.99657],[46.97923,7.99657],[46.92053,8.02561],[45.51441,8.49654],[44.02386,8.98553],[43.6215,9.3369],[43.41903,9.41302],[43.37067,9.54423],[43.23527,9.69179],[43.18721,9.88333],[43.06769,9.92252],[42.95824,10.11556],[42.83628,10.20809],[42.77664,10.42461],[42.64725,10.63222],[42.69965,10.65855],[42.92372,10.99879],[42.77179,10.99646],[42.61562,11.08966],[42.39176,11.00589],[42.0694,10.9815],[41.95416,10.94127],[41.76131,10.9962],[41.78797,11.25973],[41.74911,11.53795],[41.80823,11.73624],[41.93639,11.82745],[42.37946,12.46591],[42.1373,12.77333],[41.94662,12.87617],[41.7118,13.24793],[41.19204,13.61586],[41.04362,13.87249],[40.8332,14.10596],[40.42165,14.27376],[40.27705,14.40457],[40.10456,14.46597],[39.91119,14.42341],[39.76691,14.50478],[39.51503,14.56782],[39.20818,14.44018],[39.07547,14.6374],[38.86608,14.49366],[38.42683,14.41718],[38.22933,14.67973],[38.0067,14.7244],[37.89146,14.87953],[37.56497,14.11669],[37.29377,14.45744],[37.12107,14.42083],[37.0727,14.28531],[36.74807,14.33207],[36.52638,14.26352],[36.43657,13.99121],[36.45817,13.82014],[36.3821,13.57103],[36.23358,13.36164],[36.11442,12.93389],[36.09943,12.69566],[35.72839,12.67437],[35.61688,12.57515],[35.21556,11.89659],[35.04823,11.77138],[35.07314,11.54896],[34.94715,11.27487],[34.98032,11.15526],[34.91428,10.96396],[34.95066,10.86918],[34.83852,10.72914],[34.58707,10.87929],[34.43731,10.79567],[34.27949,10.56551],[34.32486,10.26865],[34.30347,10.11354],[34.22192,10.02603],[34.09821,9.67972],[34.0707,9.45459]]]},"properties":{"ISO_A2":"ET","ISO_A2_EH":"ET","ADM0_A3":"ETH","ISO_A3":"ETH","ADMIN":"Ethiopia"}},
{"type":"Feature","geometry":{"type":"Polygon","coordinates":[[[35.92083,4.61933],[35.78451,4.76418],[35.75588,5.06344],[35.80911,5.30911],[35.68364,5.3796],[35.43022,5.42722],[35.32077,5.34872],[35.26196,5.51189],[35.09866,5.62247],[34.98436,5.84101],[34.95149,6.08118],[34.84472,6.24869],[34.73352,6.63761],[34.52475,6.75287],[34.50366,6.89002],[34.29758,6.96857],[34.03113,7.25537],[34.00653,7.40994],[33.71606,7.65716],[33.46233,7.7495],[33.3598,7.71927],[33.0513,7.80113],[32.9898,7.91724],[33.20829,8.25368],[33.17408,8.40448],[33.6001,8.46396],[33.69555,8.37288],[33.97077,8.44538],[34.11185,8.62656],[34.0707,9.45459],[33.90086,9.45529],[33.90489,9.7107],[33.96912,9.83834],[33.96679,10.04727],[33.9021,10.19204],[33.469,10.54391],[33.3706,10.6509],[33.14002,10.73904],[33.18209,10.84324],[33.08292,11.58457],[33.13243,11.68621],[33.14498,11.93467],[33.20922,12.21037],[32.73178,12.21616],[32.74666,12.00273],[32.08221,11.99981],[32.34524,11.70911],[32.36415,11.24001],[32.41407,11.05085],[31.94289,10.65555],[31.86418,10.47213],[31.66482,10.21424],[31.23482,9.79232],[31.16438,9.764],[30.74927,9.73576],[30.48458,9.97203],[30.01298,10.27049],[29.61543,10.05815],[29.61388,9.91446],[29.48309,9.76168],[29.25235,9.71116],[29.00947,9.60324],[28.82875,9.42747],[28.84384,9.32455],[28.04511,9.33141],[27.89507,9.59541],[27.08039,9.60683],[26.69432,9.47694],[26.55686,9.52045],[26.17947,9.95898],[25.90093,10.19106],[25.84305,10.41781],[25.47951,10.34381],[25.08408,10.29322],[24.97628,9.96735],[24.79268,9.79837],[24.78524,9.49751],[24.68018,9.37336],[24.66095,9.18228],[24.56535,9.01485],[24.55838,8.88675],[24.38009,8.84422],[24.17033,8.68933],[24.24372,8.57018],[24.13137,8.34306],[24.33209,8.24573],[24.4311,8.27141],[24.83211,8.16573],[24.95262,7.99657],[25.08956,7.8849],[25.21689,7.86407],[25.27942,7.65948],[25.16521,7.5799],[25.36003,7.33557],[26.02609,6.99668],[26.08097,6.84235],[26.37801,6.65329],[26.28964,6.38721],[26.50896,6.20546],[26.48105,6.10495],[26.60218,6.01062],[26.80506,5.95718],[26.81891,5.89463],[26.98107,5.8592],[27.1238,5.76875],[27.26074,5.55026],[27.22013,5.44088],[27.30131,5.20519],[27.4413,5.07073],[27.55272,4.90053],[27.64098,4.89094],[27.76686,4.73545],[27.77244,4.59582],[28.01403,4.55003],[28.04974,4.41914],[28.17759,4.34723],[28.30316,4.35224],[28.40414,4.27783],[28.75543,4.55399],[28.81527,4.47828],[28.98622,4.49593],[29.1735,4.348],[29.30393,4.38715],[29.44924,4.65706],[29.61853,4.64158],[29.79671,4.55603],[29.7762,4.40562],[29.93216,4.23615],[30.12269,4.10246],[30.20589,3.95038],[30.52525,3.86754],[30.54302,3.61291],[30.74694,3.67487],[30.83954,3.4902],[30.94445,3.67929],[31.14149,3.78512],[31.29502,3.77419],[31.50545,3.65986],[31.66854,3.70502],[31.78099,3.81582],[31.94366,3.59126],[32.17455,3.5209],[32.18778,3.61916],[32.3718,3.73107],[32.75643,3.76902],[33.01724,3.87718],[33.19542,3.75706],[33.53261,3.77429],[33.97708,4.21969],[34.38119,4.62016],[34.66628,4.76498],[35.4116,5.03038],[35.39612,4.92643],[35.57084,4.90431],[35.52218,4.78046],[35.61064,4.62001],[35.92083,4.61933]]]},"properties":{"ISO_A2":"SS","ISO_A2_EH":"SS","ADM0_A3":"SDS","ISO_A3":"SSD","ADMIN":"South Sudan"}},
{"type":"Feature","geometry":{"type":"Polygon","coordinates":[[[47.97917,7.99657],[47.2988,7.34038],[46.42392,6.49674],[45.93599,5.99669],[44.94153,4.91148],[44.91259,4.89939],[43.96898,4.95396],[43.52849,4.84157],[43.11926,4.6477],[42.96041,4.51737],[42.86894,4.32677],[42.78977,4.28561],[42.29729,4.20173],[42.13534,4.20008],[41.92347,4.07055],[41.88502,3.97723],[41.34273,3.20115],[40.96539,2.81415],[40.96849,1.74718],[40.96849,0.62234],[40.96849,-0.00274],[40.97975,-0.8708],[41.52287,-1.57277],[41.53509,-1.6963],[41.65211,-1.56512],[41.87387,-1.17604],[42.0809,-0.86289],[42.6478,-0.22894],[42.77027,-0.12933],[43.46762,0.62055],[43.78191,0.92162],[43.93263,1.00983],[44.14552,1.22956],[44.55006,1.55907],[45.00148,1.86636],[45.23219,1.96768],[46.02703,2.43814],[46.31764,2.7519],[46.62574,3.02391],[47.48927,3.93635],[47.57797,4.05988],[47.9485,4.4571],[48.2024,4.90892],[48.64674,5.48005],[49.03614,6.14423],[49.07472,6.41527],[49.24733,6.81061],[49.36704,7.0257],[49.5866,7.31477],[49.81935,7.73994],[49.84205,7.96271],[50.05828,8.13032],[50.29021,8.48676],[50.42205,8.85712],[50.6045,9.03791],[50.67677,9.25918],[50.84034,9.45612],[50.80616,9.62446],[50.9004,10.02408],[50.92739,10.32784],[51.24098,10.4256],[51.37608,10.36769],[51.39517,10.47902],[51.17612,10.56281],[51.19044,10.44611],[51.0381,10.41608],[51.16066,10.59846],[51.11508,10.99335],[51.17444,11.15876],[51.08595,11.18797],[51.12086,11.50532],[51.2478,11.65239],[51.2927,11.83311],[51.02931,11.88508],[50.79786,11.98912],[50.57594,11.92097],[50.51271,11.77123],[50.26832,11.5893],[49.85125,11.46491],[49.57683,11.46003],[49.52174,11.39379],[49.23959,11.30028],[48.93911,11.24913],[48.93911,10.12543],[48.93911,9.45123],[48.33915,8.54209],[47.97917,7.99657]]]},"properties":{"ISO_A2":"SO","ISO_A2_EH":"SO","ADM0_A3":"SOM","ISO_A3":"SOM","ADMIN":"Somalia"}},
{"type":"Feature","geometry":{"type":"MultiPolygon","coordinates":[[[[35.92083,4.61933],[35.61064,4.62001],[35.52218,4.78046],[35.57084,4.90431],[35.39612,4.92643],[35.4116,5.03038],[34.66628,4.76498],[34.38119,4.62016],[33.97708,4.21969],[34.06927,4.08802],[34.08477,3.87734],[34.20497,3.87455],[34.16518,3.77083],[34.43969,3.66774],[34.38398,3.38835],[34.434,3.18203],[34.54562,3.09738],[34.57466,2.94613],[34.73011,2.85285],[34.81868,2.59798],[34.92358,2.47732],[34.8656,2.34751],[34.96751,2.10191],[34.97867,1.67595],[34.77899,1.38855],[34.79791,1.23192],[34.50749,1.10252],[34.38801,0.81582],[34.14957,0.60363],[34.08798,0.36737],[33.89357,0.10981],[33.95351,-0.15436],[33.89481,-0.66275],[33.90421,-1.00257],[34.05253,-1.0404],[35.41565,-1.80128],[36.70353,-2.52041],[37.64487,-3.04596],[37.70006,-3.31437],[37.59029,-3.40408],[37.59908,-3.51343],[37.72228,-3.53999],[37.77096,-3.65543],[38.50827,-4.18615],[39.1906,-4.6775],[39.30047,-4.59499],[39.40626,-4.61517],[39.54005,-4.43043],[39.66586,-4.11207],[39.78639,-3.91717],[39.85727,-3.61826],[39.97145,-3.37607],[40.12908,-3.25189],[40.22511,-2.99375],[40.16261,-2.93426],[40.17498,-2.76263],[40.38982,-2.56032],[40.6159,-2.5525],[40.82862,-2.37477],[40.79469,-2.29046],[40.92482,-2.21722],[40.8851,-2.01482],[41.02866,-2.04323],[41.21901,-1.92246],[41.28273,-1.96852],[41.53509,-1.6963],[41.52287,-1.57277],[40.97975,-0.8708],[40.96849,-0.00274],[40.96849,0.62234],[40.96849,1.74718],[40.96539,2.81415],[41.34273,3.20115],[41.88502,3.97723],[41.69981,3.99692],[41.42954,3.94888],[41.11452,3.96234],[40.76374,4.28493],[39.84845,3.86728],[39.7451,3.66058],[39.53633,3.40501],[39.43618,3.46237],[39.18048,3.477],[39.06793,3.52658],[38.89523,3.51359],[38.49691,3.62394],[38.10189,3.61265],[37.97673,3.72644],[37.11187,4.2823],[36.84409,4.43224],[36.04135,4.44368],[35.94047,4.50805],[35.92083,4.61933]]],[[[41.05397,-2.04957],[40.98618,-2.16595],[41.15528,-2.11207],[41.05397,-2.04957]]]]},"properties":{"ISO_A2":"KE","ISO_A2_EH":"KE","ADM0_A3":"KEN","ISO_A3":"KEN","ADMIN":"Kenya"}},
{"type":"Feature","geometry":{"type":"Polygon","coordinates":[[[34.96462,-11.57356],[34.88658,-11.37543],[34.75915,-11.3375],[34.59296,-11.01617],[34.67502,-10.75242],[34.58107,-10.53972],[34.58531,-10.30066],[34.4833,-9.94616],[34.28807,-9.70845],[34.01274,-9.47746],[33.91186,-9.71796],[33.73461,-9.58412],[33.40425,-9.60489],[33.30027,-9.49224],[33.17294,-9.51105],[32.99228,-9.39136],[32.92086,-9.4079],[32.97471,-9.60127],[33.08044,-9.66225],[33.17542,-9.60231],[33.21671,-9.72705],[33.36559,-9.89883],[33.31753,-10.08207],[33.53328,-10.23121],[33.55917,-10.40432],[33.6742,-10.57703],[33.43401,-10.80812],[33.31908,-10.81815],[33.30368,-11.03457],[33.39091,-11.16479],[33.2303,-11.41656],[33.21263,-11.56384],[33.30265,-11.60973],[33.31267,-11.8987],[33.25273,-12.13952],[33.38461,-12.34002],[33.52558,-12.33527],[33.37324,-12.51851],[33.16302,-12.62042],[33.04954,-12.58683],[32.95807,-12.72522],[33.00504,-12.89296],[32.99507,-13.19087],[32.81307,-13.52822],[32.67509,-13.62806],[32.8078,-13.69916],[32.97626,-13.94452],[32.99983,-14.05046],[33.15454,-13.93656],[33.20271,-14.01387],[33.43918,-14.38067],[33.64485,-14.60174],[33.7204,-14.48971],[33.88892,-14.48816],[34.34408,-14.38739],[34.5018,-14.5757],[34.58417,-14.98446],[34.56908,-15.27116],[34.41013,-15.48128],[34.40403,-15.64685],[34.24714,-15.79412],[34.23319,-15.88983],[34.3877,-16.037],[34.38522,-16.18645],[34.52475,-16.30076],[35.00451,-16.81463],[35.09577,-16.81732],[35.11344,-16.96026],[35.03655,-17.03591],[35.0813,-17.12407],[35.29193,-17.12934],[35.31023,-16.8506],[35.27819,-16.70074],[35.13194,-16.53765],[35.21442,-16.48421],[35.25876,-16.27151],[35.37462,-16.14098],[35.69759,-16.10749],[35.79568,-16.00496],[35.84053,-15.4172],[35.78451,-15.19519],[35.9043,-14.88689],[35.85304,-14.66748],[35.52282,-14.26275],[35.45575,-14.13696],[35.08409,-13.70423],[34.89444,-13.53473],[34.6406,-13.49235],[34.54531,-13.32575],[34.54934,-13.15909],[34.49446,-12.68739],[34.35401,-12.19946],[34.38005,-12.10386],[34.56381,-11.8309],[34.60712,-11.59113],[34.96462,-11.57356]]]},"properties":{"ISO_A2":"MW","ISO_A2_EH":"MW","ADM0_A3":"MWI","ISO_A3":"MWI","ADMIN":"Malawi"}},
{"type":"Feature","geometry":{"type":"MultiPolygon","coordinates":[[[[32.92086,-9.4079],[32.99228,-9.39136],[33.17294,-9.51105],[33.30027,-9.49224],[33.40425,-9.60489],[33.73461,-9.58412],[33.91186,-9.71796],[34.01274,-9.47746],[34.28807,-9.70845],[34.4833,-9.94616],[34.58531,-10.30066],[34.58107,-10.53972],[34.67502,-10.75242],[34.59296,-11.01617],[34.75915,-11.3375],[34.88658,-11.37543],[34.96462,-11.57356],[35.4235,-11.57655],[35.57626,-11.60518],[35.82637,-11.41346],[35.93975,-11.43413],[36.16806,-11.57872],[36.19968,-11.70151],[36.49486,-11.68094],[36.56297,-11.73127],[36.74704,-11.66647],[36.82011,-11.57356],[37.0324,-11.56487],[37.1065,-11.6581],[37.42782,-11.72259],[37.78367,-11.55888],[37.87524,-11.3191],[38.07078,-11.25585],[38.25661,-11.27714],[38.49226,-11.41346],[38.65421,-11.2758],[38.89626,-11.16769],[39.28663,-11.15415],[39.48268,-10.99922],[39.7605,-10.9431],[40.00813,-10.81112],[40.43686,-10.47479],[40.44939,-10.34539],[40.33872,-10.34881],[40.23211,-10.20045],[40.23211,-10.29664],[40.11842,-10.25693],[40.13266,-10.16969],[39.97495,-10.1334],[39.91432,-10.03387],[39.7142,-9.95208],[39.8073,-9.85223],[39.68068,-9.5053],[39.6159,-9.4249],[39.64381,-9.18906],[39.49855,-9.1242],[39.52068,-8.92303],[39.43914,-8.75547],[39.35434,-8.71396],[39.28004,-8.30926],[39.45436,-8.01043],[39.39552,-7.77988],[39.30502,-7.79176],[39.27475,-7.59645],[39.35426,-7.3493],[39.32781,-7.30926],[39.54754,-7.11826],[39.55055,-6.99383],[39.46453,-6.85768],[39.29371,-6.8152],[39.28004,-6.72715],[39.04086,-6.47015],[38.85222,-6.34873],[38.85678,-6.16367],[38.77801,-6.03069],[38.83253,-5.81561],[38.98536,-5.50498],[38.98129,-5.41741],[39.13868,-5.1032],[39.10865,-4.9166],[39.17514,-4.92645],[39.1906,-4.6775],[38.50827,-4.18615],[37.77096,-3.65543],[37.72228,-3.53999],[37.59908,-3.51343],[37.59029,-3.40408],[37.70006,-3.31437],[37.64487,-3.04596],[36.70353,-2.52041],[35.41565,-1.80128],[34.05253,-1.0404],[33.90421,-1.00257],[32.35764,-1.00257],[30.82838,-1.00257],[30.63863,-1.07337],[30.47179,-1.06684],[30.55532,-1.31842],[30.73753,-1.40668],[30.83102,-1.59416],[30.83789,-1.83684],[30.79696,-1.92934],[30.88781,-2.08251],[30.83438,-2.34533],[30.5546,-2.40063],[30.44267,-2.68113],[30.52256,-2.6494],[30.4158,-2.85166],[30.49326,-2.94127],[30.82549,-2.97858],[30.79975,-3.27458],[30.64054,-3.33287],[30.63914,-3.41948],[30.46892,-3.51301],[30.33699,-3.77377],[30.20878,-3.93046],[30.14977,-4.08683],[30.00301,-4.27193],[29.80033,-4.36392],[29.73284,-4.46334],[29.40418,-4.4498],[29.40134,-4.58685],[29.32103,-4.83634],[29.37782,-5.08754],[29.45565,-5.22996],[29.59352,-5.62033],[29.60303,-5.78166],[29.47611,-6.00211],[29.52552,-6.2731],[29.73863,-6.65241],[30.09086,-6.89002],[30.23467,-7.05714],[30.3696,-7.31025],[30.44164,-7.59633],[30.65496,-7.92737],[30.75211,-8.19412],[30.82828,-8.38812],[30.95954,-8.55048],[31.11984,-8.61663],[31.35331,-8.58717],[31.53904,-8.70355],[31.55335,-8.80907],[31.67267,-8.91305],[31.93663,-8.93258],[31.98056,-9.0719],[32.13414,-9.06415],[32.21129,-9.12678],[32.38302,-9.13391],[32.51805,-9.25824],[32.71323,-9.28584],[32.92086,-9.4079]]],[[[39.89568,-7.63763],[39.8449,-7.73773],[39.58717,-7.94549],[39.64991,-7.99391],[39.82325,-7.91399],[39.89568,-7.63763]]],[[[39.54347,-6.32122],[39.52491,-6.17506],[39.431,-6.18597],[39.31349,-5.71844],[39.18621,-5.99432],[39.17701,-6.15789],[39.26417,-6.30242],[39.30047,-6.23935],[39.50847,-6.46282],[39.54347,-6.32122]]],[[[39.64308,-5.41399],[39.79607,-5.40683],[39.85597,-5.25302],[39.8143,-4.96868],[39.68409,-4.89031],[39.69077,-5.13746],[39.7741,-5.25953],[39.66358,-5.2872],[39.64308,-5.41399]]]]},"properties":{"ISO_A2":"TZ","ISO_A2_EH":"TZ","ADM0_A3":"TZA","ISO_A3":"TZA","ADMIN":"United Republic of Tanzania"}},
{"type":"Feature","geometry":{"type":"Polygon","coordinates":[[[35.75759,32.74435],[35.89572,32.71328],[36.06987,32.5166],[36.17736,32.52732],[36.37311,32.38642],[36.81938,32.31679],[38.05673,32.99434],[38.77451,33.37169],[39.88039,33.9256],[40.69047,34.3315],[40.98802,34.42852],[41.19566,34.76847],[41.19152,35.18214],[41.26108,35.49417],[41.3635,35.65524],[41.34366,35.85766],[41.24061,36.04302],[41.27699,36.35479],[41.41487,36.52738],[41.84378,36.61787],[42.37719,37.06224],[42.35724,37.10998],[42.35321,37.22703],[42.2112,37.32491],[42.00925,37.17561],[41.47977,37.07557],[41.20134,37.06497],[40.89645,37.1227],[40.70897,37.10048],[40.39374,36.99402],[40.19014,36.88442],[39.76525,36.74215],[39.2396,36.66128],[38.66413,36.71952],[38.52936,36.83372],[38.19005,36.90553],[37.44612,36.6342],[37.01452,36.64226],[36.9647,36.75383],[36.65857,36.82752],[36.53548,36.494],[36.66425,36.229],[36.373,36.22761],[36.35802,35.99398],[36.19689,35.95171],[36.1385,35.81978],[35.91131,35.91775],[35.7986,35.84968],[35.83855,35.74209],[35.73707,35.56167],[35.91896,35.41767],[35.96241,35.19794],[35.88787,35.1092],[35.86687,34.92422],[35.9699,34.64985],[36.39119,34.62249],[36.3327,34.49418],[36.43347,34.49433],[36.6041,34.1991],[36.47522,34.0535],[36.26717,33.91039],[36.36763,33.85755],[36.05044,33.81644],[35.92156,33.6403],[36.03845,33.58635],[35.8211,33.40672],[35.76384,33.3344],[35.88807,32.94494],[35.75759,32.74435]]]},"properties":{"ISO_A2":"SY","ISO_A2_EH":"SY","ADM0_A3":"SYR","ISO_A3":"SYR","ADMIN":"Syria"}},
{"type":"Feature","geometry":{"type":"Polygon","coordinates":[[[48.93911,11.24913],[48.6548,11.33063],[48.34278,11.27546],[48.16082,11.14566],[47.67775,11.10798],[47.52272,11.18696],[47.36687,11.1728],[47.18068,11.08047],[47.00807,10.93895],[46.65968,10.75434],[46.44777,10.6931],[46.20737,10.79621],[46.10222,10.77066],[45.80275,10.87531],[45.48707,10.68472],[45.33725,10.67084],[44.96201,10.4158],[44.75066,10.42787],[44.58615,10.38359],[44.3892,10.39721],[44.27426,10.45673],[43.8296,10.80297],[43.65895,10.98798],[43.48813,11.23892],[43.4944,11.36473],[43.24073,11.48786],[42.92372,10.99879],[42.69965,10.65855],[42.64725,10.63222],[42.77664,10.42461],[42.83628,10.20809],[42.95824,10.11556],[43.06769,9.92252],[43.18721,9.88333],[43.23527,9.69179],[43.37067,9.54423],[43.41903,9.41302],[43.6215,9.3369],[44.02386,8.98553],[45.51441,8.49654],[46.92053,8.02561],[46.97923,7.99657],[47.97917,7.99657],[48.33915,8.54209],[48.93911,9.45123],[48.93911,10.12543],[48.93911,11.24913]]]},"properties":{"ISO_A2":"-99","ISO_A2_EH":"-99","ADM0_A3":"SOL","ISO_A3":"-99","ADMIN":"Somaliland"}},
{"type":"Feature","geometry":{"type":"MultiPolygon","coordinates":[[[[-54.61529,2.32627],[-54.47664,2.21413],[-54.13491,2.11067],[-53.8309,2.31014],[-53.53179,2.24705],[-53.3441,2.34963],[-53.23419,2.25098],[-52.95968,2.17522],[-52.70771,2.35893],[-52.55345,2.57338],[-52.57159,2.6386],[-52.35321,3.05842],[-52.36184,3.13196],[-52.22792,3.26011],[-52.01276,3.61911],[-51.98842,3.70456],[-51.68322,4.03937],[-51.65071,4.19001],[-51.79308,4.60114],[-51.89639,4.6647],[-51.9514,4.37067],[-51.99633,4.65229],[-52.29996,4.94505],[-52.40233,4.97382],[-52.99458,5.45762],[-53.51732,5.58078],[-53.81033,5.73106],[-53.94435,5.74464],[-54.06111,5.43651],[-54.17097,5.34838],[-54.43024,5.05339],[-54.48212,4.9128],[-54.43546,4.7094],[-54.45081,4.48422],[-54.34435,4.02495],[-54.05011,3.63453],[-53.98882,3.611],[-54.00303,3.4554],[-54.21118,3.12741],[-54.16343,2.96974],[-54.21253,2.77642],[-54.35944,2.50801],[-54.61529,2.32627]]],[[[2.5218,51.08754],[1.97348,51.00715],[1.58058,50.8688],[1.55535,50.21772],[1.17262,49.96101],[0.67482,49.8758],[0.23585,49.72932],[0.10442,49.4936],[0.41131,49.45205],[0.16236,49.41519],[-0.21947,49.2801],[-0.41112,49.34276],[-0.82213,49.3627],[-1.18529,49.43037],[-1.30626,49.55809],[-1.22777,49.62409],[-1.39126,49.71271],[-1.59732,49.65229],[-1.93521,49.72411],[-1.81957,49.3968],[-1.60265,49.22541],[-1.54577,49.03034],[-1.55362,48.74714],[-1.3723,48.66059],[-1.83821,48.62377],[-1.84374,48.71214],[-2.21369,48.58186],[-2.31249,48.68696],[-2.68236,48.50902],[-3.09146,48.87128],[-3.51529,48.84195],[-3.57055,48.68797],[-3.81013,48.73322],[-3.85171,48.62963],[-3.97399,48.73282],[-4.30651,48.64155],[-4.56363,48.62963],[-4.77465,48.49128],[-4.75499,48.34199],[-4.35896,48.41112],[-4.5432,48.30467],[-4.30236,48.19636],[-4.28991,48.10822],[-4.6837,48.06733],[-4.43464,47.97565],[-4.37182,47.8072],[-3.93513,47.88789],[-3.85171,47.80101],[-3.52831,47.77993],[-3.07384,47.57648],[-2.77538,47.6291],[-2.81713,47.49921],[-2.5017,47.52668],[-2.39183,47.42365],[-2.55639,47.38325],[-2.27839,47.24641],[-2.1481,47.31322],[-2.16519,47.16787],[-1.99258,47.05231],[-2.11876,46.81997],[-1.85741,46.63532],[-1.8048,46.50361],[-1.50446,46.41934],[-1.11075,46.25922],[-1.20018,46.15913],[-1.09703,46.10155],[-1.07335,45.90436],[-1.1942,45.71019],[-0.84179,45.51455],[-0.75304,45.42406],[-0.63777,45.07307],[-0.76618,45.32608],[-1.08528,45.56904],[-1.13996,45.49006],[-1.26036,44.62743],[-1.16535,44.77871],[-1.04475,44.66942],[-1.18651,44.66547],[-1.2473,44.50454],[-1.3461,44.01919],[-1.47688,43.58006],[-1.661,43.39969],[-1.79407,43.38602],[-1.74736,43.291],[-1.4035,43.24333],[-1.48784,43.08182],[-0.98146,42.95704],[-0.75966,42.9465],[-0.58293,42.79584],[-0.32279,42.8425],[-0.03893,42.68515],[0.16917,42.72646],[0.27539,42.66869],[0.64361,42.68448],[0.65632,42.83842],[1.31912,42.71336],[1.4293,42.59539],[1.72199,42.60986],[1.70701,42.50278],[2.05169,42.35235],[2.27741,42.42863],[2.46489,42.34062],[2.9337,42.47023],[3.18097,42.43148],[3.05185,42.55488],[3.03899,42.94278],[3.11402,43.10631],[3.38543,43.28392],[3.9393,43.53254],[4.10532,43.55187],[4.2059,43.45991],[4.51303,43.4558],[4.56629,43.37109],[4.82028,43.34636],[4.92848,43.44013],[5.17384,43.42829],[5.0648,43.32802],[5.29417,43.35547],[5.34698,43.2159],[5.63421,43.18723],[5.85661,43.04483],[6.6798,43.20155],[6.59724,43.28401],[6.73115,43.40785],[6.92037,43.44901],[6.9756,43.54695],[7.13892,43.55402],[7.15162,43.65477],[7.36575,43.72273],[7.40697,43.76351],[7.43745,43.74336],[7.50229,43.79222],[7.47787,43.86552],[7.69191,44.08465],[7.65564,44.17606],[7.38082,44.12294],[7.03345,44.24293],[6.86612,44.37213],[6.84638,44.54746],[7.05516,44.68487],[6.93268,44.86166],[6.72794,44.92873],[6.60273,45.10345],[6.84411,45.13012],[7.10838,45.2592],[7.16068,45.41092],[6.98281,45.51113],[6.96338,45.64073],[6.79595,45.71814],[6.8008,45.82646],[7.02208,45.92526],[6.85393,46.12261],[6.76267,46.42926],[6.48294,46.44859],[6.21412,46.31547],[6.2812,46.24007],[5.95884,46.13047],[6.1364,46.35934],[6.05424,46.41942],[6.13185,46.59561],[6.4292,46.76082],[6.44264,46.94416],[6.5987,46.98654],[7.0443,47.3405],[6.86664,47.35417],[7.00978,47.49925],[7.37855,47.43065],[7.58603,47.58462],[7.52593,47.78316],[7.61895,48.00265],[7.57264,48.09497],[7.75196,48.35534],[7.81025,48.61502],[8.10274,48.82131],[8.20031,48.95856],[7.9319,49.03484],[7.64881,49.03572],[7.39105,49.17002],[7.26806,49.10563],[6.83346,49.20945],[6.70097,49.17287],[6.49452,49.43554],[6.34531,49.45535],[6.13609,49.49528],[5.9607,49.44132],[5.79069,49.53775],[5.47773,49.49522],[4.95001,49.79639],[4.85803,49.78658],[4.78827,49.97426],[4.87188,50.13978],[4.68192,50.08392],[4.6567,49.9891],[4.43511,49.93225],[4.13962,49.97452],[4.2037,50.25197],[4.02273,50.33812],[3.66172,50.31931],[3.64436,50.4455],[3.27105,50.52694],[3.1462,50.76889],[2.78673,50.72337],[2.58995,50.84201],[2.5218,51.08754]]],[[[-60.81041,14.46198],[-60.84838,14.5961],[-61.00227,14.81143],[-61.17097,14.87637],[-61.22883,14.82197],[-61.15958,14.66694],[-61.01647,14.61278],[-61.06957,14.4667],[-60.81041,14.46198]]],[[[-61.194,15.93207],[-61.2683,16.00926],[-61.30508,15.87849],[-61.194,15.93207]]],[[[-61.55167,16.28555],[-61.77082,16.34882],[-61.76862,16.08763],[-61.69494,15.94916],[-61.55773,16.08633],[-61.55167,16.28555]]],[[[-61.54418,16.28539],[-61.50341,16.21328],[-61.18838,16.26382],[-61.39415,16.38935],[-61.4593,16.51179],[-61.53429,16.44929],[-61.54418,16.28539]]],[[[55.78785,-21.10345],[55.70281,-20.94939],[55.57838,-20.87477],[55.28745,-20.91172],[55.22543,-21.04827],[55.3545,-21.27459],[55.55445,-21.36354],[55.82081,-21.32496],[55.8545,-21.157],[55.78785,-21.10345]]],[[[45.20069,-12.72291],[45.04249,-12.69842],[45.13185,-12.88738],[45.21315,-12.85182],[45.20069,-12.72291]]],[[[8.56577,42.20856],[8.74342,42.04414],[8.58627,41.96898],[8.7444,41.93281],[8.78492,41.82441],[8.69557,41.72944],[8.9227,41.69465],[8.79176,41.56123],[9.22316,41.3725],[9.26466,41.53083],[9.40162,41.70645],[9.40317,41.95295],[9.55275,42.11302],[9.53224,42.54438],[9.45655,42.60643],[9.48439,42.83242],[9.42237,43.0174],[9.34181,42.99067],[9.29217,42.67475],[9.10711,42.7259],[9.01832,42.65013],[8.71632,42.562],[8.55958,42.34638],[8.68873,42.28095],[8.56577,42.20856]]],[[[-1.21939,45.94392],[-1.40494,46.05317],[-1.20922,45.81415],[-1.21939,45.94392]]]]},"properties":{"ISO_A2":"-99","ISO_A2_EH":"FR","ADM0_A3":"FRA","ISO_A3":"-99","ADMIN":"France"}},
{"type":"Feature","geometry":{"type":"Polygon","coordinates":[[[-54.61529,2.32627],[-54.35944,2.50801],[-54.21253,2.77642],[-54.16343,2.96974],[-54.21118,3.12741],[-54.00303,3.4554],[-53.98882,3.611],[-54.05011,3.63453],[-54.34435,4.02495],[-54.45081,4.48422],[-54.43546,4.7094],[-54.48212,4.9128],[-54.43024,5.05339],[-54.17097,5.34838],[-54.0736,5.48981],[-53.98636,5.74567],[-54.03673,5.84235],[-54.47178,5.94097],[-54.77359,5.98526],[-55.0853,5.99065],[-55.15997,5.95811],[-55.01659,5.87198],[-55.33597,5.96271],[-55.84438,5.97596],[-55.94667,5.89649],[-55.93601,5.80466],[-56.95654,6.01157],[-57.06603,5.9501],[-57.12577,5.81815],[-57.17951,5.53059],[-57.24767,5.48493],[-57.32412,5.33859],[-57.28045,5.0261],[-57.72048,4.9898],[-57.9185,4.82976],[-57.83742,4.65088],[-57.95266,4.40973],[-57.96496,4.28204],[-58.06769,4.15114],[-58.03214,3.98772],[-57.85385,3.76667],[-57.82977,3.66244],[-57.64405,3.51666],[-57.65821,3.39522],[-57.56514,3.34982],[-57.30841,3.39491],[-57.27492,3.13428],[-57.17462,2.81895],[-57.02724,2.64821],[-56.99411,2.50486],[-56.70519,2.02965],[-56.48182,1.94161],[-56.01965,1.83351],[-55.92203,1.88622],[-55.91513,2.03766],[-56.1168,2.33309],[-56.01335,2.39882],[-55.98924,2.52083],[-55.72429,2.39691],[-55.39958,2.43019],[-55.30279,2.51969],[-54.97858,2.54305],[-54.84192,2.4335],[-54.70319,2.44585],[-54.70412,2.32482],[-54.61529,2.32627]]]},"properties":{"ISO_A2":"SR","ISO_A2_EH":"SR","ADM0_A3":"SUR","ISO_A3":"SUR","ADMIN":"Suriname"}},
{"type":"Feature","geometry":{"type":"Polygon","coordinates":[[[-56.48182,1.94161],[-56.70519,2.02965],[-56.99411,2.50486],[-57.02724,2.64821],[-57.17462,2.81895],[-57.27492,3.13428],[-57.30841,3.39491],[-57.56514,3.34982],[-57.65821,3.39522],[-57.64405,3.51666],[-57.82977,3.66244],[-57.85385,3.76667],[-58.03214,3.98772],[-58.06769,4.15114],[-57.96496,4.28204],[-57.95266,4.40973],[-57.83742,4.65088],[-57.9185,4.82976],[-57.72048,4.9898],[-57.28045,5.0261],[-57.32412,5.33859],[-57.24767,5.48493],[-57.16152,5.63891],[-57.13726,5.88209],[-57.16731,6.08511],[-57.28982,6.23474],[-57.46637,6.33791],[-57.52891,6.26571],[-57.59858,6.42725],[-57.89189,6.69644],[-58.06786,6.8217],[-58.39843,6.88337],[-58.56701,6.63671],[-58.6114,6.50971],[-58.59773,6.8083],[-58.48501,7.01081],[-58.46422,7.3122],[-58.66316,7.5852],[-58.73763,7.58833],[-58.83342,7.7383],[-59.16515,8.05874],[-59.75585,8.41088],[-59.8378,8.36929],[-60.02098,8.55801],[-59.81559,8.28776],[-59.99331,8.16852],[-60.01946,8.06031],[-60.23112,7.96411],[-60.37476,7.82361],[-60.50328,7.82087],[-60.60126,7.63385],[-60.73058,7.52543],[-60.60177,7.33015],[-60.64306,7.2209],[-60.548,7.12551],[-60.47532,7.1885],[-60.29234,7.10525],[-60.37734,6.93854],[-60.62069,6.84589],[-60.72153,6.75969],[-60.90757,6.81524],[-60.93382,6.73174],[-61.12983,6.71584],[-61.20967,6.54097],[-61.13898,6.4248],[-61.12156,6.18665],[-61.26938,6.10723],[-61.37961,5.9053],[-60.73985,5.20214],[-60.45636,5.1747],[-60.21343,5.26723],[-59.9831,5.08594],[-60.03245,4.72542],[-60.14878,4.51301],[-59.94331,4.50391],[-59.68674,4.38118],[-59.72674,4.17647],[-59.52923,3.93191],[-59.68012,3.70169],[-59.83766,3.60929],[-59.82099,3.36349],[-59.95938,3.06648],[-60.00008,2.69405],[-59.90313,2.3596],[-59.7417,2.26379],[-59.74968,1.85131],[-59.57272,1.72716],[-59.24214,1.3778],[-59.0111,1.32757],[-58.89787,1.21781],[-58.77194,1.20127],[-58.68259,1.28245],[-58.51893,1.26726],[-58.51366,1.43888],[-58.38638,1.49019],[-58.33191,1.59339],[-58.02723,1.51686],[-57.98501,1.6577],[-57.79076,1.70494],[-57.56116,1.70897],[-57.34148,1.96885],[-57.23844,1.94854],[-57.10449,2.02145],[-57.01117,1.91857],[-56.80648,1.87358],[-56.48182,1.94161]]]},"properties":{"ISO_A2":"GY","ISO_A2_EH":"GY","ADM0_A3":"GUY","ISO_A3":"GUY","ADMIN":"Guyana"}},
{"type":"Feature","geometry":{"type":"MultiPolygon","coordinates":[[[[128.36492,38.62434],[128.26807,38.45352],[128.03986,38.30428],[127.75373,38.32536],[127.47194,38.29591],[127.15749,38.30722],[127.02675,38.25446],[126.76191,37.979],[126.66746,37.82781],[126.70053,37.74299],[126.53102,37.75471],[126.61509,37.37975],[126.82254,37.29561],[126.65846,37.2543],[126.75522,37.04881],[126.91269,36.92963],[126.85084,36.75397],[126.79624,36.95576],[126.51905,37.05541],[126.4839,36.8415],[126.4454,37.0034],[126.3567,36.78876],[126.3235,36.88325],[126.12818,36.7613],[126.22926,36.68472],[126.34303,36.74038],[126.45766,36.5956],[126.57333,36.3426],[126.4974,36.16002],[126.69248,35.99991],[126.52142,35.97052],[126.61229,35.89022],[126.80616,35.86668],[126.79103,35.79145],[126.62939,35.77548],[126.46756,35.63964],[126.51316,35.5769],[126.3567,35.26],[126.4524,35.10029],[126.26865,35.13715],[126.60255,34.63288],[126.29029,34.75023],[126.27109,34.64248],[126.39088,34.53384],[126.52744,34.56855],[126.47958,34.34882],[126.60328,34.30044],[126.76149,34.47919],[126.89796,34.41771],[127.01027,34.61249],[127.21372,34.70555],[127.12965,34.56391],[127.31593,34.4449],[127.50359,34.59132],[127.36158,34.77334],[127.52182,34.85904],[127.55592,34.68456],[127.64072,34.61799],[127.65651,34.81192],[127.57643,34.89692],[127.83033,34.94473],[128.05405,35.03583],[128.06398,34.92792],[128.22413,34.93789],[128.43531,34.84317],[128.37143,35.00678],[128.47812,35.09907],[128.91842,35.08188],[128.96513,35.04365],[129.19435,35.1555],[129.35776,35.45181],[129.4546,35.51325],[129.5548,36.08248],[129.43305,35.99611],[129.38234,36.20185],[129.44093,36.40795],[129.42262,36.61665],[129.4712,36.77188],[129.33107,37.28217],[129.1482,37.50511],[129.06422,37.67886],[128.92384,37.80231],[128.6316,38.14497],[128.36492,38.62434]]],[[[126.94606,33.47801],[126.79236,33.5638],[126.31057,33.46448],[126.1714,33.26935],[126.28614,33.20038],[126.84059,33.31021],[126.94606,33.47801]]],[[[126.38006,34.49844],[126.26393,34.57575],[126.10328,34.40278],[126.20997,34.35879],[126.38006,34.49844]]],[[[128.06959,34.81501],[127.96193,34.80695],[127.90211,34.94001],[127.82936,34.86896],[127.86801,34.72187],[128.06007,34.7084],[128.06959,34.81501]]],[[[128.74855,34.86896],[128.72527,35.00926],[128.53631,34.90371],[128.52882,34.80809],[128.67823,34.72484],[128.74855,34.86896]]],[[[126.5633,37.51444],[126.35551,37.46622],[126.44341,37.42063],[126.5633,37.51444]]],[[[126.50782,37.59687],[126.5215,37.75117],[126.36964,37.78535],[126.41017,37.60204],[126.50782,37.59687]]]]},"properties":{"ISO_A2":"KR","ISO_A2_EH":"KR","ADM0_A3":"KOR","ISO_A3":"KOR","ADMIN":"South Korea"}},
{"type":"Feature","geometry":{"type":"Polygon","coordinates":[[[128.36492,38.62434],[128.01466,38.85814],[127.76962,39.1092],[127.45224,39.16596],[127.37843,39.37149],[127.57456,39.59504],[127.52084,39.74698],[127.62375,39.83093],[127.8746,39.89281],[128.00685,40.04515],[128.16432,40.01797],[128.66456,40.20124],[128.61895,40.29733],[129.07756,40.47257],[129.2177,40.69635],[129.71656,40.83459],[129.71193,41.12263],[129.80616,41.37604],[129.6488,41.5494],[129.77476,41.75942],[129.84281,41.75878],[130.07304,42.07846],[130.19931,42.1013],[130.40745,42.32458],[130.69996,42.29511],[130.53077,42.53048],[130.24304,42.74336],[130.23901,42.90224],[130.12149,42.98185],[129.85174,42.9619],[129.76131,42.74605],[129.70333,42.44237],[129.53517,42.36956],[129.34015,42.44547],[129.2431,42.37871],[129.21116,42.21996],[128.90348,42.02627],[128.72096,42.04759],[128.50237,41.99609],[128.26197,42.03286],[128.03459,41.99374],[128.03997,41.87959],[128.303,41.58341],[128.14611,41.37634],[128.00142,41.47086],[127.63834,41.42988],[127.54289,41.49132],[127.26906,41.50496],[127.09723,41.61245],[126.9298,41.80104],[126.78862,41.69591],[126.61788,41.66593],[126.5013,41.43437],[126.2607,41.14312],[126.14742,41.09227],[126.01534,40.90913],[125.76093,40.88567],[125.56007,40.77834],[125.41325,40.63179],[124.89551,40.48363],[124.36997,40.09829],[124.32154,39.91266],[124.56406,39.81428],[124.64906,39.61212],[124.76039,39.74801],[125.11695,39.56586],[125.28598,39.52119],[125.44492,39.31061],[125.19864,38.98606],[125.13722,38.80353],[125.30836,38.70726],[125.13756,38.66233],[125.12801,38.58028],[124.88388,38.35529],[124.85597,38.22695],[124.67709,38.11538],[124.88527,38.13166],[125.11622,38.04194],[125.01319,37.90599],[125.32667,37.81297],[125.5101,37.89427],[125.33505,37.68627],[125.50351,37.7788],[125.62013,37.76533],[125.59693,38.03221],[125.80397,37.98896],[125.89552,37.86481],[125.95948,37.91218],[126.15821,37.73347],[126.14918,37.82217],[126.39772,37.89175],[126.57618,37.77753],[126.66746,37.82781],[126.76191,37.979],[127.02675,38.25446],[127.15749,38.30722],[127.47194,38.29591],[127.75373,38.32536],[128.03986,38.30428],[128.26807,38.45352],[128.36492,38.62434]]]},"properties":{"ISO_A2":"KP","ISO_A2_EH":"KP","ADM0_A3":"PRK","ISO_A3":"PRK","ADMIN":"North Korea"}},
{"type":"Feature","geometry":{"type":"Polygon","coordinates":[[[-17.01374,21.41997],[-16.72996,21.4698],[-15.74996,21.49032],[-15.45993,21.45027],[-14.83981,21.45027],[-14.66987,21.59967],[-14.62985,21.86042],[-14.22019,22.30965],[-14.16991,22.75985],[-14.01999,23.41025],[-13.89013,23.69049],[-13.76998,23.79013],[-13.31001,23.98055],[-13.06002,24.40048],[-12.43014,24.83017],[-12.31002,25.11043],[-12.16987,25.63973],[-12.02975,26.03035],[-11.71724,26.10358],[-11.63621,26.29499],[-11.46971,26.5196],[-11.3369,26.6329],[-11.31587,26.74421],[-11.39157,26.88291],[-10.92183,27.00983],[-10.55028,26.99029],[-10.25045,26.86043],[-10.03171,26.91022],[-9.89936,26.84968],[-9.73436,26.86043],[-9.41206,27.08796],[-9.00092,27.08992],[-8.7939,27.12018],[-8.75287,27.19049],[-8.81704,27.66146],[-8.68238,27.66144],[-8.68238,28.6659],[-8.38349,28.90578],[-8.06966,29.07934],[-7.61945,29.38942],[-7.34961,29.38344],[-7.14693,29.50924],[-6.95824,29.50924],[-6.78351,29.44634],[-6.69965,29.51623],[-6.27333,29.57913],[-5.75616,29.61407],[-5.72121,29.52322],[-5.5395,29.52322],[-5.27393,29.88664],[-4.87556,30.18017],[-4.62397,30.285],[-4.37237,30.50864],[-4.15571,30.58552],[-3.83423,30.62745],[-3.64553,30.71132],[-3.65951,30.83712],[-3.55467,30.95593],[-3.74886,31.18022],[-3.82746,31.14384],[-3.81922,31.31887],[-3.67348,31.38923],[-3.65951,31.64782],[-2.82784,31.79459],[-2.93873,32.04864],[-2.51615,32.1322],[-1.24956,32.08166],[-1.30516,32.15117],[-1.21798,32.39262],[-1.0475,32.51701],[-1.42334,32.7424],[-1.55879,32.93365],[-1.49952,33.06021],[-1.67423,33.23797],[-1.61274,33.52147],[-1.74074,33.6866],[-1.67475,34.10596],[-1.80963,34.37245],[-1.70297,34.47968],[-1.87112,34.59665],[-1.76953,34.74134],[-2.19379,35.0036],[-2.22256,35.0893],[-2.41674,35.14916],[-2.56322,35.09614],[-2.90514,35.17357],[-2.91291,35.27692],[-2.94782,35.32978],[-3.41291,35.19794],[-3.67357,35.28791],[-3.7648,35.21845],[-3.91934,35.26683],[-4.37605,35.15184],[-4.7705,35.24103],[-5.06627,35.41747],[-5.24942,35.58462],[-5.34073,35.84736],[-5.39886,35.9245],[-5.59899,35.82233],[-5.90803,35.79735],[-6.20539,35.12458],[-6.2921,34.88081],[-6.55793,34.41771],[-6.82209,34.03962],[-7.09948,33.84028],[-7.49706,33.64997],[-8.10656,33.43085],[-8.24315,33.40453],[-8.45165,33.26423],[-8.52916,33.2687],[-8.86779,32.8819],[-9.25992,32.57689],[-9.27001,32.22748],[-9.36612,32.02631],[-9.66731,31.73115],[-9.84752,31.40241],[-9.82022,30.7923],[-9.88671,30.68667],[-9.70006,30.54271],[-9.61164,30.40436],[-9.65514,30.1269],[-9.82022,29.83894],[-10.05297,29.59992],[-10.14175,29.42862],[-10.5738,28.99042],[-11.0476,28.76171],[-11.32592,28.5152],[-11.48558,28.32563],[-12.06143,28.08902],[-12.51354,27.99543],[-12.83894,27.9704],[-12.96809,27.91462],[-13.06143,27.74291],[-13.17125,27.685],[-13.3011,27.32445],[-13.40245,27.17719],[-13.50088,26.8583],[-13.61998,26.68891],[-13.92374,26.50088],[-14.18025,26.42438],[-14.41015,26.26008],[-14.49283,26.13272],[-14.51952,25.92377],[-14.62096,25.7836],[-14.78205,25.44693],[-14.84972,25.21418],[-14.83605,24.91869],[-14.90783,24.68549],[-15.0148,24.56245],[-15.17186,24.49413],[-15.62011,24.02627],[-15.84093,23.90266],[-15.76545,23.85676],[-15.83039,23.68598],[-15.96719,23.51293],[-16.13512,23.18513],[-16.17296,22.97346],[-16.28962,22.89981],[-16.35729,22.58308],[-16.52184,22.31489],[-16.70678,22.27546],[-16.81664,22.13056],[-16.96691,21.78116],[-17.01374,21.41997]]]},"properties":{"ISO_A2":"MA","ISO_A2_EH":"MA","ADM0_A3":"MAR","ISO_A3":"MAR","ADMIN":"Morocco"}},
{"type":"Feature","geometry":{"type":"Polygon","coordinates":[[[-8.68238,27.66144],[-8.81704,27.66146],[-8.75287,27.19049],[-8.7939,27.12018],[-9.00092,27.08992],[-9.41206,27.08796],[-9.73436,26.86043],[-9.89936,26.84968],[-10.03171,26.91022],[-10.25045,26.86043],[-10.55028,26.99029],[-10.92183,27.00983],[-11.39157,26.88291],[-11.31587,26.74421],[-11.3369,26.6329],[-11.46971,26.5196],[-11.63621,26.29499],[-11.71724,26.10358],[-12.02975,26.03035],[-12.16987,25.63973],[-12.31002,25.11043],[-12.43014,24.83017],[-13.06002,24.40048],[-13.31001,23.98055],[-13.76998,23.79013],[-13.89013,23.69049],[-14.01999,23.41025],[-14.16991,22.75985],[-14.22019,22.30965],[-14.62985,21.86042],[-14.66987,21.59967],[-14.83981,21.45027],[-15.45993,21.45027],[-15.74996,21.49032],[-16.72996,21.4698],[-17.01374,21.41997],[-17.10021,20.83759],[-17.05687,20.76691],[-17.08118,20.87475],[-16.95883,21.33286],[-16.26771,21.33291],[-15.00226,21.33317],[-14.0155,21.33327],[-13.01525,21.33343],[-13.09333,22.49548],[-13.1655,22.7527],[-13.01525,23.018],[-12.61943,23.27083],[-12.35389,23.32248],[-12.03272,23.44498],[-12.01531,23.49518],[-12.01531,24.93662],[-12.01531,25.9949],[-10.20229,25.99495],[-8.70722,25.995],[-8.68081,26.01314],[-8.68238,27.28542],[-8.68238,27.66144]]]},"properties":{"ISO_A2":"EH","ISO_A2_EH":"EH","ADM0_A3":"SAH","ISO_A3":"ESH","ADMIN":"Western Sahara"}},
{"type":"Feature","geometry":{"type":"Polygon","coordinates":[[[-83.6965,10.93659],[-83.66303,10.80702],[-83.93332,10.71806],[-84.0227,10.78722],[-84.1916,10.78172],[-84.35547,10.99463],[-84.41776,10.95504],[-84.67645,11.07041],[-84.9314,10.94189],[-85.50863,11.15242],[-85.59779,11.20994],[-85.70174,11.08088],[-85.71056,10.92829],[-85.9088,10.88642],[-85.66527,10.77884],[-85.7014,10.56228],[-85.87499,10.35505],[-85.77855,10.0799],[-85.63858,9.90546],[-85.2755,9.78201],[-85.11783,9.55545],[-85.06261,9.66531],[-84.86461,9.82294],[-84.91112,9.90546],[-85.14452,9.99934],[-85.22647,10.08938],[-85.25418,10.24116],[-85.08987,10.17239],[-84.8981,10.01533],[-84.73363,9.96695],[-84.63455,9.78339],[-84.67837,9.65103],[-84.5216,9.51931],[-84.20836,9.46499],[-84.1787,9.39777],[-83.91808,9.29475],[-83.62987,9.03535],[-83.58764,8.83535],[-83.7399,8.62381],[-83.57559,8.44497],[-83.28738,8.37674],[-83.28738,8.54182],[-83.40477,8.58902],[-83.48172,8.71259],[-83.38366,8.73981],[-83.24026,8.62381],[-83.17138,8.63748],[-83.0996,8.43134],[-83.15087,8.36929],[-82.96849,8.22122],[-82.89763,8.03475],[-82.94367,8.24857],[-83.05325,8.3151],[-82.87041,8.43812],[-82.8498,8.62986],[-82.92297,8.75616],[-82.71936,8.92152],[-82.93938,9.05958],[-82.94429,9.43715],[-82.82902,9.60272],[-82.61885,9.48671],[-82.5736,9.5762],[-82.77233,9.66104],[-83.02603,10.00503],[-83.20373,10.12934],[-83.46618,10.49453],[-83.62426,10.9029],[-83.66535,10.93532],[-83.68687,10.93797],[-83.6965,10.93659]]]},"properties":{"ISO_A2":"CR","ISO_A2_EH":"CR","ADM0_A3":"CRI","ISO_A3":"CRI","ADMIN":"Costa Rica"}},
{"type":"Feature","geometry":{"type":"Polygon","coordinates":[[[-85.70174,11.08088],[-85.59779,11.20994],[-85.50863,11.15242],[-84.9314,10.94189],[-84.67645,11.07041],[-84.41776,10.95504],[-84.35547,10.99463],[-84.1916,10.78172],[-84.0227,10.78722],[-83.93332,10.71806],[-83.66303,10.80702],[-83.6965,10.93659],[-83.83727,11.14252],[-83.86803,11.37491],[-83.76106,11.55712],[-83.65298,11.61152],[-83.69994,11.84992],[-83.83609,11.87124],[-83.7672,12.04316],[-83.67858,12.00943],[-83.6859,12.13744],[-83.61701,12.34805],[-83.73371,12.36298],[-83.7672,12.5467],[-83.5891,12.63215],[-83.6459,12.78685],[-83.54467,12.79678],[-83.56379,12.59089],[-83.63752,12.56452],[-83.61758,12.37515],[-83.4923,12.40034],[-83.54133,12.58063],[-83.50768,12.90278],[-83.57014,13.2871],[-83.4938,13.73774],[-83.43126,13.95673],[-83.21858,14.25031],[-83.1918,14.38691],[-83.29922,14.77119],[-83.41413,14.8277],[-83.30785,14.91059],[-83.28742,14.82567],[-83.13044,14.99701],[-83.39031,15.03097],[-83.61562,14.87269],[-83.86947,14.77711],[-84.26728,14.67774],[-84.36293,14.71562],[-84.48269,14.61947],[-84.69932,14.67469],[-84.77017,14.80514],[-84.90422,14.81698],[-85.00199,14.74068],[-85.02222,14.6058],[-85.13754,14.57849],[-85.20583,14.40716],[-85.15803,14.33827],[-85.32135,14.28133],[-85.43173,14.13283],[-85.69923,13.9615],[-85.72512,13.84794],[-85.82416,13.84768],[-86.09673,14.04408],[-86.4101,13.74903],[-86.72723,13.76826],[-86.77405,13.65459],[-86.70186,13.3142],[-86.91079,13.23958],[-86.92024,13.09618],[-87.03504,12.97978],[-87.31404,12.98155],[-87.43505,12.92239],[-87.58385,13.05732],[-87.66702,12.98225],[-87.64651,12.87238],[-87.46349,12.78632],[-87.34484,12.61917],[-87.00223,12.34138],[-86.79751,12.21853],[-86.49637,11.75943],[-86.33646,11.61136],[-85.92801,11.31074],[-85.7858,11.11225],[-85.70174,11.08088]]]},"properties":{"ISO_A2":"NI","ISO_A2_EH":"NI","ADM0_A3":"NIC","ISO_A3":"NIC","ADMIN":"Nicaragua"}},
{"type":"Feature","geometry":{"type":"Polygon","coordinates":[[[18.62639,3.47687],[18.47208,3.63205],[18.24853,3.5749],[18.15985,3.48031],[18.08203,3.56345],[17.84215,3.54015],[17.80835,3.60859],[17.55048,3.64815],[17.45891,3.70828],[17.33437,3.61851],[16.96861,3.53348],[16.63943,3.5286],[16.5677,3.46439],[16.49081,3.06782],[16.47913,2.83631],[16.19667,2.23645],[16.10437,2.19356],[16.06489,1.97895],[16.15904,1.73481],[16.06985,1.65455],[16.02634,1.7523],[15.88991,1.79328],[15.76465,1.90872],[15.48291,1.97585],[15.34917,1.9233],[15.23373,2.0313],[15.09162,1.98443],[14.89246,2.00639],[14.85701,2.11594],[14.76481,2.06546],[14.56214,2.20881],[14.43295,2.13212],[14.26696,2.15243],[13.29457,2.16106],[13.28113,2.04497],[13.16217,1.89983],[13.14677,1.61225],[13.23948,1.42798],[13.25023,1.22179],[13.35741,1.28907],[13.54344,1.28349],[13.79474,1.43444],[14.18387,1.38085],[14.25218,1.33082],[14.27472,1.15564],[14.46809,0.91323],[14.44762,0.81623],[14.23182,0.54255],[14.07597,0.53945],[14.04041,0.41377],[13.94523,0.35042],[13.87123,0.19642],[13.92115,-0.05297],[13.83123,-0.20541],[14.12144,-0.30215],[14.15968,-0.45511],[14.2927,-0.43641],[14.46654,-0.55268],[14.49899,-0.63092],[14.39181,-1.02335],[14.46581,-1.22437],[14.46313,-1.54869],[14.36484,-1.61204],[14.4131,-1.71395],[14.37073,-1.92128],[14.25218,-1.96758],[14.23844,-2.12023],[14.15121,-2.25903],[14.23007,-2.35216],[14.08093,-2.49995],[13.88497,-2.48848],[13.90616,-2.3598],[13.74317,-2.09708],[13.69351,-2.20591],[13.46944,-2.43504],[13.18667,-2.36414],[12.96611,-2.36642],[13.01066,-2.28777],[12.80457,-1.91911],[12.58319,-1.8265],[12.4231,-1.89761],[12.49978,-2.09553],[12.45927,-2.32993],[12.06229,-2.41499],[11.93837,-2.32911],[11.75606,-2.4151],[11.55824,-2.34937],[11.61033,-2.67885],[11.53075,-2.86675],[11.63679,-2.83326],[11.77838,-3.02715],[11.68753,-3.17102],[11.94437,-3.30321],[11.82778,-3.54805],[11.89765,-3.66608],[11.81972,-3.71042],[11.64919,-3.67331],[11.48259,-3.50929],[11.21252,-3.69729],[11.11402,-3.93686],[11.35825,-4.11191],[11.4014,-4.22137],[11.69298,-4.46349],[11.82462,-4.61477],[11.82021,-4.7848],[12.00961,-5.01963],[12.13082,-4.91293],[12.18756,-4.76803],[12.33235,-4.76586],[12.38703,-4.60545],[12.6081,-4.56504],[12.76168,-4.3912],[12.85429,-4.40309],[13.0737,-4.63532],[13.35875,-4.7948],[13.39265,-4.88533],[13.51471,-4.75594],[13.57073,-4.78591],[13.71248,-4.68566],[13.71103,-4.46448],[13.78999,-4.42459],[13.95494,-4.49187],[14.36856,-4.27845],[14.46974,-4.42934],[14.34996,-4.5669],[14.4069,-4.67604],[14.4007,-4.88626],[14.51987,-4.8413],[14.63449,-4.90363],[14.83117,-4.81505],[14.93101,-4.6469],[15.09792,-4.49993],[15.20396,-4.33901],[15.45893,-4.21385],[15.56683,-4.03805],[15.88299,-3.94534],[16.22746,-3.28988],[16.19336,-3.23841],[16.17703,-2.88246],[16.2256,-2.63524],[16.17692,-2.28684],[16.23129,-2.12902],[16.52254,-1.86175],[16.83973,-1.26251],[17.02866,-1.09445],[17.29768,-1.02107],[17.41147,-0.91834],[17.74954,-0.52343],[17.71637,-0.1958],[17.85403,0.24107],[17.95201,0.47434],[17.89258,0.63588],[17.86664,1.01663],[17.96338,1.19145],[18.07138,1.55146],[18.07242,2.16002],[18.24615,2.51892],[18.39322,2.71369],[18.52841,3.06478],[18.61306,3.12818],[18.62639,3.47687]]]},"properties":{"ISO_A2":"CG","ISO_A2_EH":"CG","ADM0_A3":"COG","ISO_A3":"COG","ADMIN":"Republic of the Congo"}},
{"type":"Feature","geometry":{"type":"Polygon","coordinates":[[[18.62639,3.47687],[18.61306,3.12818],[18.52841,3.06478],[18.39322,2.71369],[18.24615,2.51892],[18.07242,2.16002],[18.07138,1.55146],[17.96338,1.19145],[17.86664,1.01663],[17.89258,0.63588],[17.95201,0.47434],[17.85403,0.24107],[17.71637,-0.1958],[17.74954,-0.52343],[17.41147,-0.91834],[17.29768,-1.02107],[17.02866,-1.09445],[16.83973,-1.26251],[16.52254,-1.86175],[16.23129,-2.12902],[16.17692,-2.28684],[16.2256,-2.63524],[16.17703,-2.88246],[16.19336,-3.23841],[16.22746,-3.28988],[15.88299,-3.94534],[15.56683,-4.03805],[15.45893,-4.21385],[15.20396,-4.33901],[15.09792,-4.49993],[14.93101,-4.6469],[14.83117,-4.81505],[14.63449,-4.90363],[14.51987,-4.8413],[14.4007,-4.88626],[14.4069,-4.67604],[14.34996,-4.5669],[14.46974,-4.42934],[14.36856,-4.27845],[13.95494,-4.49187],[13.78999,-4.42459],[13.71103,-4.46448],[13.71248,-4.68566],[13.57073,-4.78591],[13.51471,-4.75594],[13.39265,-4.88533],[13.35875,-4.7948],[13.0737,-4.63532],[12.8332,-4.72266],[12.6789,-4.9243],[12.44439,-5.05509],[12.53069,-5.16268],[12.50898,-5.72626],[12.21054,-5.76344],[12.4495,-6.05193],[12.72261,-5.97926],[12.82244,-5.82977],[13.18385,-5.85646],[13.64152,-5.86579],[13.94357,-5.84161],[14.02119,-5.87251],[14.57661,-5.90465],[14.70373,-5.8814],[16.31573,-5.85463],[16.59736,-5.9247],[16.60429,-6.06185],[16.72676,-6.18918],[16.69297,-6.39837],[16.7681,-6.70832],[16.92696,-6.88857],[16.92913,-7.06065],[16.9961,-7.29795],[17.0825,-7.34229],[17.21779,-7.586],[17.54428,-8.08478],[17.90137,-8.04809],[18.09815,-8.10927],[18.1766,-7.9992],[18.50764,-7.99755],[18.51652,-7.93223],[18.73853,-7.93233],[18.77377,-8.00199],[19.35554,-8.00199],[19.35565,-7.57411],[19.51316,-7.47944],[19.47636,-7.31593],[19.52184,-7.00195],[20.2943,-7.00195],[20.33109,-6.91679],[20.61149,-6.91596],[20.52446,-7.14313],[20.52054,-7.28638],[21.78495,-7.28338],[21.84242,-7.36988],[21.8541,-7.586],[21.77049,-7.80676],[21.7585,-8.01512],[21.8512,-8.14348],[21.93595,-8.41302],[21.85989,-8.84638],[21.84108,-9.27581],[21.79333,-9.39353],[21.8541,-9.61781],[22.05584,-9.87536],[22.15992,-9.93149],[22.20281,-10.13065],[22.3134,-10.36856],[22.30968,-10.76978],[22.1655,-10.85236],[22.24384,-11.07829],[22.23764,-11.24954],[22.46936,-11.12242],[22.53757,-11.03715],[22.72774,-11.09679],[22.82923,-11.05214],[23.01434,-11.10247],[23.19675,-11.07188],[23.37328,-10.97514],[23.49482,-10.96429],[23.83372,-11.02847],[23.96746,-10.87231],[24.11422,-10.91923],[24.12424,-11.04325],[24.29385,-11.05028],[24.3818,-11.12056],[24.39224,-11.2791],[24.28547,-11.38122],[24.4465,-11.46359],[24.56473,-11.44467],[24.71253,-11.32603],[25.12429,-11.25916],[25.2788,-11.19993],[25.279,-11.39631],[25.35197,-11.64611],[25.51522,-11.77582],[25.62146,-11.72889],[25.8507,-11.7938],[25.99405,-11.9048],[26.29801,-11.94118],[26.41459,-11.91183],[26.69706,-12.01746],[26.8742,-11.96433],[26.96733,-11.87038],[27.01027,-11.60983],[27.18013,-11.56963],[27.23418,-11.8091],[27.42073,-11.92196],[27.52047,-12.17962],[27.63819,-12.29361],[27.83141,-12.25992],[27.95869,-12.36782],[28.33975,-12.4505],[28.5123,-12.66837],[28.474,-12.73648],[28.58397,-12.88872],[28.66789,-12.84934],[28.90343,-13.1623],[28.99397,-13.39592],[29.16895,-13.43386],[29.5744,-13.22539],[29.66752,-13.29195],[29.62608,-13.42982],[29.79764,-13.42424],[29.7993,-12.15409],[29.47425,-12.24266],[29.49968,-12.45309],[29.25499,-12.36617],[29.03035,-12.37619],[28.94467,-12.20608],[28.75988,-12.03523],[28.50785,-11.87276],[28.35701,-11.44695],[28.43959,-11.34825],[28.47679,-11.07798],[28.56351,-10.81195],[28.69962,-10.64317],[28.63492,-10.51946],[28.62387,-9.95102],[28.67807,-9.80385],[28.51596,-9.37834],[28.36853,-9.30858],[28.3723,-9.23509],[28.59906,-9.09639],[28.8931,-8.76577],[28.91527,-8.47287],[29.85811,-8.32983],[30.75211,-8.19412],[30.65496,-7.92737],[30.44164,-7.59633],[30.3696,-7.31025],[30.23467,-7.05714],[30.09086,-6.89002],[29.73863,-6.65241],[29.52552,-6.2731],[29.47611,-6.00211],[29.60303,-5.78166],[29.59352,-5.62033],[29.45565,-5.22996],[29.37782,-5.08754],[29.32103,-4.83634],[29.40134,-4.58685],[29.40418,-4.4498],[29.33948,-4.09324],[29.21504,-3.89986],[29.20667,-3.33452],[29.23463,-3.04658],[28.9949,-2.81363],[29.01537,-2.72071],[28.89134,-2.6527],[28.85884,-2.4182],[29.15055,-2.15041],[29.14931,-1.79932],[29.3585,-1.50993],[29.57792,-1.38839],[29.556,-0.91948],[29.61078,-0.86398],[29.62939,-0.4424],[29.71181,0.09958],[29.80064,0.17245],[29.83263,0.33698],[29.94048,0.49832],[29.92828,0.78502],[30.14512,0.90315],[30.23886,1.136],[30.47827,1.23863],[30.68172,1.50035],[31.02584,1.77824],[31.24283,2.05117],[31.26748,2.17325],[31.17756,2.30291],[31.05524,2.29025],[30.98486,2.39464],[30.87179,2.33206],[30.70767,2.46228],[30.85484,2.89321],[30.74508,3.0363],[30.8042,3.24601],[30.91003,3.39341],[30.83954,3.4902],[30.74694,3.67487],[30.54302,3.61291],[30.52525,3.86754],[30.20589,3.95038],[30.12269,4.10246],[29.93216,4.23615],[29.7762,4.40562],[29.79671,4.55603],[29.61853,4.64158],[29.44924,4.65706],[29.30393,4.38715],[29.1735,4.348],[28.98622,4.49593],[28.81527,4.47828],[28.75543,4.55399],[28.40414,4.27783],[28.30316,4.35224],[28.17759,4.34723],[28.04974,4.41914],[28.01403,4.55003],[27.77244,4.59582],[27.76686,4.73545],[27.64098,4.89094],[27.55272,4.90053],[27.4413,5.07073],[27.11636,5.2003],[26.96164,5.15119],[26.86707,5.03755],[26.76062,5.08811],[26.46265,5.05964],[26.12996,5.25888],[26.02692,5.18997],[25.8261,5.1947],[25.58126,5.37492],[25.36365,5.31056],[25.30763,5.03228],[25.12945,5.01864],[25.0848,4.95422],[24.95809,4.99135],[24.78942,4.91986],[24.67077,4.95722],[24.48722,5.1008],[24.1629,4.90779],[23.94834,4.81769],[23.81667,4.82061],[23.56655,4.72444],[23.38837,4.58727],[23.16875,4.73811],[23.01733,4.75051],[22.89837,4.82358],[22.78603,4.72465],[22.6895,4.49167],[22.58697,4.44939],[22.54615,4.23718],[22.42264,4.13479],[22.20725,4.15032],[22.00892,4.24238],[21.72294,4.29514],[21.53815,4.24465],[21.29889,4.33023],[21.21093,4.29157],[21.08422,4.38824],[20.87152,4.45337],[20.60311,4.40973],[20.45232,4.52892],[20.46307,4.60094],[20.33894,4.77191],[20.00398,4.97448],[19.89091,5.00213],[19.71955,5.13597],[19.40898,5.13039],[19.08331,4.90934],[19.01158,4.76503],[18.82824,4.55998],[18.72106,4.37736],[18.53709,4.30607],[18.61967,4.16957],[18.6453,3.98245],[18.593,3.70978],[18.62639,3.47687]]]},"properties":{"ISO_A2":"CD","ISO_A2_EH":"CD","ADM0_A3":"COD","ISO_A3":"COD","ADMIN":"Democratic Republic of the Congo"}},
{"type":"Feature","geometry":{"type":"Polygon","coordinates":[[[91.62834,27.85269],[91.62173,27.95072],[91.41884,27.99473],[91.29017,28.09141],[91.09256,27.97168],[90.6839,28.08707],[90.47523,28.07234],[90.58773,28.2333],[90.22559,28.3584],[89.86292,28.29579],[89.75584,28.18438],[89.56149,28.13464],[89.33603,27.86908],[89.22492,27.80781],[89.12736,27.62729],[89.05095,27.60828],[88.95106,27.43314],[88.99702,27.33087],[88.89233,27.31554],[88.73007,27.15095],[88.88644,26.97898],[89.0965,26.82141],[89.34166,26.85433],[89.81729,26.6962],[90.08916,26.74173],[90.17742,26.83206],[90.38263,26.8918],[90.58778,26.78007],[90.71708,26.76705],[91.19819,26.80234],[91.27601,26.77408],[91.40634,26.86952],[91.52065,26.79759],[91.70213,26.80348],[91.89313,26.88136],[92.03586,26.85485],[92.08392,26.93732],[91.99586,27.15803],[92.08485,27.30423],[91.97509,27.47243],[91.65738,27.47915],[91.57987,27.65798],[91.62834,27.85269]]]},"properties":{"ISO_A2":"BT","ISO_A2_EH":"BT","ADM0_A3":"BTN","ISO_A3":"BTN","ADMIN":"Bhutan"}},
{"type":"Feature","geometry":{"type":"Polygon","coordinates":[[[31.76435,52.10057],[31.47485,52.11778],[31.25244,52.0445],[30.95933,52.07468],[30.66198,51.81942],[30.51512,51.60367],[30.63832,51.33586],[30.53961,51.23517],[30.35513,51.30527],[30.14863,51.48443],[29.84663,51.43291],[29.61802,51.48564],[29.31995,51.36557],[29.12389,51.62504],[28.86364,51.55892],[28.72877,51.40126],[28.60392,51.55355],[28.34688,51.52515],[28.21004,51.65197],[28.07082,51.55763],[27.81255,51.60202],[27.73012,51.46515],[27.67684,51.59481],[27.25403,51.59538],[27.17786,51.74708],[26.85477,51.74935],[26.40777,51.85061],[25.76792,51.92851],[25.1833,51.94975],[24.72183,51.88234],[24.39079,51.88001],[24.24413,51.71821],[23.98131,51.586],[23.74969,51.64447],[23.60624,51.5174],[23.63404,51.3393],[23.87475,51.13613],[23.91175,51.00681],[24.13086,50.83907],[23.96994,50.82517],[24.08104,50.71298],[24.10771,50.54084],[23.98131,50.40478],[23.74752,50.38938],[23.10146,49.95711],[22.64092,49.52876],[22.72423,49.36707],[22.70573,49.16884],[22.85528,48.99401],[22.53964,49.0722],[22.36228,48.84426],[22.32249,48.70034],[22.15372,48.58587],[22.13284,48.4048],[22.27185,48.40346],[22.35712,48.2431],[22.48145,48.24259],[22.6001,48.10112],[22.74572,48.11629],[22.8776,47.94674],[23.11862,48.09154],[23.36005,47.99314],[23.78008,47.98751],[24.23101,47.89703],[24.56163,47.94054],[24.8966,47.71006],[25.12191,47.77032],[25.26174,47.89858],[25.75252,47.9346],[26.17306,47.99314],[26.30349,48.21205],[26.61789,48.25897],[26.78573,48.29411],[26.84279,48.39374],[27.17579,48.3618],[27.50383,48.47237],[27.75177,48.45198],[28.07868,48.24491],[28.36817,48.23062],[28.49002,48.06549],[28.51932,48.14913],[28.79926,48.11179],[28.95036,47.9348],[29.12399,47.97599],[29.23602,47.87072],[29.11743,47.53333],[29.40955,47.27975],[29.55657,47.32404],[29.60303,47.04576],[29.55869,46.94574],[29.92818,46.80975],[29.91609,46.51882],[30.08114,46.3742],[29.84777,46.34146],[29.71413,46.47117],[29.59859,46.36306],[29.45761,46.48471],[29.20068,46.35712],[29.16275,46.53809],[28.94581,46.45479],[28.93351,46.25899],[29.01537,46.18261],[28.95687,46.00138],[28.7576,45.96118],[28.73828,45.83757],[28.474,45.65794],[28.48093,45.50198],[28.2705,45.52151],[28.1995,45.46177],[28.33024,45.32292],[28.77869,45.23109],[28.78975,45.32142],[28.96648,45.31987],[29.32212,45.44384],[29.65026,45.34612],[29.65903,45.21589],[29.7562,45.32123],[29.73227,45.47574],[29.60515,45.48701],[29.64283,45.82722],[29.73374,45.61433],[29.93238,45.72419],[29.99073,45.84707],[30.13844,45.81977],[30.49415,46.08047],[30.79819,46.44644],[30.75489,46.51586],[30.99138,46.60126],[31.33766,46.60126],[31.48097,46.64643],[31.85841,46.62914],[31.93621,46.80036],[32.0228,46.62914],[32.52475,46.59272],[32.36101,46.46686],[32.11166,46.51244],[31.58155,46.54523],[32.00782,46.44896],[32.06186,46.39379],[31.81674,46.34797],[32.26246,46.12824],[32.50343,46.07612],[32.78981,46.13435],[33.1229,46.13589],[33.23512,46.22382],[33.29347,46.13569],[33.51629,46.04633],[33.62852,46.12494],[33.67028,46.21811],[34.10524,46.09536],[34.36194,46.05569],[34.41094,45.98802],[34.68864,45.97402],[34.78898,45.80366],[35.00189,45.729],[34.87436,45.92609],[34.81129,46.16625],[35.07504,46.27106],[35.28452,46.43741],[35.38014,46.36848],[35.90162,46.65274],[36.18946,46.66901],[36.27833,46.60741],[36.3711,46.70844],[36.69606,46.77998],[36.8025,46.72476],[37.01775,46.87128],[37.26075,46.93269],[37.33522,46.88247],[37.58074,47.0904],[38.21665,47.10326],[38.20101,47.29063],[38.35294,47.6071],[38.73451,47.67714],[38.83094,47.84824],[39.39163,47.82261],[39.75905,47.83295],[39.84308,48.11975],[39.99325,48.27323],[39.81589,48.30816],[39.9241,48.37612],[39.80918,48.58375],[39.63172,48.58691],[39.70293,48.74659],[39.95036,48.85278],[39.75874,48.89542],[39.68112,49.02032],[39.91873,49.04781],[40.14166,49.24578],[40.04089,49.45548],[40.11552,49.59057],[39.80153,49.5422],[39.62294,49.61346],[39.55751,49.72399],[39.32766,49.72632],[39.18276,49.85851],[38.9374,49.80347],[38.68728,49.9138],[38.17393,50.06015],[38.16618,49.94057],[38.0004,49.8998],[37.72765,50.0787],[37.59918,50.29089],[37.43527,50.42493],[36.91406,50.3391],[36.59439,50.20443],[36.38799,50.30644],[36.26903,50.28138],[36.10584,50.42111],[35.83743,50.42323],[35.69687,50.34515],[35.44645,50.47604],[35.37772,50.62182],[35.46887,50.66854],[35.27808,50.99265],[35.09918,51.18318],[34.74809,51.16473],[34.62241,51.22476],[34.18595,51.24891],[34.30016,51.36839],[34.12797,51.68075],[34.37633,51.7086],[34.38573,51.81767],[34.09624,51.95182],[34.05573,52.17033],[33.80407,52.35461],[33.53168,52.28883],[33.48052,52.35776],[33.19651,52.36895],[32.92686,52.24692],[32.35356,52.32159],[32.23331,52.08085],[31.89204,52.03618],[31.76435,52.10057]]]},"properties":{"ISO_A2":"UA","ISO_A2_EH":"UA","ADM0_A3":"UKR","ISO_A3":"UKR","ADMIN":"Ukraine"}},
{"type":"Feature","geometry":{"type":"Polygon","coordinates":[[[23.60624,51.5174],[23.74969,51.64447],[23.98131,51.586],[24.24413,51.71821],[24.39079,51.88001],[24.72183,51.88234],[25.1833,51.94975],[25.76792,51.92851],[26.40777,51.85061],[26.85477,51.74935],[27.17786,51.74708],[27.25403,51.59538],[27.67684,51.59481],[27.73012,51.46515],[27.81255,51.60202],[28.07082,51.55763],[28.21004,51.65197],[28.34688,51.52515],[28.60392,51.55355],[28.72877,51.40126],[28.86364,51.55892],[29.12389,51.62504],[29.31995,51.36557],[29.61802,51.48564],[29.84663,51.43291],[30.14863,51.48443],[30.35513,51.30527],[30.53961,51.23517],[30.63832,51.33586],[30.51512,51.60367],[30.66198,51.81942],[30.95933,52.07468],[31.25244,52.0445],[31.47485,52.11778],[31.76435,52.10057],[31.69944,52.25146],[31.56735,52.31138],[31.55929,52.54054],[31.48064,52.68247],[31.50514,52.84889],[31.24706,53.01439],[31.41636,53.19998],[31.73856,53.19254],[31.79628,53.11239],[32.08278,53.08196],[32.40555,53.19267],[32.71953,53.43948],[32.45293,53.5464],[32.46156,53.7068],[32.0836,53.80964],[31.74466,53.79486],[31.81385,54.05706],[31.32468,54.22925],[31.20903,54.44805],[31.06465,54.49228],[31.16795,54.62158],[30.77061,54.78601],[30.81484,54.92802],[31.00563,55.023],[30.9598,55.16258],[30.79428,55.28552],[30.91861,55.40763],[30.88616,55.60048],[30.74219,55.59439],[30.46882,55.79352],[30.21777,55.85515],[29.86947,55.83055],[29.46102,55.6873],[29.34361,55.78698],[29.37741,55.95403],[29.03077,56.02418],[28.80897,55.93457],[28.62071,56.08299],[28.28983,56.04661],[28.14891,56.14241],[27.91145,56.10025],[27.64501,55.92284],[27.59271,55.79424],[26.98107,55.82688],[26.82284,55.70611],[26.59453,55.66699],[26.4455,55.3375],[26.80072,55.27332],[26.57893,55.11855],[26.30948,55.14465],[26.13864,54.96895],[25.7827,54.86968],[25.74042,54.56851],[25.53,54.34614],[25.69598,54.32098],[25.74001,54.14626],[25.54302,54.13696],[25.47207,54.29715],[25.22412,54.25855],[25.07199,54.1322],[24.85598,54.14672],[24.7887,53.96968],[24.6779,53.99231],[24.37787,53.88684],[24.20114,53.95247],[23.64262,53.89899],[23.48563,53.93929],[23.59094,53.61125],[23.89366,53.15195],[23.9225,52.7426],[23.86896,52.67004],[23.3923,52.50964],[23.16565,52.28939],[23.63745,52.08447],[23.67642,51.99409],[23.56035,51.75454],[23.60624,51.5174]]]},"properties":{"ISO_A2":"BY","ISO_A2_EH":"BY","ADM0_A3":"BLR","ISO_A3":"BLR","ADMIN":"Belarus"}},
{"type":"Feature","geometry":{"type":"Polygon","coordinates":[[[16.48707,-28.57293],[16.80386,-28.36612],[16.76438,-28.28323],[16.89295,-28.08263],[17.0978,-28.03116],[17.19195,-28.20882],[17.34574,-28.22763],[17.40207,-28.36778],[17.32817,-28.45614],[17.42057,-28.5934],[17.40362,-28.70429],[17.58294,-28.68021],[17.60712,-28.75566],[17.91325,-28.78129],[18.16647,-28.9019],[18.39756,-28.89891],[18.74566,-28.83989],[18.95453,-28.86666],[19.08166,-28.95937],[19.28888,-28.871],[19.29002,-28.71969],[19.43461,-28.71349],[19.56876,-28.53118],[19.98165,-28.42235],[19.98269,-26.89551],[19.98227,-25.94239],[19.98145,-24.75249],[19.98031,-23.72057],[19.97835,-22.00067],[20.97198,-22.00067],[20.9848,-21.96398],[20.98025,-20.62577],[20.97798,-19.87584],[20.97508,-18.31935],[21.47572,-18.2995],[22.98137,-18.02004],[23.31148,-18.0098],[23.50154,-18.23749],[23.59218,-18.4782],[24.18305,-18.02944],[24.42159,-17.95647],[24.50562,-18.06034],[24.72534,-17.89591],[24.95334,-17.78842],[25.00708,-17.82573],[25.25978,-17.79411],[24.95799,-17.55174],[24.63946,-17.49242],[24.58075,-17.53283],[24.40702,-17.47454],[24.22046,-17.4795],[23.38165,-17.64114],[22.23051,-17.85756],[21.38115,-18.01259],[21.21662,-17.93064],[20.8062,-18.0314],[20.56549,-17.98521],[20.33615,-17.85488],[20.03426,-17.89591],[19.67263,-17.84268],[19.42127,-17.85943],[19.17209,-17.80124],[19.02058,-17.82232],[18.76199,-17.7477],[18.45358,-17.38989],[17.62262,-17.38896],[16.33981,-17.38865],[15.0572,-17.38834],[14.20743,-17.38803],[13.94275,-17.40819],[13.88435,-17.33853],[13.52132,-17.1219],[13.49466,-17.02402],[13.36371,-16.96418],[13.16631,-16.95106],[12.88715,-17.02981],[12.81832,-17.10485],[12.55456,-17.23559],[12.24264,-17.22484],[12.16151,-17.14629],[12.02891,-17.14898],[11.76612,-17.2527],[11.71762,-17.54632],[11.84908,-18.14318],[11.93735,-18.23211],[12.03189,-18.50535],[12.28688,-18.69769],[12.56739,-19.10231],[12.7046,-19.41082],[13.00538,-19.93548],[13.07088,-20.11423],[13.15463,-20.15423],[13.38722,-20.81609],[13.60271,-21.15814],[13.83172,-21.45648],[13.95826,-21.70485],[13.95232,-21.78395],[14.13722,-21.94638],[14.38649,-22.27646],[14.50856,-22.54803],[14.53435,-22.85418],[14.41017,-22.9708],[14.49195,-23.30918],[14.43434,-23.41522],[14.49529,-23.57855],[14.51393,-23.89227],[14.45192,-23.98846],[14.47364,-24.15911],[14.61232,-24.44573],[14.6019,-24.56243],[14.78077,-24.8034],[14.85328,-25.06422],[14.80128,-25.26279],[14.87696,-25.57806],[14.84278,-25.7636],[14.97902,-26.05877],[14.96632,-26.33522],[15.12875,-26.45761],[15.16814,-26.6028],[15.08302,-26.69524],[15.23422,-26.96543],[15.29526,-27.32244],[15.52068,-27.63372],[15.68426,-27.94988],[16.04363,-28.25709],[16.34685,-28.55608],[16.48707,-28.57293]]]},"properties":{"ISO_A2":"NA","ISO_A2_EH":"NA","ADM0_A3":"NAM","ISO_A3":"NAM","ADMIN":"Namibia"}},
{"type":"Feature","geometry":{"type":"MultiPolygon","coordinates":[[[[19.98145,-24.75249],[19.98227,-25.94239],[19.98269,-26.89551],[19.98165,-28.42235],[19.56876,-28.53118],[19.43461,-28.71349],[19.29002,-28.71969],[19.28888,-28.871],[19.08166,-28.95937],[18.95453,-28.86666],[18.74566,-28.83989],[18.39756,-28.89891],[18.16647,-28.9019],[17.91325,-28.78129],[17.60712,-28.75566],[17.58294,-28.68021],[17.40362,-28.70429],[17.42057,-28.5934],[17.32817,-28.45614],[17.40207,-28.36778],[17.34574,-28.22763],[17.19195,-28.20882],[17.0978,-28.03116],[16.89295,-28.08263],[16.76438,-28.28323],[16.80386,-28.36612],[16.48707,-28.57293],[16.60035,-28.85752],[16.80877,-29.0783],[17.05633,-29.67645],[17.10369,-29.88494],[17.28199,-30.34775],[17.53598,-30.75213],[17.5617,-30.83807],[17.89373,-31.34482],[18.17286,-31.66326],[18.27687,-31.89267],[18.34938,-32.26035],[18.33416,-32.49131],[18.27312,-32.64756],[18.08058,-32.78134],[17.96746,-32.70355],[17.84392,-32.81463],[17.91277,-33.04746],[18.0232,-33.01434],[18.14617,-33.35589],[18.30738,-33.47926],[18.48878,-33.86297],[18.37208,-33.92506],[18.31625,-34.15748],[18.47006,-34.34743],[18.44166,-34.14422],[18.55502,-34.07383],[18.74073,-34.07741],[18.85817,-34.15032],[18.80828,-34.36468],[19.08839,-34.34271],[19.27768,-34.40651],[19.39869,-34.60182],[19.64243,-34.77207],[19.85841,-34.74969],[19.95346,-34.80869],[20.37452,-34.56976],[20.52443,-34.45428],[20.84108,-34.46502],[20.91342,-34.36045],[21.34897,-34.4192],[21.51588,-34.35223],[21.70265,-34.39056],[21.89454,-34.33603],[21.92172,-34.24668],[22.14772,-34.17832],[22.15284,-34.09368],[22.41049,-34.06561],[22.56398,-33.99725],[22.93605,-34.0827],[23.40838,-34.11004],[23.42758,-34.01238],[23.63551,-33.97967],[24.1631,-34.05478],[24.47853,-34.15781],[24.85792,-34.18694],[24.95289,-33.98512],[25.10109,-33.96055],[25.41049,-34.03297],[25.70436,-34.02068],[25.6194,-33.9459],[25.67905,-33.79518],[25.95525,-33.71087],[26.28663,-33.76637],[26.51515,-33.7553],[27.14308,-33.47942],[27.89715,-33.03997],[28.21079,-32.77467],[28.5486,-32.56243],[28.87037,-32.28704],[29.14763,-31.96982],[29.39186,-31.73553],[29.78452,-31.43475],[30.00994,-31.29225],[30.39235,-30.8471],[30.91993,-30.01849],[31.05828,-29.89593],[31.05551,-29.78981],[31.18686,-29.56032],[31.48846,-29.20965],[31.75213,-28.96624],[32.01205,-28.86647],[32.37941,-28.55283],[32.42205,-28.38193],[32.54396,-28.19012],[32.67652,-27.52068],[32.83937,-27.12363],[32.89308,-26.84612],[32.35222,-26.86027],[32.11388,-26.84001],[31.99007,-26.80828],[31.94211,-27.10067],[31.96826,-27.31626],[31.52653,-27.31089],[31.15704,-27.20557],[30.97607,-27.03504],[30.88021,-26.77221],[30.80244,-26.8089],[30.78291,-26.47239],[30.96987,-26.20915],[31.11984,-25.91004],[31.30928,-25.75739],[31.4269,-25.74365],[31.83457,-25.98208],[31.94924,-25.9581],[31.90997,-25.84297],[31.99162,-25.65022],[31.98655,-24.42311],[31.86946,-24.16379],[31.85581,-23.94655],[31.74119,-23.83679],[31.64229,-23.58786],[31.52147,-23.41557],[31.53635,-23.15698],[31.2791,-22.41532],[31.28892,-22.39734],[30.83789,-22.28231],[30.63242,-22.33068],[30.30077,-22.33698],[30.13509,-22.29357],[29.75889,-22.1309],[29.35007,-22.18671],[29.04782,-22.2203],[28.91253,-22.45367],[28.52248,-22.58482],[28.33856,-22.58461],[27.9375,-22.96382],[27.89554,-23.07947],[27.7742,-23.12515],[27.75363,-23.22075],[27.60801,-23.21672],[27.54889,-23.36079],[27.34999,-23.39149],[27.12742,-23.52502],[27.00417,-23.64584],[26.84971,-24.24813],[26.53118,-24.45866],[26.40436,-24.63281],[26.27879,-24.62847],[25.86837,-24.74815],[25.87675,-24.88602],[25.69547,-25.30998],[25.58725,-25.61952],[25.38649,-25.74354],[25.05173,-25.73786],[24.79862,-25.82922],[24.66499,-25.82333],[24.29674,-25.72349],[24.2277,-25.64898],[23.92477,-25.62924],[23.74266,-25.46997],[23.45927,-25.28218],[23.26569,-25.26399],[23.007,-25.3108],[22.84463,-25.48113],[22.74645,-25.75533],[22.71937,-25.98425],[22.54511,-26.20739],[22.25728,-26.34092],[22.0577,-26.6176],[21.78061,-26.67816],[21.68718,-26.85521],[21.38084,-26.82399],[21.12246,-26.86534],[20.85188,-26.80653],[20.69076,-26.89179],[20.6089,-26.68612],[20.62254,-26.42753],[20.84145,-26.13132],[20.79411,-25.89392],[20.64332,-25.61322],[20.612,-25.431],[20.36489,-25.0332],[20.11891,-24.88737],[19.98145,-24.75249]],[[28.98085,-28.90903],[29.20843,-29.06892],[29.31178,-29.0898],[29.43591,-29.34239],[29.30382,-29.46683],[29.26734,-29.6261],[29.1613,-29.66692],[29.1058,-29.82557],[29.15065,-29.91114],[28.86003,-30.06638],[28.63968,-30.13149],[28.36409,-30.15929],[28.21603,-30.2674],[28.07878,-30.6588],[27.74361,-30.6003],[27.45939,-30.3166],[27.36616,-30.31102],[27.31278,-30.1316],[27.19884,-29.97853],[27.01487,-29.62558],[27.24183,-29.549],[27.41763,-29.39655],[27.45329,-29.29165],[27.61297,-29.13383],[27.74743,-28.90862],[28.01873,-28.85684],[28.15495,-28.70233],[28.31722,-28.70006],[28.40341,-28.61892],[28.6343,-28.57076],[28.69952,-28.68848],[28.98085,-28.90903]]],[[[37.66245,-46.82855],[37.61883,-46.95436],[37.83644,-46.95867],[37.89576,-46.88991],[37.66245,-46.82855]]]]},"properties":{"ISO_A2":"ZA","ISO_A2_EH":"ZA","ADM0_A3":"ZAF","ISO_A3":"ZAF","ADMIN":"South Africa"}},
{"type":"Feature","geometry":{"type":"Polygon","coordinates":[[[-63.01757,18.03339],[-63.01765,18.12214],[-63.107,18.06212],[-63.01757,18.03339]]]},"properties":{"ISO_A2":"MF","ISO_A2_EH":"MF","ADM0_A3":"MAF","ISO_A3":"MAF","ADMIN":"Saint Martin"}},
{"type":"Feature","geometry":{"type":"Polygon","coordinates":[[[-63.107,18.06212],[-63.09765,18.03596],[-63.01757,18.03339],[-63.107,18.06212]]]},"properties":{"ISO_A2":"SX","ISO_A2_EH":"SX","ADM0_A3":"SXM","ISO_A3":"SXM","ADMIN":"Sint Maarten"}},
{"type":"Feature","geometry":{"type":"MultiPolygon","coordinates":[[[[56.26063,25.33108],[56.23577,25.21118],[56.34438,25.26653],[56.26063,25.33108]]],[[[56.0774,26.06105],[56.18348,26.01454],[56.15082,25.65885],[56.27906,25.62745],[56.30177,25.76289],[56.43898,25.92609],[56.32879,26.17284],[56.48732,26.23518],[56.36378,26.38597],[56.30844,26.2215],[56.18181,26.246],[56.0774,26.06105]]],[[[56.38331,24.97822],[56.03155,24.75415],[55.93543,24.97773],[55.78867,24.8552],[55.81823,24.64338],[55.75983,24.55853],[55.80737,24.34079],[55.7557,24.23033],[55.93315,24.22072],[55.99785,24.08127],[55.80706,24.00748],[55.64687,24.02502],[55.4568,23.96316],[55.53835,23.77005],[55.37526,23.46934],[55.19129,22.99537],[55.18684,22.70358],[55.62671,22.02377],[55.63757,21.97897],[55.30291,20.97149],[54.97838,19.99542],[53.63004,19.54599],[52.77438,19.26079],[51.97862,18.99564],[52.48453,17.85416],[52.73015,17.29988],[52.80156,17.26742],[53.09034,16.6424],[53.33863,16.73481],[53.58269,16.74995],[53.75318,16.86774],[53.98113,16.90876],[54.02345,16.98534],[54.38999,17.03946],[54.59205,17.03848],[54.79184,16.9514],[55.02687,17.01114],[55.25473,17.22871],[55.30079,17.41682],[55.22543,17.51545],[55.44516,17.84101],[55.65349,17.89533],[56.18849,17.9571],[56.3449,17.93781],[56.56129,18.14924],[56.65968,18.59536],[56.91505,18.81029],[57.20753,18.90998],[57.50148,18.95368],[57.70973,18.944],[57.8401,19.01533],[57.75066,19.26805],[57.77394,19.40965],[57.70444,19.54873],[57.6989,19.75438],[57.84799,20.11176],[57.82374,20.20108],[57.96656,20.33023],[58.10353,20.57514],[58.26417,20.58763],[58.20289,20.40473],[58.41765,20.3596],[58.51857,20.41682],[58.68035,20.82835],[58.79298,20.9274],[58.9192,21.1437],[59.16627,21.36278],[59.33619,21.43773],[59.4979,21.75633],[59.64527,21.92585],[59.68816,22.08271],[59.79176,22.19807],[59.84457,22.44526],[59.80323,22.53474],[59.53549,22.58308],[59.29754,22.79271],[59.20753,22.97036],[59.08367,23.05537],[58.78614,23.51211],[58.4909,23.65656],[58.41196,23.6162],[58.04314,23.72456],[57.91277,23.71784],[57.15154,23.95356],[56.93946,24.11591],[56.61118,24.49632],[56.38331,24.97822]]],[[[58.90626,20.626],[58.88258,20.68252],[58.78077,20.46699],[58.64291,20.35611],[58.65219,20.17048],[58.7894,20.28653],[58.84409,20.43732],[58.95395,20.51992],[58.90626,20.626]]]]},"properties":{"ISO_A2":"OM","ISO_A2_EH":"OM","ADM0_A3":"OMN","ISO_A3":"OMN","ADMIN":"Oman"}},
{"type":"Feature","geometry":{"type":"MultiPolygon","coordinates":[[[[70.95896,40.23837],[71.20101,40.26385],[71.23956,40.32111],[71.67307,40.14789],[71.83647,40.24917],[72.01889,40.24003],[71.95667,40.31568],[72.23593,40.45991],[72.3705,40.38565],[72.4262,40.45934],[72.35189,40.60197],[72.58578,40.50874],[72.74836,40.5751],[72.78391,40.66966],[73.11805,40.78294],[73.00343,40.87017],[72.61947,40.88009],[72.47674,41.01181],[72.16514,40.99936],[72.16989,41.16865],[71.87161,41.19449],[71.75317,41.44729],[71.63742,41.43127],[71.52383,41.29665],[71.41257,41.33469],[71.42146,41.16209],[71.18013,41.10814],[71.02469,41.18979],[70.77044,41.23852],[70.75969,41.37252],[70.63381,41.4675],[70.47723,41.40466],[70.16929,41.57834],[70.45366,41.71208],[70.55009,41.82406],[70.82511,41.93633],[71.2532,42.19756],[71.0776,42.28117],[70.94779,42.24815],[70.73427,42.1973],[70.61024,42.02741],[70.45542,42.09374],[70.31507,42.03459],[70.13637,41.84809],[69.9124,41.71286],[69.62457,41.66831],[69.39378,41.54496],[69.39068,41.46972],[69.21715,41.46005],[69.03158,41.36699],[69.03918,41.22028],[68.74627,41.0638],[68.57088,40.91352],[68.593,40.59949],[68.46174,40.58466],[67.99092,40.8111],[68.08058,40.87296],[68.11737,41.06674],[68.03438,41.04272],[67.93743,41.20038],[66.81528,41.14188],[66.68821,41.19919],[66.53886,41.74076],[66.50414,41.99348],[66.01724,41.99762],[66.01373,42.40302],[66.05321,42.44087],[66.10127,42.99032],[65.79524,42.8772],[65.51691,43.29723],[65.27145,43.41702],[64.95653,43.69736],[64.85504,43.71291],[64.42674,43.54703],[63.20801,43.62747],[62.02612,43.48063],[61.9857,43.49334],[61.16167,44.16811],[61.03631,44.38282],[59.67577,45.02914],[58.58219,45.54869],[58.53145,45.55872],[57.47828,45.33692],[55.97842,44.99622],[55.97677,43.61638],[55.97739,42.69853],[55.97842,41.32172],[56.79346,41.28833],[57.01019,41.25412],[57.1614,41.36797],[57.0196,41.46595],[56.95015,41.86605],[57.38226,42.16363],[57.61977,42.14818],[57.85045,42.19143],[57.99773,42.49343],[58.22573,42.46658],[58.49414,42.30571],[58.30624,42.52867],[58.13064,42.63885],[58.28268,42.68892],[58.4932,42.64546],[58.61227,42.78085],[58.89442,42.54784],[59.122,42.538],[59.2452,42.36535],[59.47816,42.28564],[59.86635,42.30422],[60.0282,42.19952],[59.93177,41.94765],[60.08877,41.91936],[60.24111,41.80807],[60.05828,41.71859],[60.16473,41.58496],[60.07171,41.51437],[60.09424,41.38952],[60.41453,41.23526],[60.8603,41.25299],[61.28136,41.15728],[61.47008,41.29717],[61.87791,41.12498],[61.97082,41.01543],[62.04477,40.71498],[62.19184,40.49903],[62.35328,40.4304],[62.45281,40.00924],[62.59316,39.89023],[63.47755,39.40292],[63.70927,39.19089],[64.12061,38.96168],[64.33734,38.97096],[64.6349,38.74415],[64.97772,38.61227],[65.2053,38.44964],[65.60414,38.23741],[65.87668,38.27296],[66.23108,38.14878],[66.30694,38.08039],[66.55416,38.02685],[66.64578,37.9459],[66.51881,37.78271],[66.51959,37.36418],[67.00592,37.38439],[67.23675,37.19241],[67.48237,37.27736],[67.78054,37.18887],[67.82922,37.52794],[68.24873,37.94895],[68.36066,38.17405],[68.18372,38.33549],[68.05515,38.53631],[68.06673,38.78797],[68.17256,38.84528],[68.08564,38.99377],[67.69052,38.98961],[67.67859,39.10594],[67.35008,39.21983],[67.43648,39.48571],[67.76453,39.6226],[68.33757,39.52792],[68.51745,39.54844],[68.60582,39.66688],[68.61584,39.82811],[68.74834,39.82615],[68.78937,39.99399],[68.93066,40.1468],[68.68705,40.11032],[68.58112,40.16422],[69.01923,40.23207],[69.28526,40.19496],[69.20836,40.29832],[69.30634,40.36498],[69.19803,40.54585],[69.31347,40.60936],[69.3142,40.7293],[69.43584,40.80268],[69.66012,40.63871],[70.28039,40.87771],[70.36354,41.03243],[70.44571,41.02592],[70.69685,40.81622],[70.75618,40.69514],[70.35382,40.45614],[70.58182,40.22173],[70.95896,40.23837]]],[[[71.17693,40.042],[70.97714,40.14458],[70.95296,40.07921],[71.11367,39.87447],[71.22106,39.93172],[71.17693,40.042]]]]},"properties":{"ISO_A2":"UZ","ISO_A2_EH":"UZ","ADM0_A3":"UZB","ISO_A3":"UZB","ADMIN":"Uzbekistan"}},
{"type":"Feature","geometry":{"type":"Polygon","coordinates":[[[87.3238,49.08527],[87.21796,49.22981],[87.02454,49.24893],[86.82434,49.50923],[86.5918,49.58721],[86.77587,49.695],[86.6102,49.79552],[86.17725,49.46334],[85.93143,49.49285],[85.59718,49.6193],[85.2631,49.58152],[85.03262,49.88497],[84.97577,50.07519],[84.24998,50.25993],[84.19794,50.49315],[83.8205,50.86801],[83.43396,50.99265],[83.10757,50.99265],[82.9759,50.88191],[82.76454,50.90666],[82.47582,50.71401],[82.19879,50.70879],[81.76346,50.78434],[81.46023,50.73034],[81.4008,50.95911],[81.05829,50.94707],[81.14717,51.13595],[80.68275,51.30201],[80.4344,51.20062],[80.43905,50.95813],[79.99008,50.78812],[79.4698,51.4926],[78.47648,52.63793],[77.8668,53.27233],[77.61276,53.44279],[76.5257,53.96131],[76.37439,54.14776],[76.6646,54.13406],[76.83772,54.29689],[76.85239,54.46117],[76.43309,54.31658],[76.23424,54.34743],[76.1838,54.25157],[75.64038,54.09887],[75.3607,54.05954],[75.43398,53.98653],[75.02791,53.80793],[74.772,53.83088],[74.61646,53.6807],[74.45347,53.68499],[74.40913,53.47756],[74.2139,53.59704],[73.93671,53.63952],[73.6407,53.56324],[73.42408,53.43255],[73.2306,53.57234],[73.22967,53.66241],[73.48526,53.87485],[73.69713,53.90085],[73.74065,54.05794],[73.58851,54.06616],[73.51802,53.95604],[73.06275,53.97908],[72.95682,54.11753],[72.62423,54.13499],[72.65616,54.04254],[72.45556,53.90534],[72.36357,54.05954],[72.48295,54.13561],[72.29856,54.1784],[72.22188,54.33322],[72.10302,54.31157],[72.07698,54.14832],[71.76247,54.24765],[71.70873,54.1322],[71.47712,54.10967],[71.32059,54.20103],[71.1823,54.10156],[70.98004,54.32506],[71.19062,54.31818],[71.18034,54.72736],[71.00598,54.77423],[70.97714,55.07798],[70.82036,55.29415],[70.44116,55.28335],[70.19704,55.13348],[69.67387,55.33404],[69.33456,55.38515],[69.18614,55.32577],[68.94316,55.43455],[68.9228,55.27637],[68.70059,55.3605],[68.6053,55.1956],[68.26238,55.19405],[68.30816,55.07282],[68.16605,54.95613],[67.81734,54.95215],[67.62273,54.85386],[67.28393,54.85329],[67.21334,54.79717],[66.44652,54.71093],[65.97745,54.61171],[65.9328,54.70255],[65.71297,54.59719],[65.44978,54.62747],[65.21429,54.52789],[65.21295,54.34304],[65.08541,54.30857],[64.91064,54.40273],[64.72016,54.33384],[64.57852,54.38557],[63.98036,54.30372],[64.00786,54.22868],[63.70865,54.25044],[63.33162,54.16269],[63.12377,54.17411],[63.08466,54.08564],[62.81206,54.09499],[62.55058,54.02683],[62.4989,53.8778],[62.41271,54.02663],[62.0026,54.01738],[61.60051,53.95025],[61.41768,54.05598],[61.19351,54.01825],[61.21077,53.90767],[60.97801,53.8826],[61.20198,53.81961],[61.00757,53.63575],[61.31608,53.54521],[61.50305,53.58898],[61.4123,53.43576],[61.21821,53.49265],[61.20291,53.27644],[62.05066,53.12477],[62.09417,52.99248],[61.92256,52.93817],[61.60557,52.94832],[61.47804,53.01235],[60.97543,52.97046],[61.05842,52.92217],[60.67684,52.66358],[60.80314,52.62775],[61.03992,52.335],[60.67219,52.14434],[60.50652,52.15165],[60.20276,51.99275],[60.00319,51.99251],[60.13807,51.88888],[60.47975,51.78426],[60.35511,51.67142],[60.5151,51.61791],[60.9374,51.61117],[61.02328,51.48552],[61.4738,51.4258],[61.66366,51.2584],[61.51318,51.15951],[61.3721,50.78248],[60.7185,50.65267],[60.30043,50.68466],[60.13621,50.8445],[60.02128,50.85406],[59.77468,50.53371],[59.52281,50.47465],[59.43764,50.63112],[58.92594,50.67815],[58.57144,50.86351],[58.59501,51.02337],[58.30841,51.15003],[58.14056,51.05665],[57.7688,51.11967],[57.68922,50.89674],[57.35271,50.88599],[57.16822,51.09378],[56.69455,51.0635],[56.68835,50.96914],[56.508,51.06626],[56.33571,50.89586],[56.1749,50.90868],[56.07888,50.72476],[55.65999,50.53004],[55.49111,50.64585],[55.30539,50.66497],[55.04773,50.88423],[54.63825,51.02769],[54.50296,50.92826],[54.63825,50.88573],[54.67628,50.60255],[54.49944,50.52327],[54.37976,50.61944],[54.47857,50.85349],[54.17657,50.9679],[54.11156,51.096],[53.93586,51.18561],[53.67386,51.21987],[53.61795,51.37214],[53.34634,51.50303],[52.94429,51.45288],[52.77976,51.50812],[52.50582,51.47887],[52.33487,51.76372],[52.09179,51.65871],[51.86916,51.67307],[51.7823,51.49285],[51.55983,51.53458],[51.30424,51.47164],[51.37193,51.62959],[51.23385,51.68548],[50.92545,51.67969],[50.76701,51.7594],[50.79068,51.59729],[50.5817,51.6353],[50.51834,51.45975],[50.34895,51.32261],[49.98685,51.22982],[49.77906,51.10218],[49.42311,51.102],[49.34735,50.96428],[49.40844,50.84827],[49.14406,50.78171],[48.83044,50.59603],[48.67339,50.57955],[48.7013,50.3346],[48.88568,50.01989],[48.7846,49.93339],[48.41759,49.81169],[48.23931,49.86476],[47.99323,50.1818],[47.55692,50.45258],[47.29477,50.27543],[47.30872,50.0448],[46.89991,49.82032],[46.77511,49.33255],[47.02863,49.20149],[47.02088,49.09685],[46.75382,48.91407],[46.47931,48.41023],[47.07829,48.27535],[47.04424,47.98622],[47.11948,47.81977],[47.35967,47.68334],[47.43533,47.83439],[47.64973,47.76559],[48.04449,47.7697],[48.17435,47.71285],[48.36059,47.4931],[48.52508,47.41023],[48.69727,47.10098],[49.00629,46.76911],[48.76403,46.68284],[48.55671,46.76175],[48.45511,46.6608],[48.53939,46.56796],[48.70502,46.55044],[49.22713,46.32788],[49.18491,46.4138],[49.39422,46.47834],[49.313,46.56208],[49.6268,46.51927],[49.81739,46.54043],[50.25148,46.74242],[50.41578,46.88239],[50.85743,47.04003],[51.21258,47.12092],[51.50262,47.06135],[51.76368,46.91572],[52.23894,46.80683],[52.4559,47.00117],[52.61476,46.95002],[52.91993,46.95747],[53.05193,46.89842],[53.18816,46.718],[53.07179,46.54475],[53.15675,46.27228],[53.0866,46.02049],[52.74562,45.63915],[52.73846,45.52558],[53.26735,45.3509],[52.90968,45.31269],[52.56666,45.4007],[51.95777,45.37165],[51.79249,45.40546],[51.39723,45.33259],[51.19654,45.06562],[50.95932,44.97883],[50.97071,44.84715],[51.20094,44.74091],[51.31935,44.59638],[51.14332,44.48477],[50.89487,44.62055],[50.29908,44.65534],[50.23015,44.39094],[50.34457,44.31127],[50.6963,44.26435],[50.84718,44.18928],[50.85279,44.03876],[50.98325,43.91901],[51.14186,43.63373],[51.31959,43.44253],[51.27573,43.15449],[51.65105,43.19139],[51.93279,42.83495],[52.1692,42.88703],[52.27296,42.79877],[52.47088,42.82624],[52.7129,42.73078],[52.71046,42.5854],[52.59913,42.34471],[52.40203,42.09252],[52.48455,41.94164],[52.43767,41.74888],[52.97871,42.12663],[53.41227,42.25817],[54.04717,42.3454],[54.19528,42.31806],[54.73829,42.04821],[54.90707,41.93214],[54.95068,41.79556],[55.22839,41.47282],[55.42952,41.29081],[55.6355,41.26436],[55.97842,41.32172],[55.97739,42.69853],[55.97677,43.61638],[55.97842,44.99622],[57.47828,45.33692],[58.53145,45.55872],[58.58219,45.54869],[59.67577,45.02914],[61.03631,44.38282],[61.16167,44.16811],[61.9857,43.49334],[62.02612,43.48063],[63.20801,43.62747],[64.42674,43.54703],[64.85504,43.71291],[64.95653,43.69736],[65.27145,43.41702],[65.51691,43.29723],[65.79524,42.8772],[66.10127,42.99032],[66.05321,42.44087],[66.01373,42.40302],[66.01724,41.99762],[66.50414,41.99348],[66.53886,41.74076],[66.68821,41.19919],[66.81528,41.14188],[67.93743,41.20038],[68.03438,41.04272],[68.11737,41.06674],[68.08058,40.87296],[67.99092,40.8111],[68.46174,40.58466],[68.593,40.59949],[68.57088,40.91352],[68.74627,41.0638],[69.03918,41.22028],[69.03158,41.36699],[69.21715,41.46005],[69.39068,41.46972],[69.39378,41.54496],[69.62457,41.66831],[69.9124,41.71286],[70.13637,41.84809],[70.31507,42.03459],[70.45542,42.09374],[70.61024,42.02741],[70.73427,42.1973],[70.94779,42.24815],[70.85266,42.30608],[71.00319,42.56353],[71.40461,42.79488],[71.58357,42.75964],[71.84774,42.83405],[72.10488,42.75034],[72.29236,42.76106],[72.47674,42.68256],[72.72582,42.65288],[72.84075,42.5557],[73.11505,42.55084],[73.50552,42.42093],[73.41002,42.58965],[73.49301,42.89495],[73.63409,43.06246],[73.90167,43.13096],[73.96534,43.21692],[74.19736,43.19579],[74.17876,43.2617],[74.55817,43.11504],[74.71392,42.99988],[75.17859,42.84966],[75.64616,42.8061],[75.7706,42.92565],[76.06454,42.93397],[76.43206,42.88958],[76.68879,42.91033],[76.95688,42.98851],[77.19511,42.91007],[77.90701,42.89129],[78.03062,42.85467],[78.49612,42.8756],[78.68711,42.8046],[79.03087,42.75615],[79.14827,42.79098],[79.24212,42.62978],[79.42567,42.46961],[79.91794,42.42444],[80.21033,42.18952],[80.26841,42.23797],[80.14005,42.62296],[80.22749,42.79098],[80.55449,42.89893],[80.36815,43.02846],[80.57589,43.11941],[80.78786,43.12804],[80.64286,43.32622],[80.71273,43.45887],[80.3451,44.1031],[80.35585,44.65288],[80.47615,44.73541],[80.21829,44.81809],[79.99174,44.79365],[79.85821,44.90372],[80.06171,45.01896],[80.40639,45.05663],[80.69712,45.14365],[80.85386,45.1265],[81.73928,45.33806],[81.80728,45.18872],[81.95012,45.14448],[82.29459,45.2282],[82.47582,45.1157],[82.58522,45.17683],[82.61571,45.43542],[82.29149,45.53319],[82.48895,45.9017],[82.56827,46.19651],[82.67436,46.33113],[82.83895,46.73245],[82.98551,46.94251],[83.01352,47.19459],[83.15036,47.21154],[83.52449,47.0671],[83.90535,46.97396],[84.66355,46.98385],[84.76711,46.81807],[84.91604,46.85055],[85.20511,47.03372],[85.49864,47.05183],[85.65966,47.20653],[85.67036,47.38434],[85.51538,47.92028],[85.58638,48.14125],[85.78368,48.40759],[86.19203,48.41823],[86.56508,48.52732],[86.7445,48.70354],[86.78946,48.83914],[86.7275,48.99034],[86.88734,49.10682],[87.11632,49.12977],[87.3238,49.08527]],[[63.38391,45.56582],[63.21049,45.58438],[62.90027,45.7477],[62.81253,45.89518],[62.81253,46.06143],[63.01293,46.29666],[63.32428,46.38869],[63.55739,46.37226],[63.86755,46.20896],[63.9553,46.06143],[63.9553,45.89518],[63.86755,45.7477],[63.55739,45.58438],[63.38391,45.56582]]]},"properties":{"ISO_A2":"KZ","ISO_A2_EH":"KZ","ADM0_A3":"KAZ","ISO_A3":"KAZ","ADMIN":"Kazakhstan"}},
{"type":"Feature","geometry":{"type":"MultiPolygon","coordinates":[[[[70.95896,40.23837],[70.58182,40.22173],[70.35382,40.45614],[70.75618,40.69514],[70.69685,40.81622],[70.44571,41.02592],[70.36354,41.03243],[70.28039,40.87771],[69.66012,40.63871],[69.43584,40.80268],[69.3142,40.7293],[69.31347,40.60936],[69.19803,40.54585],[69.30634,40.36498],[69.20836,40.29832],[69.28526,40.19496],[69.01923,40.23207],[68.58112,40.16422],[68.68705,40.11032],[68.93066,40.1468],[68.78937,39.99399],[68.74834,39.82615],[68.61584,39.82811],[68.60582,39.66688],[68.51745,39.54844],[68.33757,39.52792],[67.76453,39.6226],[67.43648,39.48571],[67.35008,39.21983],[67.67859,39.10594],[67.69052,38.98961],[68.08564,38.99377],[68.17256,38.84528],[68.06673,38.78797],[68.05515,38.53631],[68.18372,38.33549],[68.36066,38.17405],[68.24873,37.94895],[67.82922,37.52794],[67.78054,37.18887],[67.78535,37.09655],[68.01113,36.93087],[68.27778,37.01007],[68.30728,37.11422],[68.6269,37.20626],[68.66886,37.27829],[68.96543,37.32914],[69.24568,37.10389],[69.4452,37.23641],[69.37838,37.43741],[69.52866,37.58603],[69.89525,37.61817],[70.15787,37.54143],[70.28308,37.70483],[70.17213,37.94608],[70.26153,37.93929],[70.4826,38.13736],[70.59577,38.33818],[70.76109,38.44352],[70.97405,38.47367],[71.33438,38.28066],[71.36451,38.20682],[71.25826,37.92647],[71.5012,37.94621],[71.59773,37.89836],[71.49717,37.56655],[71.48704,37.26706],[71.43112,37.06699],[71.61106,36.70484],[71.83658,36.69916],[72.25981,36.96731],[72.65771,37.02883],[72.76096,37.1875],[73.06751,37.31506],[73.27608,37.45947],[73.48526,37.48097],[73.75346,37.42839],[73.61766,37.23318],[73.79821,37.22853],[74.16326,37.33007],[74.22392,37.40335],[74.66038,37.39397],[74.89231,37.23111],[75.16413,37.40064],[74.89189,37.59921],[74.96517,37.76746],[74.88321,37.84387],[74.89282,37.99401],[74.79071,38.08145],[74.77107,38.29154],[74.83825,38.37942],[74.77635,38.51067],[74.3342,38.667],[74.1091,38.66229],[74.0289,38.52724],[73.79739,38.60284],[73.6837,38.85494],[73.81599,38.99377],[73.60226,39.23577],[73.63264,39.44834],[73.36765,39.4438],[73.13603,39.35347],[72.65048,39.39377],[72.31634,39.32882],[72.24027,39.18991],[72.04979,39.36886],[71.73291,39.2851],[71.74025,39.44834],[71.51287,39.45883],[71.45955,39.61211],[71.23692,39.51449],[71.06293,39.49563],[71.00929,39.40762],[70.69809,39.41899],[70.62213,39.56353],[70.45997,39.59955],[70.20603,39.5241],[69.83045,39.53624],[69.66942,39.57779],[69.30035,39.51563],[69.2263,39.75101],[69.31399,39.98691],[69.50158,39.92247],[69.46964,40.05099],[69.96956,40.2116],[70.52549,40.03368],[70.44803,39.91999],[70.5966,39.96196],[70.63944,40.08494],[70.95896,40.23837]]],[[[70.49872,39.88191],[70.58161,39.76657],[70.70481,39.82207],[70.49872,39.88191]]]]},"properties":{"ISO_A2":"TJ","ISO_A2_EH":"TJ","ADM0_A3":"TJK","ISO_A3":"TJK","ADMIN":"Tajikistan"}},
{"type":"Feature","geometry":{"type":"Polygon","coordinates":[[[26.59453,55.66699],[26.27972,55.74324],[26.17864,55.84959],[25.7088,56.08105],[25.66188,56.14081],[25.1092,56.18308],[24.89226,56.43873],[24.44722,56.26052],[24.10864,56.2607],[23.7067,56.35444],[23.28843,56.37305],[23.11273,56.31088],[22.88897,56.40844],[22.68144,56.35031],[22.09408,56.41741],[21.32762,56.22437],[21.19037,56.08446],[21.0534,56.07262],[21.07439,55.74494],[21.22291,55.52021],[21.26759,55.24868],[22.09987,55.02992],[22.58067,55.05762],[22.80887,54.89376],[22.6804,54.45322],[22.76722,54.35627],[22.85889,54.39921],[23.4325,54.16931],[23.48563,53.93929],[23.64262,53.89899],[24.20114,53.95247],[24.37787,53.88684],[24.6779,53.99231],[24.7887,53.96968],[24.85598,54.14672],[25.07199,54.1322],[25.22412,54.25855],[25.47207,54.29715],[25.54302,54.13696],[25.74001,54.14626],[25.69598,54.32098],[25.53,54.34614],[25.74042,54.56851],[25.7827,54.86968],[26.13864,54.96895],[26.30948,55.14465],[26.57893,55.11855],[26.80072,55.27332],[26.4455,55.3375],[26.59453,55.66699]]]},"properties":{"ISO_A2":"LT","ISO_A2_EH":"LT","ADM0_A3":"LTU","ISO_A3":"LTU","ADMIN":"Lithuania"}},
{"type":"Feature","geometry":{"type":"MultiPolygon","coordinates":[[[[-57.60279,-30.19052],[-57.53599,-30.27443],[-57.2126,-30.28735],[-57.07711,-30.10607],[-56.83128,-30.10204],[-56.3726,-30.48589],[-56.23509,-30.56537],[-56.01136,-30.79822],[-56.01136,-31.08213],[-55.86426,-31.07676],[-55.59187,-30.84835],[-55.35385,-31.05629],[-55.25998,-31.22869],[-55.08725,-31.32677],[-55.02937,-31.26879],[-54.81978,-31.43529],[-54.59152,-31.47105],[-54.46372,-31.67186],[-54.13506,-31.90896],[-54.06881,-31.87991],[-53.77183,-32.04709],[-53.64868,-32.33864],[-53.41562,-32.56416],[-53.11084,-32.72239],[-53.32731,-32.97364],[-53.51153,-33.09922],[-53.53965,-33.64926],[-53.37909,-33.74068],[-52.81949,-33.32252],[-52.62169,-33.10198],[-52.47085,-32.80096],[-52.37531,-32.49871],[-52.25341,-32.28248],[-52.09118,-32.16611],[-52.08141,-32.032],[-52.21398,-32.08611],[-52.20372,-31.72731],[-52.09577,-31.69109],[-51.92276,-31.3069],[-51.63752,-31.25652],[-51.62361,-31.13535],[-51.44302,-31.08099],[-51.45543,-30.88942],[-51.36189,-30.87916],[-51.38329,-30.65887],[-51.29019,-30.62444],[-51.18773,-30.36012],[-51.32697,-30.22454],[-51.28352,-30.00742],[-51.23558,-30.17815],[-51.0148,-30.27858],[-51.03409,-30.37566],[-50.91539,-30.43621],[-50.89753,-30.31048],[-50.67199,-30.28899],[-50.60387,-30.19378],[-50.53726,-30.32041],[-50.60753,-30.48512],[-50.68993,-30.3532],[-50.67943,-30.6417],[-50.73107,-30.79241],[-50.95641,-30.92278],[-51.00642,-31.07049],[-51.15339,-31.06715],[-51.1796,-31.35898],[-51.24498,-31.46404],[-51.41348,-31.51784],[-51.7045,-31.79274],[-51.92276,-31.86875],[-52.04845,-31.80828],[-52.0122,-31.95062],[-52.08446,-32.1469],[-51.86351,-31.93174],[-51.56334,-31.77744],[-51.15184,-31.48154],[-50.72142,-31.04453],[-50.31566,-30.46152],[-50.04532,-29.81455],[-49.81066,-29.44313],[-49.55232,-29.12737],[-49.34276,-28.92352],[-48.94058,-28.64544],[-48.81534,-28.61045],[-48.87401,-28.34629],[-48.78087,-28.48748],[-48.65526,-28.21282],[-48.56554,-27.86028],[-48.64745,-27.64739],[-48.5775,-27.59401],[-48.64745,-27.47959],[-48.55484,-27.34246],[-48.60643,-27.2234],[-48.48591,-27.21071],[-48.60717,-27.10442],[-48.62047,-26.83717],[-48.6822,-26.71917],[-48.6079,-26.4367],[-48.75731,-26.29119],[-48.58263,-26.15716],[-48.57852,-25.87282],[-48.36119,-25.57098],[-48.61539,-25.52996],[-48.63536,-25.44459],[-48.46019,-25.47088],[-48.45568,-25.24847],[-48.33275,-25.35833],[-48.16828,-25.36924],[-47.95177,-25.20135],[-47.93375,-25.03346],[-47.82555,-24.89414],[-47.54076,-24.70338],[-47.44205,-24.68043],[-46.9995,-24.40984],[-46.96646,-24.29909],[-46.40673,-24.00897],[-46.38541,-23.87347],[-46.16649,-23.98162],[-46.14607,-23.84441],[-45.86437,-23.75644],[-45.40661,-23.82041],[-45.4335,-23.66473],[-44.892,-23.341],[-44.84447,-23.38519],[-44.58381,-23.3532],[-44.51057,-23.27337],[-44.708,-23.21461],[-44.70051,-23.10768],[-44.43566,-22.99676],[-44.1151,-23.02239],[-43.86437,-22.90594],[-43.60375,-23.00774],[-44.00373,-23.09108],[-43.22012,-22.99529],[-43.1621,-22.89568],[-43.27017,-22.747],[-43.07555,-22.6657],[-43.03453,-22.77557],[-43.12946,-22.89414],[-43.0314,-22.9743],[-42.62426,-22.93955],[-42.05822,-22.95379],[-41.89061,-22.7824],[-41.99303,-22.69988],[-41.9663,-22.53541],[-41.66649,-22.28183],[-41.2437,-22.14521],[-40.99527,-22.01425],[-40.96727,-21.94752],[-41.07187,-21.52334],[-40.96512,-21.27402],[-40.73172,-20.84384],[-40.62844,-20.83922],[-40.34874,-20.5001],[-40.25951,-20.32147],[-40.17862,-20.04339],[-40.02684,-19.76442],[-39.83487,-19.65716],[-39.70979,-19.41611],[-39.69807,-19.23992],[-39.74108,-18.90211],[-39.72468,-18.51873],[-39.62499,-18.19264],[-39.49909,-18.00563],[-39.27505,-17.86688],[-39.13711,-17.67962],[-39.18375,-17.60084],[-39.20861,-17.1622],[-39.12361,-16.89788],[-39.13598,-16.80023],[-39.05407,-16.43646],[-38.86437,-15.84336],[-38.9239,-15.71559],[-39.00182,-15.23203],[-39.02269,-14.81585],[-39.06713,-14.67498],[-38.92369,-14.00408],[-39.06371,-13.9358],[-38.97997,-13.83587],[-38.96784,-13.674],[-39.03978,-13.36663],[-38.95458,-13.37249],[-38.93175,-13.233],[-38.807,-13.14381],[-38.88927,-13.06976],[-38.80089,-13.02402],[-38.72448,-12.87322],[-38.8275,-12.86696],[-38.72208,-12.62249],[-38.5089,-12.72291],[-38.50967,-13.02142],[-38.32042,-12.93523],[-38.05089,-12.64105],[-37.65465,-12.04974],[-37.43472,-11.56927],[-37.26464,-11.27744],[-37.15539,-11.18743],[-37.03966,-10.94915],[-36.90307,-10.77288],[-36.57657,-10.55047],[-36.40807,-10.50213],[-36.25105,-10.24822],[-36.03628,-10.06414],[-35.80557,-9.73105],[-35.79992,-9.58473],[-35.69616,-9.67295],[-35.46231,-9.34661],[-35.30508,-9.19305],[-35.14745,-8.91188],[-35.12735,-8.80625],[-34.93993,-8.35076],[-34.93212,-8.24212],[-34.81164,-7.90586],[-34.89352,-7.80493],[-34.8053,-7.62272],[-34.79735,-7.15846],[-34.90416,-6.8873],[-34.95897,-6.53688],[-35.0382,-6.2365],[-35.09284,-6.1858],[-35.26228,-5.48333],[-35.42052,-5.21152],[-35.51057,-5.14373],[-35.99718,-5.04754],[-36.13121,-5.09588],[-36.42235,-5.08099],[-36.56115,-5.12322],[-36.79088,-5.0512],[-36.89875,-4.93825],[-37.18293,-4.9109],[-37.32482,-4.69647],[-37.60725,-4.60809],[-37.76862,-4.39642],[-37.85424,-4.37591],[-38.10668,-4.15789],[-38.25133,-3.96185],[-38.37804,-3.86972],[-38.47741,-3.69744],[-38.65966,-3.67645],[-39.35827,-3.18353],[-39.61889,-3.03965],[-39.70458,-3.03965],[-39.98571,-2.8484],[-40.49962,-2.78631],[-40.58161,-2.82732],[-41.13777,-2.88584],[-41.27343,-2.87884],[-41.24454,-3.01523],[-41.34309,-2.92034],[-41.67504,-2.87957],[-41.82126,-2.73357],[-41.99562,-2.72143],[-41.94392,-2.83766],[-42.08239,-2.79998],[-42.23941,-2.83416],[-42.26427,-2.75905],[-42.45299,-2.75221],[-42.70995,-2.56032],[-43.31177,-2.34647],[-43.4544,-2.34145],[-43.41194,-2.45672],[-43.55818,-2.53086],[-43.66845,-2.48333],[-44.01415,-2.6347],[-44.06286,-2.77703],[-44.33849,-2.78493],[-44.1372,-2.67018],[-44.04939,-2.55291],[-44.07299,-2.39951],[-44.36807,-2.54957],[-44.43297,-2.95029],[-44.64436,-3.16969],[-44.78156,-3.19695],[-44.62222,-3.05104],[-44.68432,-3.01263],[-44.63158,-2.69695],[-44.51085,-2.46998],[-44.51065,-2.36712],[-44.39537,-2.40211],[-44.39879,-2.19736],[-44.4973,-2.14788],[-44.69359,-2.26556],[-44.50451,-2.032],[-44.52172,-1.84726],[-44.80289,-1.70387],[-44.95385,-1.50172],[-45.09138,-1.46412],[-45.20417,-1.52516],[-45.22789,-1.68304],[-45.32364,-1.74481],[-45.36925,-1.47283],[-45.30997,-1.32643],[-45.49132,-1.50335],[-45.54385,-1.27028],[-45.67553,-1.36632],[-45.72159,-1.13494],[-45.77432,-1.26425],[-45.90587,-1.17254],[-45.99795,-1.20143],[-45.96415,-1.06386],[-46.06469,-1.14764],[-46.0939,-1.07586],[-46.22118,-1.14153],[-46.17178,-0.92099],[-46.32266,-1.02028],[-46.48009,-1.02223],[-46.50295,-0.88384],[-46.69786,-0.88079],[-46.8192,-0.71168],[-46.89273,-0.78525],[-46.95686,-0.71014],[-47.07657,-0.8366],[-47.07307,-0.67523],[-47.4619,-0.59287],[-47.37938,-0.77093],[-47.49669,-0.76474],[-47.58451,-0.57825],[-47.59728,-0.67734],[-47.72867,-0.75652],[-47.72517,-0.64414],[-47.77025,-0.63714],[-47.80907,-0.56517],[-47.82223,-0.66489],[-47.96215,-0.78183],[-48.03791,-0.66172],[-48.15404,-0.78183],[-48.14029,-0.9013],[-48.19811,-1.03045],[-48.29601,-1.0556],[-48.27066,-1.12103],[-48.33971,-1.31601],[-48.48275,-1.2813],[-48.50328,-1.4485],[-48.32531,-1.47047],[-48.4829,-1.51141],[-48.42146,-1.64511],[-48.53502,-1.58148],[-48.64212,-1.38567],[-48.9687,-1.78592],[-48.89285,-1.59825],[-48.96559,-1.59972],[-49.12301,-1.76801],[-49.232,-1.94817],[-49.52741,-2.62835],[-49.68895,-2.66904],[-49.54577,-2.51653],[-49.55175,-2.41277],[-49.44555,-2.18377],[-49.37922,-1.89642],[-49.44758,-1.86989],[-49.48522,-1.76393],[-49.6542,-1.92018],[-49.81045,-1.90057],[-49.86026,-2.04583],[-49.87536,-1.87957],[-49.97692,-1.8261],[-50.16194,-1.91562],[-50.28077,-1.89383],[-50.42858,-2.06292],[-50.44302,-1.93597],[-50.66004,-1.803],[-50.70214,-1.90947],[-50.82616,-1.93058],[-50.65469,-1.73797],[-50.68928,-1.61207],[-50.8192,-1.43629],[-50.81994,-1.2317],[-50.95641,-1.12851],[-50.83389,-1.05869],[-50.82168,-0.93532],[-51.00975,-0.93597],[-51.03295,-1.03802],[-51.2683,-1.22039],[-51.66954,-1.40162],[-51.91462,-1.57098],[-52.12377,-1.61907],[-52.24877,-1.70306],[-52.27912,-1.51824],[-52.70812,-1.60003],[-52.68212,-1.54485],[-52.47509,-1.48406],[-52.19538,-1.34498],[-52.06578,-1.40504],[-51.92146,-1.32578],[-51.92935,-1.17832],[-51.72419,-1.03916],[-51.6975,-0.74717],[-51.44518,-0.47145],[-51.25121,-0.12737],[-51.3177,-0.09067],[-51.06916,-0.01934],[-50.92894,0.15542],[-50.79064,0.1695],[-50.60896,0.37393],[-50.46589,0.64643],[-50.31249,0.81721],[-49.89004,1.16523],[-49.92152,1.21848],[-50.13819,1.19371],[-49.91292,1.27233],[-49.87305,1.35985],[-49.91016,1.66426],[-50.18316,1.81886],[-50.46654,1.81542],[-50.67927,2.1717],[-50.9028,2.79376],[-50.94454,2.8222],[-51.09274,3.37633],[-51.0799,3.88227],[-51.11636,3.9062],[-51.17614,3.64834],[-51.17943,4.02521],[-51.22443,4.16504],[-51.38923,4.3589],[-51.5165,4.44112],[-51.56102,4.35712],[-51.49816,4.10541],[-51.59691,4.2155],[-51.68322,4.03937],[-51.98842,3.70456],[-52.01276,3.61911],[-52.22792,3.26011],[-52.36184,3.13196],[-52.35321,3.05842],[-52.57159,2.6386],[-52.55345,2.57338],[-52.70771,2.35893],[-52.95968,2.17522],[-53.23419,2.25098],[-53.3441,2.34963],[-53.53179,2.24705],[-53.8309,2.31014],[-54.13491,2.11067],[-54.47664,2.21413],[-54.61529,2.32627],[-54.70412,2.32482],[-54.70319,2.44585],[-54.84192,2.4335],[-54.97858,2.54305],[-55.30279,2.51969],[-55.39958,2.43019],[-55.72429,2.39691],[-55.98924,2.52083],[-56.01335,2.39882],[-56.1168,2.33309],[-55.91513,2.03766],[-55.92203,1.88622],[-56.01965,1.83351],[-56.48182,1.94161],[-56.80648,1.87358],[-57.01117,1.91857],[-57.10449,2.02145],[-57.23844,1.94854],[-57.34148,1.96885],[-57.56116,1.70897],[-57.79076,1.70494],[-57.98501,1.6577],[-58.02723,1.51686],[-58.33191,1.59339],[-58.38638,1.49019],[-58.51366,1.43888],[-58.51893,1.26726],[-58.68259,1.28245],[-58.77194,1.20127],[-58.89787,1.21781],[-59.0111,1.32757],[-59.24214,1.3778],[-59.57272,1.72716],[-59.74968,1.85131],[-59.7417,2.26379],[-59.90313,2.3596],[-60.00008,2.69405],[-59.95938,3.06648],[-59.82099,3.36349],[-59.83766,3.60929],[-59.68012,3.70169],[-59.52923,3.93191],[-59.72674,4.17647],[-59.68674,4.38118],[-59.94331,4.50391],[-60.14878,4.51301],[-60.03245,4.72542],[-59.9831,5.08594],[-60.21343,5.26723],[-60.45636,5.1747],[-60.73985,5.20214],[-60.6643,5.17025],[-60.61263,4.90058],[-60.76368,4.75509],[-60.90343,4.69959],[-61.01196,4.5183],[-61.29726,4.52373],[-61.29305,4.44805],[-61.45818,4.41914],[-61.56727,4.24853],[-61.71889,4.25465],[-61.93149,4.14642],[-62.19266,4.09474],[-62.38417,4.17347],[-62.53698,4.12541],[-62.56096,4.03779],[-62.76622,4.02071],[-62.7888,3.8994],[-62.74958,3.66037],[-62.93101,3.56376],[-62.99705,3.59914],[-63.28598,3.92082],[-63.4254,3.96836],[-63.51067,3.85455],[-63.6228,3.93521],[-63.87514,3.94981],[-64.06381,3.9116],[-64.1251,4.08849],[-64.36498,4.15187],[-64.58967,4.11887],[-64.74594,4.28762],[-64.81291,4.25279],[-64.6629,3.99699],[-64.53143,3.85351],[-64.32416,3.72412],[-64.20298,3.59472],[-64.24561,3.41894],[-64.22292,3.124],[-63.99787,2.70599],[-64.04797,2.47132],[-63.83132,2.42864],[-63.38483,2.42058],[-63.41176,2.14938],[-63.61753,2.10117],[-63.76264,1.98567],[-63.99503,1.95802],[-64.0536,1.89371],[-64.08086,1.64739],[-64.39477,1.39219],[-64.40901,1.50751],[-64.73088,1.24757],[-64.83929,1.27083],[-65.02249,1.13998],[-65.13677,1.12691],[-65.20304,0.92382],[-65.3272,0.91028],[-65.45122,0.69014],[-65.56049,0.65603],[-65.517,0.86279],[-65.58294,0.97767],[-65.74544,0.97415],[-65.97408,0.80698],[-66.15634,0.73303],[-66.40708,0.80207],[-66.87506,1.22251],[-67.06523,1.17269],[-67.0982,1.25336],[-67.0736,1.5412],[-67.11716,1.70979],[-67.34061,2.09011],[-67.43973,2.13956],[-67.59295,2.05481],[-67.79046,1.81258],[-67.99825,1.74997],[-68.20082,2.00784],[-68.28025,1.8294],[-68.1633,1.72129],[-69.3524,1.72021],[-69.5803,1.77023],[-69.85617,1.70768],[-69.85219,1.05942],[-69.37085,1.06299],[-69.28881,1.03844],[-69.15239,0.8678],[-69.18926,0.71515],[-69.13745,0.65014],[-69.36256,0.64094],[-69.50371,0.72962],[-69.61916,0.65066],[-70.05425,0.58813],[-70.07381,-0.1249],[-69.94436,-0.30546],[-69.63208,-0.50689],[-69.58422,-0.64456],[-69.62838,-0.73344],[-69.53924,-0.92061],[-69.44997,-0.99679],[-69.39945,-1.18272],[-69.5657,-2.10597],[-69.77116,-3.23417],[-69.9472,-4.20114],[-69.96495,-4.23648],[-70.06334,-4.32847],[-70.15726,-4.27018],[-70.20563,-4.34294],[-70.3111,-4.17086],[-70.42993,-4.13417],[-70.58527,-4.19452],[-70.63106,-4.11897],[-70.83223,-4.17943],[-70.96869,-4.38531],[-71.28849,-4.38076],[-71.36326,-4.45921],[-71.50615,-4.44857],[-71.66521,-4.50758],[-71.77435,-4.48153],[-72.07113,-4.60514],[-72.25106,-4.75883],[-72.62727,-5.02243],[-72.91795,-5.13209],[-72.89666,-5.27161],[-72.9735,-5.46612],[-73.00135,-5.7088],[-73.14,-5.8785],[-73.23478,-6.07756],[-73.13178,-6.43526],[-73.19896,-6.54565],[-73.37068,-6.58389],[-73.68508,-6.81188],[-73.76549,-6.90418],[-73.81234,-7.10292],[-73.71309,-7.30467],[-73.90202,-7.3734],[-74.01847,-7.54352],[-73.8388,-7.72056],[-73.71216,-7.78815],[-73.79464,-7.87414],[-73.66803,-8.01377],[-73.52654,-8.37241],[-73.35642,-8.47979],[-73.35058,-8.59834],[-73.17457,-8.72071],[-72.97608,-8.98539],[-72.95939,-9.08565],[-73.21498,-9.40904],[-72.8133,-9.4109],[-72.43022,-9.48221],[-72.30677,-9.54091],[-72.26522,-9.76219],[-72.16042,-9.88766],[-72.19567,-10.00559],[-71.39143,-10.00683],[-71.1965,-9.93986],[-71.01543,-9.81749],[-70.87549,-9.66049],[-70.52499,-9.43095],[-70.62442,-9.56582],[-70.54341,-9.72695],[-70.63845,-9.8518],[-70.64134,-11.0108],[-70.53411,-10.93814],[-70.43727,-11.03674],[-70.2894,-11.06475],[-69.95611,-10.91933],[-69.57763,-10.9523],[-69.39594,-10.93504],[-68.75763,-11.01194],[-68.78701,-11.12604],[-68.61573,-11.1125],[-68.29332,-10.97897],[-68.09788,-10.69774],[-67.86265,-10.65878],[-67.72173,-10.70549],[-67.58463,-10.50179],[-67.33782,-10.32609],[-67.0643,-10.25694],[-66.90266,-10.09313],[-66.63187,-9.9043],[-66.45286,-9.8887],[-66.19066,-9.80085],[-65.70996,-9.75599],[-65.58398,-9.83723],[-65.45184,-9.68137],[-65.30438,-9.82565],[-65.33329,-9.92683],[-65.28808,-10.21622],[-65.41094,-10.44918],[-65.43569,-10.62581],[-65.3997,-10.81226],[-65.30299,-10.99075],[-65.39474,-11.15343],[-65.29247,-11.50472],[-65.22265,-11.51743],[-65.1962,-11.74181],[-65.06556,-11.75308],[-64.99745,-11.99627],[-64.7925,-12.03255],[-64.71628,-12.14654],[-64.46906,-12.26106],[-64.48978,-12.37361],[-64.39573,-12.45733],[-63.92124,-12.54435],[-63.8014,-12.45495],[-63.49614,-12.55334],[-63.39331,-12.66455],[-63.23595,-12.69855],[-63.07503,-12.65266],[-62.9753,-12.85286],[-62.8074,-12.98887],[-62.42748,-13.12457],[-62.17245,-13.11785],[-61.84798,-13.5308],[-61.58807,-13.50765],[-61.45875,-13.54372],[-61.34772,-13.4937],[-61.1491,-13.51984],[-61.04722,-13.46455],[-60.56607,-13.76996],[-60.47263,-13.79786],[-60.38796,-13.98938],[-60.46827,-14.10369],[-60.46434,-14.27835],[-60.29172,-14.63006],[-60.27497,-15.09515],[-60.58224,-15.09887],[-60.23797,-15.50267],[-60.17981,-16.22201],[-60.12984,-16.27306],[-58.46472,-16.33125],[-58.33956,-16.28929],[-58.3561,-16.50953],[-58.48028,-16.68368],[-58.46627,-16.88729],[-58.38116,-17.26721],[-58.23156,-17.32974],[-58.01017,-17.49676],[-57.79076,-17.55577],[-57.73009,-17.84609],[-57.55108,-18.18364],[-57.78233,-18.91042],[-57.71583,-19.04457],[-57.789,-19.05925],[-58.12464,-19.72991],[-57.85974,-19.98012],[-58.1588,-20.16512],[-58.08299,-20.37617],[-57.9894,-20.43312],[-57.98062,-20.69274],[-57.85768,-20.73987],[-57.94041,-20.79361],[-57.81758,-20.9536],[-57.85556,-21.33074],[-57.92992,-21.45311],[-57.89561,-21.68844],[-57.98682,-22.03529],[-57.84388,-22.14371],[-57.65449,-22.10454],[-57.61407,-22.17699],[-57.38499,-22.21327],[-57.21379,-22.18815],[-56.84286,-22.28903],[-56.66457,-22.25998],[-56.5113,-22.09141],[-56.4218,-22.07446],[-56.1968,-22.27931],[-55.87439,-22.31734],[-55.76023,-22.39196],[-55.74127,-22.53718],[-55.6312,-22.62678],[-55.63781,-23.00071],[-55.53524,-23.22912],[-55.53053,-23.60347],[-55.44532,-23.73545],[-55.39803,-23.97683],[-55.20086,-24.01951],[-54.94364,-23.96918],[-54.63922,-23.80444],[-54.24529,-24.05062],[-54.33464,-24.14891],[-54.26105,-24.32947],[-54.3213,-24.62837],[-54.46228,-25.03723],[-54.42972,-25.13056],[-54.60981,-25.43276],[-54.6002,-25.57494],[-54.46057,-25.64205],[-54.10716,-25.50056],[-54.12597,-25.55203],[-53.90996,-25.62924],[-53.82619,-25.97268],[-53.66672,-26.21917],[-53.72444,-26.37606],[-53.74604,-26.69387],[-53.7107,-26.87381],[-53.84201,-27.16351],[-53.96412,-27.154],[-54.09176,-27.28515],[-54.17702,-27.2434],[-54.28689,-27.4284],[-54.34771,-27.3943],[-54.89827,-27.62364],[-54.91321,-27.73691],[-55.08115,-27.77825],[-55.02581,-27.84016],[-55.31411,-27.91499],[-55.44075,-28.0789],[-55.60474,-28.11694],[-55.77253,-28.23197],[-55.6636,-28.32654],[-55.70569,-28.40767],[-55.84235,-28.34638],[-55.89806,-28.46069],[-56.1847,-28.74419],[-56.28615,-28.78015],[-56.41575,-29.05135],[-56.61729,-29.16091],[-56.67703,-29.31335],[-57.09416,-29.75198],[-57.29151,-29.81513],[-57.32515,-29.98101],[-57.6117,-30.18296],[-57.60279,-30.19052]]],[[[-38.9442,-13.39463],[-39.03258,-13.39251],[-38.94949,-13.65802],[-38.89635,-13.45355],[-38.9442,-13.39463]]],[[[-38.61461,-12.92498],[-38.7849,-13.04974],[-38.78653,-13.13388],[-38.58747,-12.98691],[-38.61461,-12.92498]]],[[[-44.49779,-2.80682],[-44.54768,-2.74407],[-44.59801,-3.06015],[-44.4973,-2.94931],[-44.49779,-2.80682]]],[[[-43.62731,-2.25205],[-43.74252,-2.41174],[-43.6348,-2.39989],[-43.62731,-2.25205]]],[[[-49.28795,-1.75848],[-49.33812,-1.71266],[-49.45299,-1.85019],[-49.36742,-1.89511],[-49.28795,-1.75848]]],[[[-44.89224,-1.2719],[-44.97435,-1.26035],[-44.98034,-1.39609],[-44.89224,-1.2719]]],[[[-48.33898,-1.0665],[-48.46207,-1.16448],[-48.37987,-1.21722],[-48.33898,-1.0665]]],[[[-48.19494,-0.81943],[-48.31265,-0.9533],[-48.20739,-1.01784],[-48.15587,-0.86631],[-48.19494,-0.81943]]],[[[-50.8192,-0.62021],[-50.84093,-0.55869],[-51.06627,-0.67604],[-51.09415,-0.82627],[-50.84313,-0.716],[-50.8192,-0.62021]]],[[[-47.66051,-0.5792],[-47.76138,-0.57577],[-47.71562,-0.63655],[-47.70153,-0.70957],[-47.66051,-0.5792]]],[[[-51.18602,-0.61395],[-51.30834,-0.51873],[-51.50512,-0.60711],[-51.67577,-0.84677],[-51.66836,-1.05755],[-51.87247,-1.24326],[-51.95409,-1.42246],[-51.78563,-1.44996],[-51.4348,-1.1867],[-51.33145,-1.00994],[-51.28596,-1.03167],[-51.15563,-0.68157],[-51.18602,-0.61395]]],[[[-51.16527,-0.14031],[-51.26427,-0.2195],[-51.3756,-0.46054],[-51.14883,-0.26385],[-51.16527,-0.14031]]],[[[-48.46251,-0.5761],[-48.37312,-0.37371],[-48.42723,-0.25994],[-48.89196,-0.21592],[-48.88049,-0.16365],[-49.2154,-0.14121],[-49.45958,-0.2234],[-49.65347,-0.24114],[-50.09577,-0.13226],[-50.36815,-0.10564],[-50.65469,-0.26385],[-50.7799,-0.66058],[-50.79255,-1.01865],[-50.55972,-1.1832],[-50.79255,-1.0862],[-50.80419,-1.42498],[-50.58788,-1.6845],[-50.60668,-1.76482],[-50.40518,-1.83099],[-50.29699,-1.80348],[-50.23766,-1.62127],[-50.15502,-1.77898],[-50.02595,-1.66074],[-50.00231,-1.74554],[-49.82356,-1.81658],[-49.55175,-1.72088],[-49.50398,-1.5866],[-49.37244,-1.64663],[-49.39411,-1.5289],[-49.29373,-1.61753],[-49.18773,-1.6076],[-49.15144,-1.40162],[-49.06578,-1.53191],[-48.83922,-1.44256],[-48.79308,-1.27972],[-48.84203,-1.21331],[-48.64281,-1.08359],[-48.66511,-1.00311],[-48.53751,-0.89446],[-48.46251,-0.5761]]],[[[-50.97374,-0.29119],[-50.92341,-0.3305],[-50.62743,-0.08571],[-50.766,0.04637],[-50.94727,-0.01197],[-51.03279,-0.16823],[-50.97374,-0.29119]]],[[[-49.83235,-0.10312],[-49.71622,-0.14772],[-49.43871,-0.12054],[-49.38109,0.04393],[-49.49657,0.0856],[-49.74047,-0.00034],[-49.83235,-0.10312]]],[[[-50.63427,0.07128],[-50.4475,-0.01515],[-50.4465,0.12585],[-50.61058,0.18342],[-50.63427,0.07128]]],[[[-50.03689,0.29974],[-50.10729,0.22215],[-50.36681,0.2145],[-50.34512,0.04743],[-50.06945,0.01659],[-50.00451,-0.05279],[-49.8297,0.0113],[-49.69237,0.20502],[-49.52895,0.30082],[-49.65023,0.38637],[-49.92162,0.29279],[-50.03689,0.29974]]],[[[-50.37802,0.24499],[-50.32328,0.28696],[-50.36669,0.61994],[-50.43078,0.548],[-50.40831,0.42072],[-50.51675,0.20865],[-50.37802,0.24499]]],[[[-50.31212,0.41397],[-50.28145,0.35655],[-50.04271,0.51032],[-50.06566,0.64728],[-50.2421,0.59296],[-50.31212,0.41397]]],[[[-50.20242,0.74969],[-50.10338,0.75568],[-50.01572,0.89249],[-50.13212,0.91421],[-50.27495,0.80911],[-50.20242,0.74969]]],[[[-50.06258,0.92325],[-49.92638,1.06986],[-50.10032,0.95906],[-50.06258,0.92325]]],[[[-50.45436,2.11094],[-50.52381,2.00148],[-50.45861,1.88101],[-50.3125,1.94707],[-50.39958,2.11511],[-50.45436,2.11094]]],[[[-48.43456,-27.40472],[-48.51708,-27.42832],[-48.56509,-27.81365],[-48.41454,-27.59515],[-48.43456,-27.40472]]],[[[-48.54442,-26.34189],[-48.5476,-26.16725],[-48.70328,-26.31194],[-48.57852,-26.42099],[-48.54442,-26.34189]]],[[[-47.51716,-24.70094],[-47.83186,-24.91326],[-47.78539,-24.92376],[-47.51716,-24.70094]]],[[[-45.21373,-23.90651],[-45.2281,-23.77239],[-45.3247,-23.72527],[-45.44738,-23.87721],[-45.38573,-23.93808],[-45.21373,-23.90651]]],[[[-44.1009,-23.14902],[-44.2412,-23.06976],[-44.3671,-23.16522],[-44.32311,-23.22064],[-44.1009,-23.14902]]]]},"properties":{"ISO_A2":"BR","ISO_A2_EH":"BR","ADM0_A3":"BRA","ISO_A3":"BRA","ADMIN":"Brazil"}},
{"type":"Feature","geometry":{"type":"Polygon","coordinates":[[[-57.60279,-30.19052],[-57.64247,-30.19309],[-57.65273,-30.3291],[-57.84962,-30.48527],[-57.88579,-30.58986],[-57.81789,-30.71203],[-57.80724,-30.90757],[-57.91173,-30.94736],[-57.85525,-31.05898],[-57.90512,-31.24099],[-58.07524,-31.47518],[-57.98682,-31.55414],[-58.05927,-31.81149],[-58.16861,-31.84601],[-58.18655,-32.15292],[-58.10159,-32.31136],[-58.20012,-32.4472],[-58.12047,-32.81927],[-58.04849,-32.91172],[-58.17443,-33.11045],[-58.36693,-33.15374],[-58.41259,-33.37168],[-58.43464,-33.78493],[-58.38882,-33.94207],[-58.1962,-34.15944],[-58.07697,-34.19199],[-57.85535,-34.47097],[-57.62418,-34.43045],[-57.12002,-34.46299],[-56.79529,-34.69849],[-56.37612,-34.78273],[-56.31127,-34.90618],[-56.06963,-34.901],[-55.79205,-34.77413],[-55.37694,-34.80145],[-55.26024,-34.89764],[-55.08214,-34.88397],[-54.93932,-34.9699],[-54.25967,-34.68597],[-54.1459,-34.66758],[-53.97224,-34.48724],[-53.76488,-34.39039],[-53.71101,-34.19883],[-53.53946,-34.06243],[-53.47305,-33.83457],[-53.37909,-33.74068],[-53.53965,-33.64926],[-53.51153,-33.09922],[-53.32731,-32.97364],[-53.11084,-32.72239],[-53.41562,-32.56416],[-53.64868,-32.33864],[-53.77183,-32.04709],[-54.06881,-31.87991],[-54.13506,-31.90896],[-54.46372,-31.67186],[-54.59152,-31.47105],[-54.81978,-31.43529],[-55.02937,-31.26879],[-55.08725,-31.32677],[-55.25998,-31.22869],[-55.35385,-31.05629],[-55.59187,-30.84835],[-55.86426,-31.07676],[-56.01136,-31.08213],[-56.01136,-30.79822],[-56.23509,-30.56537],[-56.3726,-30.48589],[-56.83128,-30.10204],[-57.07711,-30.10607],[-57.2126,-30.28735],[-57.53599,-30.27443],[-57.60279,-30.19052]]]},"properties":{"ISO_A2":"UY","ISO_A2_EH":"UY","ADM0_A3":"URY","ISO_A3":"URY","ADMIN":"Uruguay"}},
{"type":"Feature","geometry":{"type":"Polygon","coordinates":[[[116.68428,49.82327],[116.57545,49.92176],[116.21764,50.01385],[115.7509,49.88497],[115.3687,49.89541],[114.99735,50.14433],[114.75375,50.23621],[114.28629,50.27688],[113.84983,50.08072],[113.57966,50.01995],[113.21245,49.82203],[113.04367,49.5886],[112.73372,49.49279],[112.43224,49.52917],[112.0302,49.41187],[111.33845,49.36474],[110.73136,49.13767],[110.37118,49.24175],[110.18142,49.16196],[109.72853,49.26645],[109.1606,49.34665],[108.53806,49.32743],[108.25053,49.52241],[107.93949,49.66322],[107.94652,49.93349],[107.22491,49.99705],[106.97366,50.19637],[106.65652,50.32701],[106.24486,50.29027],[105.98488,50.39977],[105.32864,50.47646],[104.4058,50.30055],[104.19812,50.17001],[103.78527,50.18614],[103.66807,50.13121],[103.25311,50.21497],[103.20169,50.29698],[102.97411,50.29564],[102.58659,50.41527],[102.32764,50.54555],[102.32939,50.71882],[102.21679,50.79886],[102.22966,50.97927],[102.14651,51.09763],[102.18387,51.3239],[102.05122,51.38361],[101.48205,51.47288],[101.3878,51.45056],[100.5109,51.7269],[100.00597,51.73173],[99.67932,51.88867],[99.32389,51.93422],[98.8864,52.12855],[98.71111,51.84511],[98.33222,51.71832],[98.22039,51.47521],[98.05089,51.46642],[97.91571,51.30062],[97.80636,51.00113],[97.99023,50.83561],[98.0233,50.64203],[98.29346,50.51862],[98.26246,50.28381],[98.10557,50.06387],[97.82993,49.92331],[97.56658,49.9168],[97.57361,49.8475],[97.30169,49.72555],[97.15296,49.75025],[96.9692,49.88667],[96.70193,49.91375],[96.37286,49.88605],[95.86705,50.01498],[95.52061,49.88962],[95.35473,49.9477],[95.0764,49.94553],[94.92158,50.04589],[94.62454,50.01519],[94.34435,50.24918],[94.23759,50.56524],[93.53634,50.58472],[93.01141,50.62332],[92.9617,50.77788],[92.76026,50.77075],[92.64978,50.67407],[92.30168,50.84336],[92.15885,50.6891],[91.74978,50.68409],[91.41574,50.46137],[91.01205,50.4253],[90.71759,50.28076],[90.05123,50.08418],[89.96942,49.96708],[89.62386,49.90269],[89.68231,49.70834],[89.37194,49.58168],[89.21645,49.63449],[89.16074,49.50272],[88.87063,49.436],[88.63354,49.49124],[88.17475,49.44386],[88.14395,49.27074],[87.81632,49.16584],[87.8726,48.96802],[87.7569,48.92037],[87.80589,48.80059],[88.06385,48.68261],[87.94283,48.59949],[88.56512,48.34299],[88.58077,48.21199],[88.93233,48.09696],[89.04555,47.99299],[89.5418,48.03102],[89.7513,47.82432],[90.04461,47.87977],[90.08285,47.7561],[90.3448,47.65864],[90.46872,47.30892],[90.71212,47.0147],[90.82818,46.9823],[91.00481,46.74043],[91.0475,46.56641],[90.89619,46.30203],[91.00244,46.02184],[90.71077,45.7522],[90.65114,45.49314],[90.73796,45.44172],[90.87324,45.18618],[91.13504,45.19786],[91.24914,45.1297],[91.45605,45.13745],[91.66296,45.05953],[92.0094,45.07622],[92.19368,45.01451],[92.47511,44.99746],[92.75272,45.03798],[93.52528,44.95126],[93.714,44.87458],[93.92742,44.67293],[94.19501,44.65433],[94.33846,44.51212],[94.58806,44.4361],[94.69823,44.3435],[95.03681,44.25497],[95.37943,44.28712],[95.32755,44.00667],[95.51027,43.97913],[95.83284,43.4089],[95.90849,43.21455],[96.29431,42.93327],[96.35064,42.74091],[96.47466,42.73215],[97.19327,42.78726],[98.66223,42.64362],[99.47448,42.5642],[100.01698,42.67652],[101.21871,42.52983],[101.6376,42.51544],[102.03416,42.18461],[103.07348,42.00452],[103.72099,41.75557],[104.50078,41.8706],[104.49799,41.66578],[104.89234,41.64477],[105.01481,41.59614],[105.27448,41.75546],[105.86861,41.99348],[106.76783,42.28662],[108.17736,42.45431],[108.79685,42.39837],[108.99446,42.44953],[109.48513,42.4493],[109.66734,42.54898],[110.07486,42.64352],[110.40673,42.76861],[110.93372,43.28777],[111.09609,43.36666],[111.59725,43.52339],[111.75383,43.6632],[111.93335,43.69664],[111.83879,43.93879],[111.63446,44.06594],[111.39644,44.3466],[111.55136,44.69319],[111.73853,44.9663],[112.01149,45.08748],[112.44133,45.05239],[112.61424,44.90884],[113.10486,44.79437],[113.63506,44.74626],[113.88931,44.90827],[114.05529,44.94057],[114.41889,45.20148],[114.53371,45.3855],[114.73732,45.42503],[114.93886,45.37377],[115.33728,45.3947],[115.63783,45.44436],[116.01197,45.67856],[116.16989,45.7091],[116.2132,45.90816],[116.35717,46.10556],[116.60356,46.30932],[116.80458,46.38291],[117.30171,46.35014],[117.3938,46.57137],[117.55627,46.6016],[117.69621,46.51225],[118.23829,46.71539],[118.72007,46.67674],[118.81624,46.75818],[119.31693,46.61168],[119.68012,46.59163],[119.90419,46.70893],[119.89292,46.90551],[119.77014,46.993],[119.69996,47.15953],[119.2819,47.41486],[119.08346,47.66156],[118.76741,47.75616],[118.54225,47.96625],[118.18248,48.02821],[117.74168,47.97759],[117.36083,47.65087],[117.06968,47.81016],[116.85326,47.87212],[116.49969,47.83636],[116.24389,47.86289],[115.9729,47.70905],[115.8527,47.70557],[115.56187,47.9332],[115.51453,48.1221],[115.80929,48.27395],[115.8004,48.53037],[116.02819,48.76746],[116.03781,48.87015],[116.68428,49.82327]]]},"properties":{"ISO_A2":"MN","ISO_A2_EH":"MN","ADM0_A3":"MNG","ISO_A3":"MNG","ADMIN":"Mongolia"}},
{"type":"Feature","geometry":{"type":"MultiPolygon","coordinates":[[[[87.81632,49.16584],[88.14395,49.27074],[88.17475,49.44386],[88.63354,49.49124],[88.87063,49.436],[89.16074,49.50272],[89.21645,49.63449],[89.37194,49.58168],[89.68231,49.70834],[89.62386,49.90269],[89.96942,49.96708],[90.05123,50.08418],[90.71759,50.28076],[91.01205,50.4253],[91.41574,50.46137],[91.74978,50.68409],[92.15885,50.6891],[92.30168,50.84336],[92.64978,50.67407],[92.76026,50.77075],[92.9617,50.77788],[93.01141,50.62332],[93.53634,50.58472],[94.23759,50.56524],[94.34435,50.24918],[94.62454,50.01519],[94.92158,50.04589],[95.0764,49.94553],[95.35473,49.9477],[95.52061,49.88962],[95.86705,50.01498],[96.37286,49.88605],[96.70193,49.91375],[96.9692,49.88667],[97.15296,49.75025],[97.30169,49.72555],[97.57361,49.8475],[97.56658,49.9168],[97.82993,49.92331],[98.10557,50.06387],[98.26246,50.28381],[98.29346,50.51862],[98.0233,50.64203],[97.99023,50.83561],[97.80636,51.00113],[97.91571,51.30062],[98.05089,51.46642],[98.22039,51.47521],[98.33222,51.71832],[98.71111,51.84511],[98.8864,52.12855],[99.32389,51.93422],[99.67932,51.88867],[100.00597,51.73173],[100.5109,51.7269],[101.3878,51.45056],[101.48205,51.47288],[102.05122,51.38361],[102.18387,51.3239],[102.14651,51.09763],[102.22966,50.97927],[102.21679,50.79886],[102.32939,50.71882],[102.32764,50.54555],[102.58659,50.41527],[102.97411,50.29564],[103.20169,50.29698],[103.25311,50.21497],[103.66807,50.13121],[103.78527,50.18614],[104.19812,50.17001],[104.4058,50.30055],[105.32864,50.47646],[105.98488,50.39977],[106.24486,50.29027],[106.65652,50.32701],[106.97366,50.19637],[107.22491,49.99705],[107.94652,49.93349],[107.93949,49.66322],[108.25053,49.52241],[108.53806,49.32743],[109.1606,49.34665],[109.72853,49.26645],[110.18142,49.16196],[110.37118,49.24175],[110.73136,49.13767],[111.33845,49.36474],[112.0302,49.41187],[112.43224,49.52917],[112.73372,49.49279],[113.04367,49.5886],[113.21245,49.82203],[113.57966,50.01995],[113.84983,50.08072],[114.28629,50.27688],[114.75375,50.23621],[114.99735,50.14433],[115.3687,49.89541],[115.7509,49.88497],[116.21764,50.01385],[116.57545,49.92176],[116.68428,49.82327],[117.05759,49.67289],[117.47286,49.61429],[117.75884,49.51274],[118.16863,49.67149],[118.64437,49.95458],[119.09168,49.98656],[119.31621,50.09265],[119.3529,50.34551],[119.14123,50.37662],[119.29358,50.59924],[119.49666,50.73706],[119.51796,50.9048],[119.74828,51.0834],[120.1082,51.66519],[120.56632,51.90533],[120.6476,51.91102],[120.77917,52.1176],[120.62616,52.34681],[120.72398,52.54217],[120.42994,52.63609],[120.05642,52.60051],[120.03296,52.76066],[120.28018,52.86592],[120.87426,53.28016],[121.20349,53.27675],[121.88897,53.43059],[122.33784,53.49131],[122.85966,53.47395],[123.25256,53.56779],[123.5419,53.5141],[123.61429,53.56335],[124.23271,53.38165],[124.4082,53.23569],[124.88042,53.17252],[125.12743,53.20655],[125.73355,52.98165],[126.06862,52.67989],[125.97317,52.63157],[126.21233,52.53305],[126.43929,52.27529],[126.31671,52.19976],[126.53117,52.15266],[126.44606,51.98254],[126.64791,51.74126],[126.67514,51.58838],[126.90195,51.401],[126.80898,51.28907],[126.91632,51.23277],[126.93177,51.06378],[127.28735,50.75101],[127.36481,50.55475],[127.33066,50.3282],[127.57839,50.22055],[127.48667,50.02563],[127.50811,49.82234],[127.83088,49.59387],[128.09247,49.54158],[128.38351,49.57935],[128.79692,49.57248],[128.75021,49.48453],[129.01459,49.43109],[129.08786,49.35208],[129.36206,49.34981],[129.50241,49.41078],[129.57176,49.27984],[129.71118,49.27415],[129.91344,49.03954],[130.24934,48.86451],[130.67433,48.87082],[130.53325,48.63579],[130.63929,48.47725],[130.7443,48.49733],[130.82212,48.33377],[130.68239,48.05035],[130.90698,47.88426],[131.02335,47.68228],[131.41837,47.74262],[131.57743,47.66856],[132.52466,47.70753],[132.67462,47.95061],[132.82066,47.94237],[133.09196,48.10678],[133.46372,48.08952],[133.72127,48.24476],[134.38635,48.38134],[134.70085,48.26153],[134.56722,48.04038],[134.77258,47.71073],[134.48464,47.43018],[134.29281,47.40972],[134.15412,47.25789],[134.22729,47.11775],[134.12425,47.07051],[133.98803,46.62517],[133.84933,46.48029],[133.90245,46.25899],[133.68737,46.14184],[133.65813,45.93451],[133.51436,45.87927],[133.42517,45.58042],[133.14022,45.43542],[133.11542,45.12304],[132.95336,45.02439],[131.96965,45.23383],[131.81803,45.33279],[131.62776,45.19848],[131.60905,45.0897],[131.4195,44.95896],[130.93343,44.84171],[131.06583,44.68203],[131.26447,44.05421],[131.17032,43.7811],[131.16691,43.52107],[131.28091,43.38022],[131.08547,43.0421],[131.10304,42.91043],[130.99245,42.84873],[130.76952,42.86581],[130.40716,42.73538],[130.58452,42.5689],[130.53077,42.53048],[130.69996,42.29511],[130.86964,42.53547],[130.65667,42.66408],[131.12035,42.66719],[131.20118,42.61403],[131.27313,42.77733],[131.47169,42.87324],[131.38624,42.91429],[131.73072,43.17414],[131.76425,43.29169],[131.9568,43.30585],[131.99684,43.23872],[131.84718,43.08991],[131.95224,43.07197],[132.30543,43.31904],[132.28932,42.88272],[132.5027,42.9243],[132.57789,42.8404],[132.73976,42.90717],[132.81593,42.75642],[132.98976,42.82697],[133.15773,42.68842],[133.52443,42.82624],[133.92677,42.88272],[134.1937,43.07978],[134.58717,43.22899],[134.9747,43.45954],[135.1399,43.50837],[135.22682,43.6822],[135.48789,43.83271],[135.46363,43.94965],[135.62403,44.03848],[135.65585,44.16869],[135.88868,44.40152],[136.12257,44.47553],[136.36476,44.79255],[136.55348,44.89497],[136.82553,45.20409],[137.14454,45.37466],[137.39674,45.62393],[137.67148,45.79462],[137.78207,45.94599],[138.10035,46.22797],[138.2024,46.45433],[138.34457,46.54873],[138.34913,46.66425],[138.53476,46.98664],[138.89072,47.30516],[138.95899,47.31342],[139.26173,47.78791],[140.04347,48.33625],[140.16505,48.44941],[140.26694,48.86237],[140.39796,48.99274],[140.3768,49.14354],[140.5608,49.57539],[140.54225,49.75678],[140.41578,49.8627],[140.66066,50.05801],[140.52296,50.15107],[140.54542,50.34406],[140.44288,50.54438],[140.54225,50.87714],[140.70818,51.07355],[140.70574,51.33478],[140.89601,51.42878],[140.90561,51.61542],[141.10922,51.67878],[141.20021,51.82368],[141.42953,51.94196],[141.34278,52.09382],[141.54469,52.21772],[141.41432,52.22175],[141.11769,52.44896],[141.28061,52.57876],[141.19777,52.84882],[140.99383,52.92585],[140.86069,53.11848],[141.13185,52.98749],[141.43295,53.14887],[141.41188,53.29365],[141.25123,53.31098],[140.93377,53.47651],[141.02622,53.49213],[140.58123,53.63931],[140.25196,53.89057],[140.24057,54.05695],[140.00172,54.12299],[139.79705,54.29743],[139.37184,54.19587],[139.16188,54.20474],[138.73854,54.31599],[138.67579,54.07152],[138.76059,53.97525],[138.65577,53.73176],[138.50213,53.54352],[138.2461,53.56635],[138.57993,53.82832],[138.57862,53.99934],[138.39568,53.92841],[138.29819,53.75617],[137.91822,53.58662],[137.33513,53.52936],[137.21168,53.58771],[137.47722,53.66584],[137.77133,53.94355],[137.32008,54.04947],[137.68458,54.2766],[137.45143,54.31761],[137.06137,54.1457],[137.29086,54.03571],[137.10792,53.80793],[136.95777,53.85765],[136.68474,53.8085],[136.68914,54.01227],[136.78028,54.06379],[136.88331,54.59138],[136.66245,54.68525],[136.53492,54.59553],[136.24928,54.62043],[135.75017,54.57095],[135.65415,54.66596],[135.26515,54.72167],[135.21957,54.89412],[135.53426,55.08657],[135.86894,55.17389],[136.21978,55.35459],[136.31902,55.48656],[136.56552,55.6232],[136.77328,55.66055],[136.90992,55.77127],[137.57195,56.11652],[137.69803,56.1262],[137.91407,56.35953],[138.22348,56.42416],[138.11484,56.5281],[138.66162,56.97794],[138.92248,57.05812],[139.19654,57.27265],[139.41846,57.29719],[139.56307,57.43006],[139.78968,57.48273],[139.98154,57.68774],[140.49573,57.84477],[140.66676,58.19111],[140.90431,58.38276],[141.58373,58.61775],[141.94679,58.94302],[142.26238,59.12458],[143.15968,59.35391],[143.49362,59.31852],[143.90391,59.42271],[144.45485,59.37495],[145.00076,59.36958],[145.95701,59.41672],[145.82496,59.24128],[146.05029,59.13887],[146.32296,59.17995],[146.31914,59.40169],[146.43964,59.46041],[146.71957,59.3819],[147.27149,59.3321],[147.546,59.23755],[147.73854,59.2624],[147.91385,59.39047],[148.39373,59.3793],[148.43747,59.26232],[148.93452,59.23327],[148.98991,59.37538],[148.73571,59.36839],[148.8152,59.53449],[148.96844,59.45222],[149.20135,59.52489],[149.13291,59.64074],[149.59773,59.75821],[150.45681,59.61259],[150.53556,59.47897],[150.92584,59.44764],[150.93711,59.55587],[151.42463,59.59772],[151.63758,59.48248],[151.76027,59.29926],[152.13673,59.29621],[152.31183,59.22665],[152.10936,59.1558],[151.76604,59.13363],[151.43773,59.17032],[151.08805,59.10202],[151.35909,58.85599],[152.0203,58.87504],[152.33937,59.05549],[152.55674,58.94998],[152.91605,58.91656],[153.0901,59.08309],[153.33728,59.08989],[153.36915,59.24128],[153.80201,59.17231],[154.04868,59.0528],[154.35771,59.11059],[154.50157,59.21789],[154.80488,59.13223],[154.8133,59.19417],[155.1941,59.17577],[155.16676,59.37934],[154.9629,59.49608],[154.78295,59.47129],[154.41831,59.54629],[154.26378,59.43688],[154.07504,59.50918],[154.25132,59.69914],[154.22077,59.86962],[154.4878,59.89631],[154.40784,60.06293],[154.5637,60.09371],[154.9524,60.36742],[155.82985,60.72899],[156.09117,61.00157],[156.3739,61.14877],[156.66292,61.21089],[156.67946,61.52402],[156.92383,61.55181],[157.0276,61.65058],[157.46451,61.78211],[158.08016,61.734],[158.26023,61.82593],[158.85304,61.82632],[158.92075,61.90302],[159.35987,61.89301],[159.51942,61.67465],[159.88074,61.70521],[160.03901,61.84625],[160.34571,61.94473],[160.41396,61.76478],[160.25905,61.69038],[160.28514,61.55411],[160.03499,61.45905],[159.77562,61.24221],[159.90773,61.25943],[160.00014,61.10612],[159.82798,60.93214],[160.20197,61.03822],[160.44422,61.03622],[160.1701,60.8249],[160.25169,60.77242],[160.15439,60.57634],[160.66093,60.75262],[160.79162,60.7177],[160.91515,60.89965],[161.56715,61.18374],[161.59563,61.25518],[161.98639,61.37262],[162.41725,61.67585],[162.80353,61.71099],[163.0447,61.51713],[163.34339,61.70569],[162.9784,61.80951],[163.19312,62.06662],[163.09149,62.22664],[163.36892,62.32767],[163.18505,62.44275],[163.26705,62.522],[163.90841,62.58437],[164.05513,62.6561],[164.59794,62.67307],[164.76566,62.55832],[165.11003,62.48533],[165.23056,62.39534],[164.53831,62.45111],[164.12719,62.26238],[164.04482,61.68343],[163.86606,61.64652],[163.77569,61.41321],[164.02882,61.34663],[163.4873,61.00166],[163.77426,60.91852],[163.34566,60.79929],[162.88898,60.75248],[162.75367,60.64594],[162.20623,60.53803],[161.93856,60.41679],[161.89721,60.20296],[161.53285,60.06762],[161.2839,59.87053],[160.80494,59.60537],[160.49732,59.55248],[160.31031,59.34614],[159.86443,59.14057],[159.72779,58.88304],[159.02377,58.41478],[158.6548,58.26944],[158.22877,58.03864],[158.0569,57.99022],[157.72316,58.0246],[157.4699,57.80394],[157.24187,57.77049],[156.98146,57.85712],[156.80104,57.77338],[156.93068,57.65843],[157.00129,57.42551],[156.67547,57.04621],[156.57325,57.11372],[156.46128,56.94841],[156.04762,56.76509],[155.92433,56.58454],[155.65309,55.92133],[155.55118,55.28421],[155.61004,54.89492],[155.72804,54.42683],[155.9358,53.86518],[156.1112,52.93542],[156.43919,52.21603],[156.50123,51.77505],[156.48317,51.45897],[156.53549,51.28925],[156.72187,51.19548],[156.7197,50.88645],[157.04591,51.1236],[157.44654,51.3479],[157.53688,51.48607],[157.75919,51.54398],[158.28688,51.96752],[158.32496,52.13837],[158.5713,52.39167],[158.46209,52.46052],[158.59783,52.69245],[158.49977,52.77896],[158.64715,52.89936],[158.41505,52.99274],[158.55795,53.07001],[158.70867,52.89179],[159.00327,53.07685],[159.6325,53.25715],[160.0586,53.09736],[159.82504,53.5362],[159.96925,53.5703],[159.81821,53.65965],[159.90154,53.98188],[160.05299,54.17573],[160.74122,54.53522],[161.15089,54.59732],[161.31186,54.49014],[161.72381,54.50943],[162.13015,54.77242],[162.15317,54.84992],[161.87477,55.0786],[161.74769,55.37595],[161.77708,55.60833],[162.1421,56.12906],[162.59254,56.26849],[162.40119,56.36977],[162.68294,56.48387],[162.9099,56.42569],[162.63803,56.22079],[162.82162,56.0562],[163.05121,56.0054],[163.11118,56.10151],[163.36607,56.18066],[163.22762,56.74246],[162.96719,56.70356],[162.7835,56.76303],[162.85985,57.05144],[162.7859,57.14545],[162.83312,57.38331],[163.07483,57.461],[163.32951,57.70895],[163.21894,57.81346],[163.00387,57.83753],[162.7116,57.96674],[162.5298,57.93651],[162.52179,57.75416],[162.21461,57.82172],[162.02556,57.92878],[161.99323,58.08739],[162.16987,58.40592],[162.40529,58.65445],[163.07776,59.00759],[162.94711,59.15876],[163.26187,59.08083],[163.08058,59.27131],[163.31251,59.28754],[163.16871,59.51057],[163.39015,59.63154],[163.37818,59.81436],[163.69801,59.90404],[163.62867,60.04658],[164.01735,60.03579],[164.16432,59.96345],[164.48854,60.11103],[164.68637,59.99335],[164.80714,59.78962],[165.21209,59.99136],[165.12965,60.08417],[165.72145,60.26972],[166.05226,60.45384],[166.39283,60.48041],[166.1753,60.12031],[166.10955,59.82746],[166.36118,59.88386],[167.04811,60.32844],[168.09637,60.57148],[168.48471,60.59858],[168.62477,60.55561],[169.24781,60.56733],[169.70777,60.39948],[169.95582,60.05923],[170.26515,59.92036],[170.40065,59.96564],[170.50229,60.27253],[170.81072,60.51211],[171.17945,60.55891],[171.58473,60.80012],[172.00685,60.85521],[172.24269,61.01984],[172.38608,61.22744],[172.64674,61.19111],[172.93133,61.35155],[172.71559,61.43073],[172.89715,61.47232],[173.12843,61.39696],[173.48113,61.55524],[173.54461,61.74909],[173.80494,61.64985],[174.01352,61.81733],[174.48976,61.81464],[174.81512,61.94701],[175.23032,62.04393],[175.29884,62.1166],[176.27931,62.31708],[176.709,62.49921],[177.23927,62.56977],[176.931,62.6944],[177.33253,62.80679],[177.30681,62.5821],[178.06105,62.54108],[178.93816,62.36603],[179.08953,62.28974],[179.14877,62.49604],[179.38364,62.52082],[179.60906,62.70563],[179.5407,62.84894],[179.24952,62.98469],[179.41782,63.11652],[179.29957,63.21459],[178.59547,63.41132],[178.71127,63.57001],[178.37233,63.52237],[178.37192,63.63068],[178.75929,63.62299],[178.65691,63.94916],[178.28256,64.35399],[178.00001,64.21035],[177.45362,64.42064],[177.36427,64.56322],[177.49187,64.76752],[176.98585,64.71113],[176.72739,64.57917],[176.03875,64.92182],[176.39715,64.85993],[176.84816,64.85008],[177.02565,64.77436],[177.2977,64.83845],[176.91472,65.0493],[177.43979,64.92512],[177.38942,64.83584],[177.64259,64.74771],[178.21795,64.65827],[178.91179,64.7154],[179.47869,64.82274],[179.77955,65.01822],[180,65.06619],[180,65.06925],[180,65.56787],[180,66.06648],[180,66.5651],[180,67.06371],[180,67.56233],[180,68.06094],[180,68.55956],[180,68.98105],[179.26149,69.27216],[178.36492,69.4868],[178.21217,69.44343],[177.35792,69.61717],[176.73455,69.67475],[176.31316,69.77709],[175.9262,69.77569],[175.52974,69.8563],[175.08838,69.84575],[174.02613,69.88398],[173.92848,69.8454],[173.46079,69.94855],[173.17937,69.84516],[172.79078,69.96271],[171.99448,69.99307],[170.61085,70.11628],[170.59178,69.76473],[170.23155,69.68859],[170.28635,69.57912],[170.58416,69.59955],[170.9131,69.30415],[170.99562,69.12653],[170.89438,68.99323],[170.35109,68.82807],[169.6255,68.77725],[169.45387,68.84545],[169.30421,69.09772],[168.28826,69.24266],[168.24098,69.5583],[167.80201,69.77521],[166.93873,69.5021],[166.07521,69.52326],[165.67473,69.59598],[164.83426,69.5674],[164.43914,69.62075],[164.02703,69.77383],[163.77303,69.6944],[163.16505,69.72089],[162.76881,69.6542],[162.31788,69.66291],[161.4358,69.37987],[161.39926,69.22126],[161.57586,68.9326],[161.34702,68.7014],[161.04689,68.53441],[161.41538,68.982],[160.9629,69.10554],[161.02491,69.28368],[160.92555,69.64208],[160.31861,69.6542],[159.68898,69.89077],[160.10629,70.26374],[160.02491,70.41942],[159.68946,70.67097],[159.2378,70.82929],[157.98911,71.04751],[157.58578,71.07486],[155.93637,71.09935],[154.23878,70.96499],[153.66375,70.86103],[152.99024,70.83462],[152.21095,70.88056],[151.65748,70.99055],[152.10353,71.05012],[151.62257,71.29804],[151.03305,71.39399],[150.63014,71.28486],[150.63502,71.51496],[149.86801,71.46223],[149.9533,71.66987],[149.00522,71.70311],[149.36899,71.9038],[149.70948,71.7729],[150.06691,71.92194],[149.61134,72.14838],[148.40203,72.31094],[147.19557,72.3299],[146.15651,71.82071],[145.34376,71.66328],[144.95346,71.70173],[145.21599,71.84333],[145.80568,71.92902],[145.6211,72.08027],[145.75034,72.20962],[145.96803,72.0705],[146.07895,72.1704],[146.34693,72.12763],[145.99301,72.02973],[145.9725,71.85627],[146.49537,72.06599],[146.92921,72.31265],[145.0687,72.26435],[144.41554,72.17503],[144.94321,72.43818],[145.37176,72.34593],[146.792,72.33072],[146.12469,72.46988],[145.40952,72.55589],[142.54282,72.71784],[142.2317,72.70157],[141.55063,72.77432],[141.27272,72.86636],[140.59425,72.89289],[141.11085,72.58698],[140.57651,72.49632],[139.54176,72.49763],[139.13575,72.3041],[139.19158,72.16267],[139.56072,72.232],[139.8742,72.17817],[139.5739,71.93293],[139.73455,71.67219],[140.03321,71.47211],[139.44337,71.4951],[139.19223,71.41511],[139.0451,71.56904],[138.75603,71.64301],[138.03859,71.55874],[137.82862,71.39399],[138.15008,71.33271],[138.06723,71.22492],[137.55982,71.2412],[137.4922,71.34683],[136.68922,71.53164],[135.98512,71.63483],[135.03297,71.53913],[134.48911,71.37686],[133.65008,71.43651],[133.15162,71.57917],[132.72967,71.76923],[132.79639,71.91092],[132.53932,71.88361],[132.10646,71.51752],[131.96607,71.25458],[131.54615,70.88711],[131.22633,70.75023],[130.87941,70.77391],[130.78907,70.97114],[130.61988,70.8664],[130.30063,70.94013],[130.08041,71.08344],[129.76271,71.14761],[129.3921,71.34683],[129.11695,71.61506],[128.83033,71.67915],[129.30543,71.76089],[129.28688,71.88349],[128.92661,71.73876],[128.19215,72.22834],[127.74708,72.32563],[127.8589,72.42915],[128.93409,72.07298],[129.52166,72.24942],[129.48902,72.35419],[129.11736,72.48151],[128.61134,72.48273],[127.96062,72.66205],[128.47918,72.72455],[129.19842,72.65518],[129.30787,72.71747],[128.12924,72.78608],[128.29078,72.90864],[128.92752,72.98016],[129.35962,72.94001],[129.44351,73.02894],[128.89259,73.21699],[128.23463,73.26537],[128.36492,73.35415],[127.96022,73.34732],[127.98756,73.47085],[127.05047,73.54902],[126.93238,73.42988],[126.38885,73.41181],[126.22657,73.55459],[125.53199,73.43968],[125.65187,73.52546],[125.17937,73.55854],[125.21241,73.64891],[124.33619,73.80484],[123.97381,73.62702],[123.69125,73.60419],[123.59132,73.71699],[123.26645,73.56391],[123.25034,73.39297],[123.55348,73.2176],[123.33815,72.98111],[123.13795,72.91804],[122.61378,73.03095],[122.4367,72.97736],[122.95338,72.89155],[122.31324,72.93439],[122.73219,72.82657],[122.04331,72.89155],[121.96372,72.96369],[121.0547,72.93179],[119.78338,73.01801],[118.91765,73.11953],[118.46241,73.20942],[118.34645,73.40253],[118.48951,73.48444],[118.99757,73.49136],[118.45021,73.58877],[117.44386,73.58877],[116.60288,73.67479],[115.4131,73.7104],[114.67465,73.5926],[114.10914,73.59955],[113.49366,73.51065],[113.8436,73.34732],[113.56235,73.2534],[113.13136,73.44969],[113.4227,73.59064],[113.1115,73.89216],[112.82293,73.99844],[112.95948,73.80659],[112.37184,73.70531],[111.43556,73.81257],[111.15903,74.03734],[111.00782,73.91267],[110.0215,74.01447],[109.5311,73.7753],[109.79957,73.70506],[110.28688,73.70576],[110.66375,73.78726],[110.89861,73.68586],[110.42262,73.6398],[109.85524,73.47142],[109.57635,73.45124],[109.19361,73.55166],[109.2212,73.38711],[108.39332,73.31733],[107.72234,73.16852],[106.35987,73.19428],[106.22381,72.97736],[107.10326,72.85641],[106.65714,72.83195],[106.00229,72.94697],[105.4826,72.76813],[105.11785,72.77513],[105.65065,72.91108],[106.23243,73.32282],[106.64796,73.30671],[107.13356,73.53018],[107.14682,73.61766],[108.06658,73.63532],[108.49171,73.77253],[108.9961,74.01557],[109.89015,74.19701],[109.95118,74.33698],[110.96022,74.54849],[111.46583,74.69733],[111.74383,74.66315],[112.14682,74.87836],[112.87965,74.99291],[113.60524,75.28498],[113.63844,75.51972],[113.29518,75.64497],[112.78883,75.58861],[112.82293,75.73884],[112.55909,75.8513],[113.69166,75.59349],[113.89015,75.85399],[113.55592,75.87596],[113.45973,76.14838],[112.85768,76.1435],[112.67091,76.36311],[112.23211,76.45059],[111.55543,76.68415],[111.13706,76.74681],[110.35857,76.75568],[110.06137,76.6916],[109.33253,76.75849],[108.28631,76.70527],[107.94606,76.73729],[107.84547,76.53482],[106.44874,76.50397],[107.46957,76.90644],[106.82985,77.05467],[105.94321,77.00007],[105.79705,77.11262],[104.87257,77.09073],[104.34571,77.13548],[105.19581,77.19868],[105.97731,77.42524],[105.87371,77.56859],[105.33424,77.541],[104.02329,77.7331],[103.59254,77.63158],[103.25685,77.66376],[102.15773,77.40229],[100.91928,76.9759],[100.86411,76.83804],[101.23463,76.76728],[100.90984,76.56395],[102.1963,76.40884],[101.05714,76.48615],[100.85109,76.54011],[99.50856,76.46874],[98.87477,76.52094],[99.06617,76.3531],[99.55584,76.279],[99.87778,76.09569],[99.85987,75.89948],[99.61264,75.78929],[99.75489,76.04902],[98.71274,76.20498],[98.81642,76.26704],[97.91774,76.12299],[98.21998,76.10253],[97.84254,75.99238],[97.25099,76.0434],[96.83522,75.88898],[96.46144,75.87189],[96.47983,76.01561],[95.57521,75.88898],[96.00489,75.99335],[95.8729,76.13813],[94.73854,76.11563],[93.6858,76.13227],[93.99871,76.05415],[93.02491,76.07526],[92.88819,75.89647],[93.27735,75.98212],[93.54982,75.85301],[91.62086,75.69847],[91.29127,75.62897],[90.9061,75.66743],[89.95411,75.57762],[89.72267,75.45148],[89.13234,75.45283],[88.61166,75.34422],[88.31446,75.18085],[87.91188,75.10078],[87.02459,75.16421],[86.89861,75.08771],[87.73219,75.03864],[87.09718,74.86213],[86.95753,74.60883],[86.32146,74.70767],[86.22088,74.8072],[85.74041,74.63589],[86.49147,74.56696],[86.79591,74.42357],[87.26238,74.35468],[86.25392,74.4195],[86.02003,74.26252],[86.80299,74.18403],[87.24008,73.86083],[87.61736,73.82355],[87.16481,73.6114],[86.20362,73.55785],[87.01075,73.77871],[86.78321,73.90225],[85.60426,73.82193],[85.42701,73.7119],[84.79322,73.76472],[83.48365,73.65546],[81.95688,73.66267],[80.83221,73.57176],[80.57447,73.58417],[80.61004,73.44888],[80.27272,73.30976],[80.32244,73.20262],[80.7505,73.03775],[80.84197,72.92211],[80.63209,72.73379],[80.70411,72.54536],[81.20818,72.35493],[82.18214,72.2862],[82.18507,72.09349],[82.78696,71.90546],[83.36053,71.84064],[83.62818,71.61091],[83.14763,71.24482],[83.47609,70.91791],[83.77467,70.47663],[83.4839,70.33503],[82.95167,70.32514],[83.17677,70.08307],[82.88307,70.08902],[82.66407,70.26016],[83.01051,70.42658],[83.1338,70.88239],[82.87582,70.99677],[82.47869,70.805],[82.44532,70.60651],[82.15724,70.5716],[82.34889,70.2023],[82.08204,70.56538],[82.40838,70.79019],[82.20314,71.01626],[82.35279,71.09626],[82.29656,71.2873],[83.04786,71.41511],[83.05014,71.56159],[83.32049,71.6833],[82.86736,71.78644],[82.19435,71.70775],[81.73666,71.6999],[81.3423,71.76423],[81.24977,71.8592],[80.64723,72.03413],[80.83465,72.08332],[80.0101,72.20775],[79.39145,72.38557],[78.12452,72.38459],[77.46453,72.06757],[77.93776,72.11811],[78.20362,72.00104],[78.10955,71.88044],[77.58465,71.83112],[76.94614,72.04426],[76.35377,71.99909],[75.99684,71.9079],[76.32545,71.55952],[77.67091,71.28612],[77.96901,71.37372],[77.92848,71.25747],[78.27898,71.25894],[78.23756,71.10969],[78.49733,71.11506],[78.45525,70.89468],[78.00172,70.96361],[77.78273,71.14248],[76.01735,71.23701],[75.34262,71.33495],[75.22836,71.40453],[75.53289,71.5423],[75.26319,71.74348],[75.28679,71.95991],[75.7212,72.24958],[75.57203,72.46674],[75.702,72.54702],[75.31886,72.81916],[74.98317,72.87678],[74.74757,72.8083],[74.99952,72.6739],[75.1111,72.34642],[74.9284,72.09813],[74.33155,71.95572],[73.52589,71.82221],[73.48178,71.65274],[73.03338,71.40571],[73.55616,71.25511],[73.95216,70.83682],[74.31788,70.66779],[74.31617,70.52033],[73.73455,70.18089],[73.65992,69.85969],[73.51596,69.74641],[73.89959,69.41401],[73.7518,69.18354],[73.96127,69.08381],[74.24741,69.14191],[74.7728,69.08124],[75.10711,69.10395],[75.50856,69.26142],[76.042,69.23908],[76.75489,69.1247],[76.92905,69.00935],[77.68263,68.88581],[77.7151,68.62104],[78.17262,68.27436],[77.75082,68.22846],[77.53696,68.12861],[77.49415,67.75129],[78.11346,67.65697],[78.61036,67.66254],[78.98048,67.61066],[78.04705,67.54352],[77.69304,67.54532],[77.67555,67.61717],[77.12029,67.76854],[77.30519,67.9101],[77.19256,67.98518],[77.35662,68.2329],[77.167,68.28181],[77.31593,68.53059],[76.66261,68.76264],[76.60906,68.96601],[76.37574,68.99396],[75.19068,68.87482],[74.62794,68.7746],[74.45436,68.694],[74.33155,68.38557],[74.70143,68.18073],[74.82496,67.9405],[74.73032,67.68627],[74.09832,67.43187],[73.89959,67.29621],[73.87135,67.00633],[73.49236,66.82343],[73.0031,66.73945],[72.94239,66.65668],[72.49366,66.6188],[72.37623,66.34125],[71.99008,66.23078],[71.67872,66.32364],[71.14552,66.36563],[70.36264,66.33442],[69.72934,66.48408],[69.38648,66.51337],[69.11264,66.61884],[68.96502,66.80956],[69.8366,66.81631],[69.8978,66.87165],[70.29518,66.63825],[70.68865,66.51537],[70.98032,66.53588],[71.08351,66.63207],[71.57692,66.65876],[71.5149,66.87849],[71.72202,66.91527],[72.23129,67.16918],[72.05177,67.26752],[72.4026,67.32807],[72.40594,67.47997],[72.61166,67.62588],[73.15138,67.73188],[73.2046,67.86587],[73.09083,68.21426],[73.64438,68.5019],[73.53907,68.581],[72.85182,68.79776],[72.5774,68.94038],[72.48927,69.19916],[72.64772,69.29222],[72.50172,69.64672],[72.69166,69.83686],[72.49122,70.04776],[72.62159,70.16169],[72.43409,70.26569],[72.77133,70.42524],[72.68824,70.63443],[72.8274,70.88764],[72.67075,71.10895],[72.10572,71.29035],[71.83815,71.53242],[72.20932,71.61473],[72.35084,71.8642],[72.86492,72.27167],[72.83692,72.70991],[71.56324,72.91596],[69.58823,72.87849],[69.46534,72.97517],[68.98911,72.70588],[68.64373,72.03319],[68.47885,71.83617],[67.94728,71.52757],[67.30925,71.35122],[66.92701,71.29841],[66.64275,71.00886],[66.68873,70.76984],[67.25701,70.82559],[67.26629,70.41454],[67.09425,70.22089],[67.32765,70.10602],[67.25172,70.02123],[66.8742,69.99592],[66.78679,69.60285],[67.10182,69.69278],[68.04021,69.48969],[68.01979,69.33515],[68.48715,68.97016],[69.09742,68.94107],[68.92351,68.63727],[68.57032,68.38288],[68.65089,68.31786],[68.2881,68.1883],[68.25864,68.33389],[67.05551,68.78144],[67.12908,68.83861],[65.71616,69.07978],[65.81723,69.14265],[65.41944,69.17707],[64.12762,69.55012],[63.41049,69.67129],[62.6312,69.74213],[61.40935,69.79125],[60.77027,69.84911],[60.65358,69.67276],[60.2326,69.66478],[60.13885,69.57787],[60.51922,69.3321],[60.58229,69.14964],[60.90268,69.12226],[60.90724,68.9274],[60.46665,68.72232],[59.77361,68.6682],[59.96388,68.46601],[59.67482,68.33617],[59.10955,68.40473],[59.05641,68.61953],[59.41554,68.76667],[58.89186,68.93423],[58.87875,69.00312],[57.97788,68.85297],[57.92954,68.75104],[57.60402,68.74242],[57.32985,68.56476],[56.8484,68.5716],[56.69068,68.63076],[55.95265,68.654],[55.39291,68.56428],[54.9367,68.39842],[54.86402,68.18513],[54.4651,68.30419],[54.23976,68.21133],[54.18491,68.32054],[53.99252,68.22138],[53.23894,68.25349],[53.44044,68.3725],[53.9319,68.39102],[53.72047,68.65693],[54.02622,68.84545],[53.61183,68.91348],[54.35597,68.95897],[54.10377,69.00068],[53.43702,68.91816],[52.28875,68.61542],[52.73129,68.47419],[52.40203,68.33771],[52.13559,68.3793],[52.21705,68.58478],[50.95183,68.34073],[50.79558,68.3769],[50.43474,68.22053],[49.65463,67.98102],[49.13331,67.86262],[48.84278,67.86506],[48.77784,67.72736],[48.25571,67.68269],[47.82472,67.56029],[47.94793,67.44432],[47.69508,67.20474],[47.7256,67.00092],[47.40984,66.92927],[46.58334,66.8155],[46.57846,66.87287],[46.04152,66.83092],[45.8532,66.88703],[45.59389,67.15824],[44.95169,67.32072],[45.02817,67.53193],[45.31463,67.59211],[45.35043,67.73041],[46.00412,67.76775],[46.72202,67.84492],[46.53492,68.13255],[46.02931,68.32404],[45.94386,68.44623],[45.30637,68.54529],[43.98455,68.55134],[43.47729,68.66907],[43.32569,68.61367],[44.16017,68.33625],[44.2444,68.25568],[44.13185,67.8039],[43.79304,67.34339],[43.81533,67.17745],[44.28696,67.08784],[44.49928,66.92145],[44.36402,66.78229],[44.4878,66.67617],[44.12387,66.31513],[44.16717,65.88544],[44.04567,66.08104],[43.83644,66.18578],[43.28834,66.09024],[43.66538,66.21768],[43.25221,66.43675],[42.5486,66.38508],[42.64479,66.45254],[42.20094,66.53217],[41.8576,66.29633],[41.34254,66.06289],[40.79591,65.99169],[40.2798,65.72997],[39.82692,65.607],[39.71209,65.40184],[40.11402,65.07469],[40.3781,64.92251],[40.5171,64.54145],[40.18165,64.55866],[39.85035,64.67597],[39.56652,64.54527],[38.9222,64.73274],[38.04643,64.85367],[37.70597,65.01738],[37.00768,65.17298],[36.82,65.14714],[36.80744,64.95905],[36.43995,64.91706],[36.55976,64.71742],[36.74412,64.68105],[37.1215,64.39474],[37.33943,64.34044],[37.68706,64.43087],[38.00294,64.31696],[37.91424,64.2204],[38.08806,64.0349],[38.0018,63.95551],[37.29103,63.81818],[37.16944,63.89509],[36.70346,63.92463],[36.29217,64.00971],[36.23525,64.12482],[35.97674,64.19896],[35.8108,64.34203],[35.4105,64.28676],[34.7732,64.5563],[34.97759,64.61192],[34.79803,64.75633],[34.94207,64.85757],[34.7024,64.98041],[34.81609,65.0434],[34.61525,65.25458],[34.29705,65.38508],[34.77662,65.59658],[34.68873,65.80972],[34.9004,65.706],[34.85239,65.90034],[34.49684,66.11616],[34.08725,66.24893],[33.61988,66.30931],[33.7046,66.44383],[33.28777,66.52241],[32.94093,66.52847],[33.18344,66.69245],[32.81202,66.73574],[32.54542,66.883],[32.55698,66.989],[32.26197,67.12499],[32.80714,67.09077],[32.84327,66.97626],[33.48325,66.73041],[33.52369,66.83072],[33.83269,66.69554],[34.17482,66.68671],[34.43434,66.54727],[34.80356,66.61351],[35.38063,66.41787],[36.40626,66.29475],[36.88738,66.28522],[37.92709,66.08877],[38.55437,66.055],[39.3436,66.13471],[40.08497,66.28876],[40.44435,66.4055],[41.17807,66.80956],[41.36004,67.01362],[41.30779,67.23477],[41.1089,67.25381],[41.14536,67.42438],[40.99928,67.46747],[41.01661,67.6979],[40.67075,67.81029],[40.50367,67.75023],[40.36248,67.9029],[40.00441,68.01984],[39.52076,68.076],[38.61158,68.38727],[38.43458,68.35586],[37.68051,68.71345],[37.46388,68.74242],[36.84205,68.94526],[35.96697,69.17682],[35.33033,69.27607],[35.26417,69.2154],[34.66179,69.2495],[34.42058,69.31098],[33.62045,69.3277],[33.51189,69.18423],[33.29656,69.22907],[33.52369,69.42829],[33.32895,69.45197],[32.86183,69.36522],[33.08497,69.47606],[32.53688,69.50959],[32.386,69.58535],[32.01612,69.5642],[32.16969,69.65485],[32.87176,69.58251],[33.11899,69.66108],[32.91961,69.78002],[32.62469,69.78278],[32.05445,69.96377],[32.02906,69.78197],[31.75367,69.85407],[31.81056,69.68773],[31.45216,69.68891],[30.84095,69.80584],[30.85298,69.52744],[30.29436,69.62025],[29.94807,69.36559],[29.33452,69.27738],[29.24047,69.11506],[28.95408,69.02726],[28.45623,68.90014],[28.80148,68.83549],[28.44744,68.51489],[28.66376,68.204],[29.29866,68.08179],[29.65119,67.82356],[30.00941,67.68584],[29.91624,67.50813],[29.51983,67.29817],[29.09991,66.99113],[29.08916,66.83755],[29.52448,66.49121],[29.59321,66.34593],[29.90017,66.10806],[30.0985,65.65638],[29.70287,65.62938],[29.72013,65.32909],[29.58009,65.2354],[29.8332,65.20501],[29.82048,65.09365],[29.58815,64.99144],[29.78028,64.79558],[30.06254,64.78416],[30.18082,64.64277],[29.9658,64.57864],[30.03246,64.39695],[30.55848,64.2197],[30.50933,63.99139],[30.20155,63.79265],[29.98079,63.74154],[30.48866,63.46212],[30.82094,63.37567],[31.22567,63.19604],[31.56953,62.90593],[31.24376,62.50334],[30.90755,62.29289],[30.63501,62.18401],[29.77914,61.59312],[29.53973,61.48496],[29.20316,61.2459],[28.7976,61.09684],[27.80787,60.55305],[28.21583,60.54755],[28.40056,60.66527],[28.65463,60.68187],[28.6836,60.45588],[28.43898,60.55988],[28.6067,60.38947],[28.81568,60.36127],[29.01515,60.19685],[29.84897,60.16694],[29.94825,60.02969],[30.20997,60.00113],[30.19256,59.8806],[29.16139,60.00263],[28.97633,59.83129],[28.71803,59.78681],[28.51735,59.86225],[28.37526,59.66633],[28.08693,59.79938],[27.99342,59.70332],[28.01905,59.48176],[28.18648,59.37493],[27.88231,59.27566],[27.69441,58.97594],[27.47779,58.87543],[27.41061,58.75486],[27.55489,58.39525],[27.49536,58.22146],[27.67312,57.91282],[27.79932,57.86107],[27.53763,57.81156],[27.35294,57.5276],[27.8403,57.29064],[27.82433,57.15907],[27.62837,56.84415],[27.7864,56.87126],[27.86546,56.74269],[28.13222,56.53598],[28.21479,56.28137],[28.14891,56.14241],[28.28983,56.04661],[28.62071,56.08299],[28.80897,55.93457],[29.03077,56.02418],[29.37741,55.95403],[29.34361,55.78698],[29.46102,55.6873],[29.86947,55.83055],[30.21777,55.85515],[30.46882,55.79352],[30.74219,55.59439],[30.88616,55.60048],[30.91861,55.40763],[30.79428,55.28552],[30.9598,55.16258],[31.00563,55.023],[30.81484,54.92802],[30.77061,54.78601],[31.16795,54.62158],[31.06465,54.49228],[31.20903,54.44805],[31.32468,54.22925],[31.81385,54.05706],[31.74466,53.79486],[32.0836,53.80964],[32.46156,53.7068],[32.45293,53.5464],[32.71953,53.43948],[32.40555,53.19267],[32.08278,53.08196],[31.79628,53.11239],[31.73856,53.19254],[31.41636,53.19998],[31.24706,53.01439],[31.50514,52.84889],[31.48064,52.68247],[31.55929,52.54054],[31.56735,52.31138],[31.69944,52.25146],[31.76435,52.10057],[31.89204,52.03618],[32.23331,52.08085],[32.35356,52.32159],[32.92686,52.24692],[33.19651,52.36895],[33.48052,52.35776],[33.53168,52.28883],[33.80407,52.35461],[34.05573,52.17033],[34.09624,51.95182],[34.38573,51.81767],[34.37633,51.7086],[34.12797,51.68075],[34.30016,51.36839],[34.18595,51.24891],[34.62241,51.22476],[34.74809,51.16473],[35.09918,51.18318],[35.27808,50.99265],[35.46887,50.66854],[35.37772,50.62182],[35.44645,50.47604],[35.69687,50.34515],[35.83743,50.42323],[36.10584,50.42111],[36.26903,50.28138],[36.38799,50.30644],[36.59439,50.20443],[36.91406,50.3391],[37.43527,50.42493],[37.59918,50.29089],[37.72765,50.0787],[38.0004,49.8998],[38.16618,49.94057],[38.17393,50.06015],[38.68728,49.9138],[38.9374,49.80347],[39.18276,49.85851],[39.32766,49.72632],[39.55751,49.72399],[39.62294,49.61346],[39.80153,49.5422],[40.11552,49.59057],[40.04089,49.45548],[40.14166,49.24578],[39.91873,49.04781],[39.68112,49.02032],[39.75874,48.89542],[39.95036,48.85278],[39.70293,48.74659],[39.63172,48.58691],[39.80918,48.58375],[39.9241,48.37612],[39.81589,48.30816],[39.99325,48.27323],[39.84308,48.11975],[39.75905,47.83295],[39.39163,47.82261],[38.83094,47.84824],[38.73451,47.67714],[38.35294,47.6071],[38.20101,47.29063],[38.21665,47.10326],[38.51743,47.11905],[38.93776,47.18977],[39.08814,47.28644],[39.26401,47.26081],[39.26189,47.00861],[39.07521,47.03266],[38.80372,46.89354],[38.40301,46.82095],[38.03679,46.62946],[37.73756,46.67634],[37.82732,46.47651],[37.97096,46.3618],[38.1229,46.37751],[38.30006,46.21866],[38.55681,46.11518],[38.44581,46.03425],[38.24879,46.14155],[37.97185,46.04003],[37.82944,45.75316],[37.60792,45.66275],[37.58627,45.43244],[37.69972,45.56281],[37.73829,45.3107],[37.5193,45.36929],[37.11248,45.23933],[37.13942,45.33552],[36.83326,45.44302],[36.78883,45.29218],[36.96168,45.28295],[36.59474,45.20482],[36.70167,45.10383],[36.8401,45.10936],[37.28712,44.92817],[37.47828,44.67719],[37.7693,44.63239],[37.87485,44.6894],[38.17775,44.40599],[38.59506,44.33194],[38.97828,44.14826],[39.32936,43.89623],[39.71827,43.56778],[39.98598,43.38899],[40.05919,43.5352],[40.23313,43.57577],[40.47983,43.50874],[40.65192,43.53897],[41.01179,43.37542],[41.38066,43.33477],[41.55057,43.22628],[42.07529,43.18527],[42.42287,43.22899],[42.59588,43.14003],[42.75153,43.17695],[43.00009,43.09866],[43.19435,42.92676],[43.51743,42.86046],[43.80061,42.74646],[43.75111,42.59875],[43.93973,42.55221],[44.19738,42.62911],[44.27201,42.70238],[44.55829,42.7531],[44.78231,42.61665],[44.85936,42.75951],[45.1842,42.67484],[45.35597,42.51996],[45.69869,42.50759],[45.73641,42.44754],[45.62138,42.22448],[45.94756,42.02291],[46.22434,41.99348],[46.43089,41.89044],[46.58659,41.78678],[46.7408,41.85125],[47.02703,41.55695],[47.10749,41.56992],[47.26841,41.3028],[47.74373,41.19268],[47.87111,41.20818],[48.05353,41.4613],[48.37015,41.58015],[48.57895,41.84528],[48.41635,41.91503],[48.30405,42.10273],[47.86769,42.58466],[47.71559,42.69668],[47.69809,42.86713],[47.46193,43.02082],[47.4909,43.46284],[47.60157,43.76569],[47.70151,43.8745],[47.5547,43.87763],[47.4485,43.51813],[47.39357,43.60639],[47.50278,43.78099],[47.44142,43.81928],[47.24594,44.21198],[47.0442,44.34626],[46.70094,44.44619],[46.72202,44.65534],[47.20118,44.97004],[47.29713,45.18745],[47.57016,45.57372],[47.38478,45.75019],[47.50343,45.71735],[47.615,45.57022],[47.62615,45.70905],[47.7649,45.6822],[48.17986,45.73969],[48.57342,45.97114],[48.69516,45.82803],[48.79135,45.84089],[48.71412,46.12958],[49.04225,46.19623],[49.22713,46.32788],[48.70502,46.55044],[48.53939,46.56796],[48.45511,46.6608],[48.55671,46.76175],[48.76403,46.68284],[49.00629,46.76911],[48.69727,47.10098],[48.52508,47.41023],[48.36059,47.4931],[48.17435,47.71285],[48.04449,47.7697],[47.64973,47.76559],[47.43533,47.83439],[47.35967,47.68334],[47.11948,47.81977],[47.04424,47.98622],[47.07829,48.27535],[46.47931,48.41023],[46.75382,48.91407],[47.02088,49.09685],[47.02863,49.20149],[46.77511,49.33255],[46.89991,49.82032],[47.30872,50.0448],[47.29477,50.27543],[47.55692,50.45258],[47.99323,50.1818],[48.23931,49.86476],[48.41759,49.81169],[48.7846,49.93339],[48.88568,50.01989],[48.7013,50.3346],[48.67339,50.57955],[48.83044,50.59603],[49.14406,50.78171],[49.40844,50.84827],[49.34735,50.96428],[49.42311,51.102],[49.77906,51.10218],[49.98685,51.22982],[50.34895,51.32261],[50.51834,51.45975],[50.5817,51.6353],[50.79068,51.59729],[50.76701,51.7594],[50.92545,51.67969],[51.23385,51.68548],[51.37193,51.62959],[51.30424,51.47164],[51.55983,51.53458],[51.7823,51.49285],[51.86916,51.67307],[52.09179,51.65871],[52.33487,51.76372],[52.50582,51.47887],[52.77976,51.50812],[52.94429,51.45288],[53.34634,51.50303],[53.61795,51.37214],[53.67386,51.21987],[53.93586,51.18561],[54.11156,51.096],[54.17657,50.9679],[54.47857,50.85349],[54.37976,50.61944],[54.49944,50.52327],[54.67628,50.60255],[54.63825,50.88573],[54.50296,50.92826],[54.63825,51.02769],[55.04773,50.88423],[55.30539,50.66497],[55.49111,50.64585],[55.65999,50.53004],[56.07888,50.72476],[56.1749,50.90868],[56.33571,50.89586],[56.508,51.06626],[56.68835,50.96914],[56.69455,51.0635],[57.16822,51.09378],[57.35271,50.88599],[57.68922,50.89674],[57.7688,51.11967],[58.14056,51.05665],[58.30841,51.15003],[58.59501,51.02337],[58.57144,50.86351],[58.92594,50.67815],[59.43764,50.63112],[59.52281,50.47465],[59.77468,50.53371],[60.02128,50.85406],[60.13621,50.8445],[60.30043,50.68466],[60.7185,50.65267],[61.3721,50.78248],[61.51318,51.15951],[61.66366,51.2584],[61.4738,51.4258],[61.02328,51.48552],[60.9374,51.61117],[60.5151,51.61791],[60.35511,51.67142],[60.47975,51.78426],[60.13807,51.88888],[60.00319,51.99251],[60.20276,51.99275],[60.50652,52.15165],[60.67219,52.14434],[61.03992,52.335],[60.80314,52.62775],[60.67684,52.66358],[61.05842,52.92217],[60.97543,52.97046],[61.47804,53.01235],[61.60557,52.94832],[61.92256,52.93817],[62.09417,52.99248],[62.05066,53.12477],[61.20291,53.27644],[61.21821,53.49265],[61.4123,53.43576],[61.50305,53.58898],[61.31608,53.54521],[61.00757,53.63575],[61.20198,53.81961],[60.97801,53.8826],[61.21077,53.90767],[61.19351,54.01825],[61.41768,54.05598],[61.60051,53.95025],[62.0026,54.01738],[62.41271,54.02663],[62.4989,53.8778],[62.55058,54.02683],[62.81206,54.09499],[63.08466,54.08564],[63.12377,54.17411],[63.33162,54.16269],[63.70865,54.25044],[64.00786,54.22868],[63.98036,54.30372],[64.57852,54.38557],[64.72016,54.33384],[64.91064,54.40273],[65.08541,54.30857],[65.21295,54.34304],[65.21429,54.52789],[65.44978,54.62747],[65.71297,54.59719],[65.9328,54.70255],[65.97745,54.61171],[66.44652,54.71093],[67.21334,54.79717],[67.28393,54.85329],[67.62273,54.85386],[67.81734,54.95215],[68.16605,54.95613],[68.30816,55.07282],[68.26238,55.19405],[68.6053,55.1956],[68.70059,55.3605],[68.9228,55.27637],[68.94316,55.43455],[69.18614,55.32577],[69.33456,55.38515],[69.67387,55.33404],[70.19704,55.13348],[70.44116,55.28335],[70.82036,55.29415],[70.97714,55.07798],[71.00598,54.77423],[71.18034,54.72736],[71.19062,54.31818],[70.98004,54.32506],[71.1823,54.10156],[71.32059,54.20103],[71.47712,54.10967],[71.70873,54.1322],[71.76247,54.24765],[72.07698,54.14832],[72.10302,54.31157],[72.22188,54.33322],[72.29856,54.1784],[72.48295,54.13561],[72.36357,54.05954],[72.45556,53.90534],[72.65616,54.04254],[72.62423,54.13499],[72.95682,54.11753],[73.06275,53.97908],[73.51802,53.95604],[73.58851,54.06616],[73.74065,54.05794],[73.69713,53.90085],[73.48526,53.87485],[73.22967,53.66241],[73.2306,53.57234],[73.42408,53.43255],[73.6407,53.56324],[73.93671,53.63952],[74.2139,53.59704],[74.40913,53.47756],[74.45347,53.68499],[74.61646,53.6807],[74.772,53.83088],[75.02791,53.80793],[75.43398,53.98653],[75.3607,54.05954],[75.64038,54.09887],[76.1838,54.25157],[76.23424,54.34743],[76.43309,54.31658],[76.85239,54.46117],[76.83772,54.29689],[76.6646,54.13406],[76.37439,54.14776],[76.5257,53.96131],[77.61276,53.44279],[77.8668,53.27233],[78.47648,52.63793],[79.4698,51.4926],[79.99008,50.78812],[80.43905,50.95813],[80.4344,51.20062],[80.68275,51.30201],[81.14717,51.13595],[81.05829,50.94707],[81.4008,50.95911],[81.46023,50.73034],[81.76346,50.78434],[82.19879,50.70879],[82.47582,50.71401],[82.76454,50.90666],[82.9759,50.88191],[83.10757,50.99265],[83.43396,50.99265],[83.8205,50.86801],[84.19794,50.49315],[84.24998,50.25993],[84.97577,50.07519],[85.03262,49.88497],[85.2631,49.58152],[85.59718,49.6193],[85.93143,49.49285],[86.17725,49.46334],[86.6102,49.79552],[86.77587,49.695],[86.5918,49.58721],[86.82434,49.50923],[87.02454,49.24893],[87.21796,49.22981],[87.3238,49.08527],[87.81632,49.16584]]],[[[22.76722,54.35627],[22.6804,54.45322],[22.80887,54.89376],[22.58067,55.05762],[22.09987,55.02992],[21.26759,55.24868],[21.18133,55.19335],[21.23015,54.93891],[21.07895,54.89981],[20.53094,54.96467],[20.98943,55.27312],[20.92457,55.28266],[20.63404,55.04877],[20.36557,54.94619],[20.0337,54.94819],[19.83188,54.59813],[19.60955,54.45673],[19.68028,54.43668],[20.92961,54.39782],[22.69839,54.34294],[22.76722,54.35627]]],[[[33.62852,46.12494],[33.64682,45.97972],[33.77703,45.92963],[32.86818,45.63007],[32.52516,45.45816],[32.51287,45.34056],[32.89926,45.35423],[33.25961,45.15607],[33.41342,45.18452],[33.56251,45.09394],[33.61964,44.93146],[33.51629,44.7851],[33.57154,44.62055],[33.37965,44.56452],[33.72096,44.39964],[33.95786,44.383],[34.32276,44.54352],[34.46901,44.7298],[34.75701,44.8205],[35.00571,44.83519],[35.4354,45.01097],[35.46957,45.10102],[35.63404,45.11469],[35.84799,44.99242],[36.04786,45.04877],[36.22462,45.00751],[36.44012,45.06745],[36.41798,45.22993],[36.58326,45.4274],[36.13746,45.46206],[35.98601,45.36274],[35.85768,45.46943],[35.695,45.33039],[35.48072,45.2978],[35.33221,45.37124],[35.00189,45.729],[34.78898,45.80366],[34.68864,45.97402],[34.41094,45.98802],[34.36194,46.05569],[34.10524,46.09536],[33.67028,46.21811],[33.62852,46.12494]]],[[[-180,65.06623],[-179.66309,65.14126],[-179.499,65.39571],[-179.26051,65.53218],[-179.27704,65.63026],[-179.72326,65.78148],[-179.82689,65.93431],[-179.76826,66.10293],[-179.3093,66.12553],[-179.21795,66.1822],[-179.42402,66.34406],[-178.98244,66.15895],[-178.78513,66.16724],[-178.60372,66.36076],[-178.49567,66.14013],[-178.72533,65.99193],[-178.97838,66.04926],[-178.62822,65.7295],[-178.41109,65.68177],[-178.5288,65.51118],[-178.28399,65.44435],[-177.41592,65.44075],[-176.97655,65.60806],[-175.90884,65.40295],[-175.74068,65.12344],[-175.86473,64.99921],[-175.41145,64.77126],[-174.72308,64.80721],[-174.65229,64.72533],[-174.04229,64.52826],[-173.98933,64.41235],[-173.59824,64.33063],[-173.38518,64.39504],[-173.35985,64.59553],[-173.26366,64.44599],[-173.36825,64.28548],[-173.10626,64.24098],[-172.82217,64.32036],[-172.81526,64.50405],[-172.59007,64.37042],[-172.22024,64.40734],[-172.46508,64.55842],[-173.03948,64.64681],[-172.75531,64.73347],[-172.76285,64.83787],[-172.09309,65.05036],[-172.20153,65.21687],[-172.0934,65.48357],[-172.2641,65.41821],[-172.38972,65.58182],[-172.67442,65.62352],[-172.40156,65.68102],[-172.17093,65.52741],[-171.8084,65.48933],[-171.25089,65.52199],[-171.03865,65.46699],[-170.98181,65.59205],[-171.26386,65.65559],[-171.46326,65.83259],[-171.14731,65.695],[-170.53528,65.61815],[-170.50975,65.86994],[-170.14303,66.00383],[-169.71861,66.00613],[-169.70092,66.12865],[-170.13627,66.13924],[-170.15386,66.24902],[-170.56526,66.35358],[-170.85973,66.51105],[-171.36336,66.67483],[-171.71852,66.95078],[-172.05637,66.95021],[-172.7363,67.02381],[-172.36249,66.93321],[-172.66583,66.88504],[-173.16273,66.96147],[-173.30254,66.8221],[-173.27216,67.05195],[-174.57493,67.07677],[-174.02621,66.96111],[-173.93055,66.66763],[-174.26395,66.56588],[-173.69113,66.4391],[-173.79654,66.30799],[-174.01591,66.47217],[-174.4635,66.27975],[-174.43566,66.53154],[-174.97133,66.66541],[-174.68603,66.76228],[-174.90761,67.03739],[-174.75644,67.30324],[-174.98564,67.43967],[-175.15959,67.33748],[-175.2865,67.66711],[-175.82403,67.81296],[-175.9255,67.63899],[-176.34087,67.6959],[-176.06966,67.72731],[-176.04858,67.85215],[-176.49952,67.88861],[-176.72504,68.03785],[-177.46154,68.24628],[-177.60847,68.19676],[-177.7047,68.34455],[-178.69993,68.54319],[-178.84481,68.75236],[-179.35737,68.82781],[-180,68.98237],[-180,68.55956],[-180,68.06094],[-180,67.56233],[-180,67.06371],[-180,66.5651],[-180,66.06648],[-180,65.56787],[-180,65.06925],[-180,65.06623]]],[[[180,71.53642],[179.56349,71.45148],[178.90545,71.23701],[178.62273,71.03775],[178.83204,70.80854],[179.13103,70.87873],[179.66699,70.87478],[180,70.99242],[180,71.05263],[180,71.53642]]],[[[-180,70.99201],[-179.34211,70.90803],[-178.87592,70.98102],[-177.93049,71.04145],[-177.44343,71.23701],[-178.39485,71.54072],[-179.07457,71.60004],[-180,71.53669],[-180,71.05263],[-180,70.99201]]],[[[142.52906,54.29719],[142.34897,54.27192],[142.70826,53.94823],[142.60418,53.69758],[142.73911,53.84569],[142.80006,53.69758],[142.49773,53.65827],[142.51401,53.5456],[142.66627,53.55264],[142.45533,53.38028],[142.30738,53.3664],[142.24106,53.52936],[141.76881,53.37165],[141.9284,53.02066],[141.84376,52.59081],[141.66098,52.38247],[141.63901,51.88451],[141.80958,51.80622],[141.68678,51.7473],[142.07895,51.47138],[142.26686,51.07429],[142.12843,50.89452],[142.04518,50.52827],[142.15008,50.34569],[142.17384,50.08641],[142.12501,49.89765],[142.15968,49.67797],[142.06284,49.31489],[142.07716,49.19819],[141.9673,48.86237],[141.85743,48.77424],[141.91961,48.60912],[142.13868,48.31806],[142.19109,47.96674],[141.96583,47.61249],[141.97511,47.29759],[142.05665,47.0537],[141.82228,46.60228],[141.93263,46.03579],[142.09425,45.90278],[142.20167,46.03067],[142.28191,46.32746],[142.4572,46.63081],[142.72462,46.74079],[142.79664,46.59439],[143.15952,46.59829],[143.39308,46.53295],[143.3379,46.40941],[143.46876,46.17329],[143.62574,46.3747],[143.52589,46.58552],[143.51149,46.77021],[143.17774,46.83247],[143.38559,46.72476],[143.17286,46.70783],[143.03248,47.07075],[143.01637,47.25361],[142.74806,47.44477],[142.54526,47.76667],[142.54957,48.02009],[142.79274,48.56257],[142.98845,48.91669],[143.07032,49.18488],[143.3711,49.29922],[143.25864,49.39338],[144.00603,49.26936],[144.50367,48.94872],[144.63258,48.8083],[144.66684,48.88964],[144.44142,49.01386],[144.28273,49.25019],[144.22218,49.53262],[144.0027,50.01284],[143.79029,50.30923],[143.53793,51.23973],[143.36508,51.64497],[143.24171,51.50764],[143.3104,51.75434],[143.1631,51.87397],[143.1775,52.31379],[143.3047,52.47138],[143.3379,52.7038],[143.29005,53.15192],[143.21062,53.36323],[143.11793,53.37914],[143.07081,53.59821],[142.89015,53.81314],[143.00392,54.13548],[142.73357,54.42145],[142.52906,54.29719]]],[[[-172.2431,64.81594],[-172.46134,64.8276],[-172.63319,64.68444],[-172.04336,64.75118],[-172.2431,64.81594]]],[[[70.13063,66.55634],[70.0857,66.69013],[69.42457,66.76838],[69.54542,66.59101],[69.87965,66.47696],[70.13063,66.55634]]],[[[161.48707,69.02668],[161.3191,69.24266],[161.37452,69.54589],[161.07325,69.44501],[161.14145,69.08735],[161.48707,69.02668]]],[[[161.63111,69.5611],[161.39479,69.59211],[161.37501,69.40778],[161.63111,69.5611]]],[[[51.40952,71.80614],[51.5324,71.5659],[51.86199,71.45624],[52.41627,71.47655],[52.52068,71.62816],[52.60987,71.4687],[52.96811,71.40522],[53.25172,71.45604],[53.45094,71.26431],[53.79591,71.15534],[54.04119,71.23334],[54.23243,71.1197],[53.49187,71.07246],[53.73813,70.94794],[53.30014,70.8664],[54.22511,70.72956],[54.49244,70.78449],[55.16261,70.55313],[55.42905,70.74991],[56.02052,70.5738],[56.64479,70.57445],[56.43198,70.71556],[57.29575,70.56468],[57.63868,70.72989],[57.06324,70.86245],[56.10572,71.25898],[55.67213,71.61103],[55.49562,71.90209],[55.22543,71.92902],[55.57496,72.19965],[55.37696,72.30268],[55.72348,72.63833],[55.73854,72.78425],[56.13795,72.78229],[56.25506,72.95832],[55.64226,72.97191],[56.38706,73.06855],[56.43523,73.23013],[55.30421,73.33934],[54.93483,73.42536],[54.19077,73.2722],[53.75318,73.2989],[53.15561,73.15058],[53.30844,72.87763],[53.02687,72.92499],[52.61671,72.86323],[52.39763,72.71792],[52.7798,72.64769],[52.68995,72.36717],[52.41359,72.26952],[52.40943,72.08609],[51.86573,72.15868],[51.61004,72.0917],[51.40952,71.80614]]],[[[56.98699,74.6905],[56.55568,74.68366],[56.38706,74.72138],[55.52955,74.65485],[55.49977,74.56696],[56.26336,74.47997],[55.38836,74.44505],[55.63697,74.33422],[55.07586,74.26594],[55.81414,74.10049],[55.15455,74.18838],[54.67799,74.06818],[54.79998,73.98542],[54.31593,73.93098],[53.63111,73.75959],[54.07399,73.60871],[54.49195,73.69733],[55.08863,73.70551],[54.54152,73.61099],[54.03305,73.37466],[54.25001,73.32827],[55.02068,73.44355],[55.43491,73.3321],[56.761,73.2517],[57.25392,73.45718],[57.02019,73.58422],[57.35011,73.55341],[57.74871,73.72602],[57.91188,73.91584],[57.52687,74.06513],[58.10841,73.98615],[58.2483,74.19017],[58.72804,74.23859],[58.63868,74.42357],[58.18678,74.58124],[59.14576,74.44404],[59.28981,74.64265],[59.87477,74.62849],[59.77003,74.72582],[60.27638,74.74966],[60.1941,74.85497],[60.56056,74.86628],[60.62127,74.96841],[60.01124,74.9798],[60.72478,75.02766],[60.83253,75.1529],[61.37965,75.33417],[61.4817,75.22346],[61.73219,75.3806],[63.02996,75.58771],[63.70965,75.63581],[66.17856,75.96198],[67.1465,76.10464],[68.34352,76.34992],[68.93832,76.56806],[68.93092,76.78718],[68.4629,76.9667],[67.58806,77.01337],[66.94353,76.94896],[65.75343,76.68285],[65.99138,76.53335],[65.61069,76.58039],[64.82594,76.4842],[64.03452,76.31525],[63.95607,76.36323],[62.9568,76.20694],[62.38893,76.19709],[61.63697,76.31196],[61.07692,76.27997],[61.08546,76.08454],[60.26808,76.11009],[60.32228,75.99824],[58.931,75.86762],[58.6045,75.73261],[58.0193,75.68134],[58.1867,75.58877],[57.56365,75.51968],[57.74106,75.32787],[57.04624,75.39814],[56.73325,75.29658],[56.88087,75.22329],[56.44581,75.06729],[56.37135,75.18818],[55.80836,75.15664],[55.865,75.00361],[56.42058,75.03726],[56.66456,74.94432],[55.88494,74.84618],[56.46599,74.79926],[56.6268,74.69355],[56.98699,74.6905]]],[[[146.88168,43.8592],[146.60467,43.80858],[146.66847,43.70942],[146.91456,43.80272],[146.88168,43.8592]]],[[[146.46925,44.42878],[146.11931,44.50605],[145.97486,44.2923],[145.72877,44.04377],[145.40992,43.82856],[145.55177,43.71625],[145.58107,43.83369],[145.79168,43.94855],[145.93141,44.12092],[146.13942,44.26569],[146.32586,44.29222],[146.46925,44.42878]]],[[[148.79916,45.41568],[148.79916,45.51813],[148.6211,45.49824],[148.31186,45.2753],[148.06959,45.25117],[147.95094,45.43134],[147.88624,45.21874],[147.49488,45.00495],[147.21654,44.79901],[147.19658,44.71368],[146.87338,44.4899],[146.95834,44.42105],[147.11326,44.57039],[147.22603,44.581],[147.55543,44.82355],[147.70078,45.00799],[147.76832,44.94335],[147.99031,45.0058],[148.21583,45.19575],[148.55616,45.30703],[148.75831,45.31269],[148.79916,45.41568]]],[[[150.33424,46.21084],[150.02017,46.07302],[149.81105,45.87983],[149.66733,45.85322],[149.4367,45.58698],[149.63777,45.61095],[149.94764,45.82237],[150.1976,45.92963],[150.24537,46.03703],[150.56935,46.23176],[150.33424,46.21084]]],[[[152.20558,47.12881],[151.83766,46.85627],[151.80142,46.76603],[152.02003,46.9029],[152.29493,47.14248],[152.20558,47.12881]]],[[[156.12526,50.63752],[156.07325,50.78156],[155.8895,50.69086],[155.71778,50.42308],[155.20192,50.29352],[155.22779,50.05476],[155.38453,50.0375],[155.56153,50.16657],[155.88494,50.25373],[156.12526,50.63752]]],[[[156.46046,50.87373],[156.19939,50.7805],[156.18002,50.68842],[156.40577,50.63011],[156.51099,50.76585],[156.46046,50.87373]]],[[[155.56349,50.80825],[155.63127,50.91228],[155.44679,50.88459],[155.56349,50.80825]]],[[[168.05926,54.54662],[167.73406,54.76264],[167.43914,54.86628],[167.69899,54.68968],[168.05926,54.54662]]],[[[137.17124,55.11953],[136.79379,55.00971],[136.67042,54.90729],[137.01791,54.92036],[137.17124,55.11953]]],[[[138.04672,55.05805],[137.92905,55.15314],[137.60613,55.2001],[137.27491,54.89826],[137.22592,54.77782],[137.48536,54.87934],[137.70607,54.62499],[137.98618,54.79743],[138.1128,55.00629],[138.04672,55.05805]]],[[[166.6644,54.75642],[166.64975,54.84455],[166.25026,55.15229],[166.28777,55.3039],[165.95558,55.36424],[165.74643,55.29707],[165.99293,55.22191],[166.08286,55.06061],[166.35646,54.83955],[166.6548,54.70234],[166.6644,54.75642]]],[[[164.7069,58.97683],[164.55812,59.23969],[163.9667,59.02856],[163.76633,58.87212],[163.58546,58.55789],[164.1797,58.82567],[164.63187,58.86537],[164.7069,58.97683]]],[[[35.86687,65.03132],[35.81531,65.15421],[35.50516,65.09555],[35.86687,65.03132]]],[[[50.32301,69.15054],[50.1644,69.26089],[49.27174,69.50796],[48.80633,69.49323],[48.30421,69.2768],[48.21876,68.90925],[48.59205,68.73086],[49.24855,68.77997],[49.71974,68.88996],[49.95493,69.07469],[50.32301,69.15054]]],[[[169.44646,69.84911],[169.22771,69.90729],[168.26466,70.02411],[167.75375,69.83234],[168.17254,69.69522],[168.87452,69.56786],[169.18946,69.57518],[169.44646,69.84911]]],[[[60.53981,69.81867],[60.47592,69.92048],[59.54298,70.25349],[59.02361,70.4798],[58.52231,70.33112],[58.57049,70.0788],[58.93971,69.94221],[59.43149,69.88947],[59.56349,69.71503],[60.20102,69.68513],[60.53981,69.81867]]],[[[53.23178,71.21589],[52.52955,71.38784],[52.25489,71.27326],[52.77247,71.16804],[53.00978,70.96821],[53.23178,71.21589]]],[[[137.91424,71.5585],[137.70607,71.59642],[137.0232,71.53413],[137.76743,71.43073],[137.91424,71.5585]]],[[[78.27906,72.55219],[77.6102,72.63471],[76.91261,72.37214],[76.91798,72.29304],[77.58644,72.2853],[78.39454,72.4914],[78.27906,72.55219]]],[[[128.83107,72.65522],[128.13453,72.6435],[128.65333,72.52749],[128.83107,72.65522]]],[[[128.31715,72.81232],[129.20704,72.7619],[129.41714,72.8126],[129.21966,72.92641],[128.41901,72.86926],[128.31715,72.81232]]],[[[79.563,72.76826],[79.54135,72.92552],[79.14039,73.0954],[78.5923,72.86213],[78.90992,72.74128],[79.39527,72.70405],[79.563,72.76826]]],[[[74.72535,73.10712],[74.21168,73.11457],[74.09327,73.02778],[74.70826,72.90168],[74.72535,73.10712]]],[[[120.27858,73.1009],[119.792,73.16234],[119.70265,73.04629],[120.23024,73.0395],[120.27858,73.1009]]],[[[71.66912,73.22748],[71.45916,73.34838],[71.23365,73.2722],[70.94874,73.51748],[70.46957,73.49921],[69.95932,73.39883],[70.06861,73.25788],[69.87485,73.03828],[70.10084,73.01797],[71.3745,73.17893],[71.75013,73.04211],[71.66912,73.22748]]],[[[75.92262,73.52367],[75.6194,73.55341],[75.49643,73.44969],[75.92262,73.52367]]],[[[143.47495,73.32062],[143.40724,73.54279],[142.58277,73.82534],[142.04518,73.91657],[141.12721,73.88166],[140.86638,73.77977],[140.4933,73.48504],[139.90652,73.47103],[139.9651,73.32657],[140.78862,73.41001],[141.51244,73.29935],[143.17495,73.17658],[143.56511,73.23115],[143.47495,73.32062]]],[[[83.51344,74.12128],[83.18002,74.15518],[82.82814,74.08031],[83.39235,74.03579],[83.51344,74.12128]]],[[[136.25896,73.95747],[135.58953,74.23505],[135.4393,74.16112],[136.13527,73.87922],[136.25896,73.95747]]],[[[141.09783,74.14924],[140.89145,74.27652],[140.22189,74.22008],[140.16472,74.07064],[140.43776,73.90843],[141.03777,74.00385],[141.09783,74.14924]]],[[[113.40577,74.44404],[113.31446,74.4798],[112.00734,74.53815],[111.90268,74.35586],[111.46852,74.34479],[111.58131,74.26016],[112.16285,74.13858],[112.77491,74.08808],[113.1574,74.225],[113.40577,74.44404]]],[[[79.61411,74.60175],[79.18279,74.62905],[79.42905,74.52265],[79.61411,74.60175]]],[[[85.22706,74.7451],[85.67897,74.72313],[85.46665,74.81395],[85.22706,74.7451]]],[[[87.02898,74.99152],[86.52394,74.98697],[86.29819,74.85765],[86.94703,74.84073],[87.02898,74.99152]]],[[[82.23959,75.37568],[82.17075,75.51972],[81.52491,75.38125],[81.87078,75.3159],[82.23959,75.37568]]],[[[150.82765,75.1634],[150.63282,75.11652],[150.12941,75.22553],[149.1268,75.26862],[148.61036,75.21552],[148.40773,75.42109],[147.37387,75.44038],[147.15504,75.33637],[146.79672,75.36636],[146.77076,75.50674],[146.38917,75.58515],[146.07179,75.2403],[147.0879,75.00519],[147.51832,74.97118],[148.17213,74.80353],[149.20899,74.758],[150.60922,74.8935],[150.82765,75.1634]]],[[[135.99138,75.52717],[136.16017,75.62963],[135.67823,75.85977],[135.45004,75.37568],[135.84449,75.38264],[135.99138,75.52717]]],[[[83.27947,75.95628],[82.56121,75.99885],[82.38942,75.94428],[83.27947,75.95628]]],[[[145.36622,75.54023],[143.94711,75.83478],[143.38559,75.80707],[142.54689,75.86298],[142.14568,76.01191],[141.36695,76.18122],[141.58522,76.00751],[141.03859,76.05288],[140.86443,75.73884],[140.9865,75.62067],[140.43832,75.65021],[140.54591,75.75552],[139.79135,75.89448],[139.91163,75.93745],[139.10963,76.09687],[138.89731,76.21874],[138.02752,76.03193],[137.43295,75.95319],[137.58839,75.77359],[137.06764,75.72578],[137.37623,75.35041],[136.86215,75.36205],[137.1491,75.13422],[137.79379,74.97541],[138.1657,74.77619],[139.01596,74.65754],[139.34344,74.68741],[139.49513,74.94693],[139.84962,74.96483],[140.0687,74.82795],[141.3711,74.9195],[142.19874,75.00422],[141.97413,74.93378],[142.35564,74.82453],[143.70777,74.94746],[142.62818,75.09699],[142.19988,75.34882],[142.08318,75.52595],[142.3379,75.72565],[143.00115,75.70795],[143.01352,75.60244],[142.53452,75.47655],[142.49431,75.37568],[142.89812,75.14155],[143.99855,75.02497],[144.33123,75.04678],[144.89381,75.2923],[144.72934,75.43159],[145.36622,75.54023]]],[[[96.64405,76.26704],[95.81227,76.30292],[95.31056,76.20116],[96.40056,76.15518],[96.64405,76.26704]]],[[[111.95883,76.6022],[112.61801,76.45881],[112.4865,76.6022],[111.95883,76.6022]]],[[[149.37471,76.7382],[148.86674,76.734],[148.4522,76.62334],[149.2558,76.63377],[149.37471,76.7382]]],[[[96.52735,77.20551],[95.25709,76.9916],[96.47722,77.08222],[96.52735,77.20551]]],[[[89.68922,77.28059],[89.30437,77.30793],[89.30122,77.14722],[89.7468,77.16442],[89.68922,77.28059]]],[[[107.74513,77.32905],[107.39536,77.36026],[107.34457,77.23286],[107.74513,77.32905]]],[[[107.70411,78.13715],[107.56512,78.18757],[106.39503,78.13093],[107.45102,78.05317],[107.70411,78.13715]]],[[[106.53224,78.25385],[106.47006,78.3426],[105.99098,78.21914],[106.53224,78.25385]]],[[[105.41554,78.58344],[105.17506,78.80927],[104.4992,78.86376],[103.80795,79.15351],[102.88657,79.04523],[102.39145,78.82844],[102.92994,79.2757],[103.13836,79.32514],[102.30291,79.43281],[102.24627,79.24165],[101.81756,79.37104],[101.0617,79.13736],[100.78492,78.89509],[100.99399,78.76407],[100.56691,78.79491],[100.00074,78.41771],[100.04965,78.34321],[99.26832,78.04157],[99.51466,77.94355],[100.03728,77.96161],[101.20981,78.19351],[103.71258,78.25629],[104.78736,78.33637],[105.41554,78.58344]]],[[[77.61362,79.52192],[76.48227,79.64374],[76.17433,79.56908],[76.69606,79.47761],[77.61362,79.52192]]],[[[93.62818,79.93342],[91.78207,80.06379],[90.90211,80.07364],[91.07252,79.85098],[92.09946,79.80988],[92.62477,79.6728],[93.66993,79.83173],[93.62818,79.93342]]],[[[51.34685,79.95332],[51.00099,80.10253],[50.5525,79.98802],[51.34685,79.95332]]],[[[99.886,79.04149],[99.06227,79.28002],[99.74806,79.36424],[99.81707,79.74165],[100.077,79.78266],[99.19899,80.04999],[98.55698,80.05854],[98.37721,79.87788],[97.92612,79.90217],[98.08961,80.05634],[97.59213,80.17487],[96.50148,80.10664],[94.99293,80.10187],[94.32081,79.96699],[94.69012,79.81611],[94.16944,79.77521],[93.28028,79.55248],[94.31227,79.47919],[94.36451,79.23688],[95.01824,79.03852],[95.42213,79.10627],[95.69728,78.99828],[96.79851,78.9892],[97.76075,78.80878],[99.40561,78.82246],[99.87721,78.93114],[99.886,79.04149]]],[[[50.08131,80.06806],[50.31764,80.16779],[49.53126,80.15876],[50.08131,80.06806]]],[[[55.79493,80.64228],[56.92791,80.66299],[56.53045,80.78709],[55.43165,80.71426],[55.79493,80.64228]]],[[[46.68727,80.52928],[47.77996,80.76459],[48.72682,80.61074],[48.27516,80.83051],[47.13819,80.84223],[46.92075,80.74868],[45.09474,80.64916],[45.51531,80.51976],[46.07057,80.56729],[46.084,80.43989],[46.68727,80.52928]]],[[[62.22193,80.81322],[62.06772,80.87987],[59.5088,80.80366],[59.24195,80.52928],[59.68686,80.42691],[60.30738,80.49555],[61.04461,80.40518],[62.07228,80.61416],[62.22193,80.81322]]],[[[58.13006,80.78075],[59.01401,80.82319],[58.74586,80.90274],[57.84425,80.82469],[58.13006,80.78075]]],[[[55.76588,80.78368],[55.09702,80.90282],[53.98463,80.82852],[54.87672,80.72114],[55.76588,80.78368]]],[[[51.6893,80.72728],[51.30641,80.7757],[50.25123,80.7416],[50.98211,80.83124],[50.23715,80.9335],[49.00367,80.7757],[49.63103,80.63959],[49.13649,80.51691],[48.41407,80.57026],[47.42335,80.44294],[48.18873,80.33755],[46.64975,80.31387],[47.10182,80.17032],[47.92937,80.24714],[47.66359,80.07001],[48.49659,80.19286],[49.10719,80.18952],[48.83953,80.38784],[49.81617,80.40103],[49.72779,80.49433],[50.94956,80.53677],[51.6893,80.72728]]],[[[79.80665,80.97431],[79.2378,80.95311],[79.12762,80.80671],[80.32643,80.86054],[79.80665,80.97431]]],[[[58.65366,81.04377],[57.88282,81.03022],[58.56129,80.95702],[58.65366,81.04377]]],[[[57.33644,80.89179],[58.2824,80.9265],[56.70289,81.11311],[57.33644,80.89179]]],[[[54.56414,80.99543],[55.3152,80.97529],[55.79884,80.85444],[56.66847,80.80923],[57.05877,80.69184],[57.68133,80.8168],[56.01922,81.04361],[55.57692,81.00715],[54.64723,81.1223],[54.56414,80.99543]]],[[[91.54721,81.1538],[90.07154,81.21455],[89.99635,81.10529],[91.18621,81.05683],[91.54721,81.1538]]],[[[97.74708,80.7416],[97.75465,80.82929],[96.97299,80.90607],[95.77662,81.2888],[95.10353,81.27131],[94.88966,81.14436],[93.05275,80.99543],[92.49724,80.7757],[93.27027,80.79711],[92.74049,80.51301],[91.91847,80.46841],[92.10011,80.40436],[91.53199,80.28974],[93.6941,79.99811],[94.53004,80.13101],[97.188,80.23359],[97.02076,80.52587],[97.74708,80.7416]]],[[[57.26612,81.42682],[58.57049,81.41315],[57.78403,81.56476],[57.01303,81.53681],[57.26612,81.42682]]],[[[62.50367,81.65278],[63.46746,81.58906],[63.67758,81.69497],[62.22486,81.70185],[62.50367,81.65278]]],[[[58.29542,81.71418],[59.35564,81.75332],[59.21469,81.85871],[57.93971,81.80362],[58.29542,81.71418]]],[[[154.83668,49.65005],[154.60825,49.37499],[154.71998,49.26704],[154.83465,49.35273],[154.83668,49.65005]]],[[[59.00172,79.98062],[59.37208,79.91966],[59.92726,79.99486],[59.52915,80.12092],[58.7964,80.04365],[59.00172,79.98062]]],[[[55.71209,80.10346],[56.9568,80.06631],[57.02198,80.364],[55.98927,80.33666],[55.71209,80.10346]]],[[[52.6229,80.1833],[53.48992,80.17182],[53.86183,80.27607],[52.85955,80.40546],[52.18287,80.27607],[52.6229,80.1833]]],[[[57.52882,80.13142],[58.40651,80.1656],[58.07692,80.26179],[59.27613,80.33002],[58.4524,80.46809],[56.94606,80.48151],[57.27443,80.39155],[57.52882,80.13142]]],[[[53.79803,80.47289],[54.23902,80.42015],[54.26905,80.58869],[53.79803,80.47289]]],[[[60.2562,81.03636],[60.07,80.97964],[60.9878,80.92202],[61.67994,81.11372],[60.2562,81.03636]]],[[[62.77052,80.88557],[62.5298,80.84382],[63.13071,80.68309],[64.42563,80.74087],[65.44581,80.91962],[65.22983,81.13671],[64.27475,81.16914],[64.03647,80.98688],[63.14226,80.97138],[62.77052,80.88557]]],[[[55.64682,81.20026],[56.61451,81.17853],[57.90504,81.29711],[56.33595,81.3852],[56.54477,81.25479],[55.46567,81.32441],[55.64682,81.20026]]],[[[58.56349,81.32441],[59.34246,81.30427],[59.01791,81.40339],[58.56349,81.32441]]],[[[40.45493,64.58186],[40.35133,64.62019],[40.22836,64.6999],[39.98422,64.71922],[39.85532,64.69916],[40.19483,64.57416],[40.45493,64.58186]]],[[[40.14519,64.73428],[40.25221,64.69892],[40.32569,64.63764],[40.39601,64.62914],[40.33351,64.77241],[40.14519,64.73428]]],[[[67.32797,69.5727],[67.05893,69.45051],[67.25896,69.43863],[67.32797,69.5727]]],[[[83.30511,70.80552],[83.14706,70.64991],[83.13223,70.43381],[83.30957,70.4431],[83.30511,70.80552]]],[[[89.04713,77.1409],[88.66388,77.08035],[88.91957,76.9771],[89.04713,77.1409]]]]},"properties":{"ISO_A2":"RU","ISO_A2_EH":"RU","ADM0_A3":"RUS","ISO_A3":"RUS","ADMIN":"Russia"}},
{"type":"Feature","geometry":{"type":"Polygon","coordinates":[[[14.81039,50.85845],[14.6132,50.84558],[14.49351,51.01671],[14.28753,51.03683],[14.34655,50.8802],[13.60194,50.71215],[13.44794,50.59727],[13.23235,50.58203],[13.00962,50.49268],[12.51022,50.38876],[12.28336,50.16221],[12.07614,50.31517],[12.24688,50.04496],[12.52407,49.90497],[12.38362,49.74286],[12.79775,49.32784],[12.99981,49.29493],[13.1785,49.11835],[13.48226,48.93763],[13.60866,48.94616],[13.81573,48.76643],[14.07483,48.59171],[14.31575,48.55792],[14.45817,48.64318],[14.69567,48.58954],[14.80037,48.77651],[14.91933,48.76157],[14.98206,49.00791],[15.26287,48.98259],[15.68135,48.85847],[15.8185,48.87232],[16.03233,48.75806],[16.35831,48.72726],[16.43572,48.79454],[16.87301,48.71899],[16.94504,48.60417],[17.16746,48.85976],[17.53508,48.81299],[17.86034,48.92172],[18.10291,49.09225],[18.19003,49.27694],[18.3246,49.31126],[18.53564,49.48168],[18.8332,49.51026],[18.77346,49.67583],[18.63734,49.70033],[18.55921,49.90719],[18.03748,50.00723],[17.83936,49.97364],[17.58945,50.16324],[17.6064,50.25823],[17.33479,50.27001],[17.17593,50.38075],[16.86577,50.4224],[16.96034,50.23197],[16.70123,50.09493],[16.33423,50.37186],[16.19015,50.42416],[16.3826,50.51418],[16.33164,50.64404],[16.08649,50.64678],[15.44178,50.80021],[15.34969,50.78372],[15.2698,50.95265],[14.96098,50.99265],[14.98206,50.85907],[14.81039,50.85845]]]},"properties":{"ISO_A2":"CZ","ISO_A2_EH":"CZ","ADM0_A3":"CZE","ISO_A3":"CZE","ADMIN":"Czechia"}},
{"type":"Feature","geometry":{"type":"MultiPolygon","coordinates":[[[[13.81573,48.76643],[13.60866,48.94616],[13.48226,48.93763],[13.1785,49.11835],[12.99981,49.29493],[12.79775,49.32784],[12.38362,49.74286],[12.52407,49.90497],[12.24688,50.04496],[12.07614,50.31517],[12.28336,50.16221],[12.51022,50.38876],[13.00962,50.49268],[13.23235,50.58203],[13.44794,50.59727],[13.60194,50.71215],[14.34655,50.8802],[14.28753,51.03683],[14.49351,51.01671],[14.6132,50.84558],[14.81039,50.85845],[15.02206,51.23677],[14.94506,51.44919],[14.73216,51.51582],[14.71955,51.67563],[14.58581,51.80389],[14.7614,52.07667],[14.69691,52.25348],[14.53982,52.42187],[14.64482,52.57692],[14.12392,52.85065],[14.14449,52.95992],[14.34334,53.04862],[14.40938,53.27243],[14.2639,53.69998],[13.98422,53.77399],[13.81853,53.878],[13.90602,53.94306],[13.7461,54.03644],[13.69825,54.15314],[13.4651,54.09846],[13.11492,54.28002],[13.03419,54.43366],[12.87599,54.36542],[12.50196,54.47358],[12.34213,54.30394],[12.05063,54.17992],[11.65789,54.14224],[11.45769,53.90616],[11.17506,54.01801],[10.88738,53.96394],[10.75262,54.04389],[11.06658,54.18391],[11.0774,54.34223],[10.77711,54.31513],[10.12469,54.49575],[10.03354,54.67292],[9.57993,54.86628],[9.4375,54.81041],[8.82425,54.9059],[8.66078,54.89631],[8.68873,54.7353],[9.01157,54.50633],[8.86069,54.4138],[8.62916,54.38768],[8.65187,54.27485],[8.83961,54.25556],[8.83334,54.03644],[9.00782,53.89248],[9.22047,53.89077],[9.39519,53.831],[9.56707,53.5996],[9.27467,53.86514],[8.86069,53.831],[8.57325,53.85765],[8.4839,53.68358],[8.56577,53.5467],[8.25734,53.60444],[8.32049,53.50922],[8.20533,53.41071],[8.05877,53.50202],[8.16798,53.55321],[7.95143,53.72191],[7.22609,53.66649],[7.08676,53.58686],[7.02361,53.37641],[7.30291,53.33275],[7.19459,53.24502],[7.18362,52.96612],[7.07986,52.85442],[7.03666,52.64738],[6.77052,52.64103],[6.69507,52.47561],[6.9733,52.45137],[7.02632,52.23064],[6.67502,52.03481],[6.81073,51.96058],[6.38248,51.82759],[6.127,51.89673],[5.92804,51.80674],[6.09919,51.64447],[6.20782,51.38767],[6.06519,51.23163],[6.14725,51.15225],[5.91957,51.0297],[6.06374,50.90754],[5.99491,50.74993],[6.18002,50.61552],[6.19924,50.49041],[6.33691,50.481],[6.37453,50.31548],[6.14684,50.21404],[6.11749,50.12046],[6.2227,49.88714],[6.5001,49.79448],[6.35075,49.56659],[6.34531,49.45535],[6.49452,49.43554],[6.70097,49.17287],[6.83346,49.20945],[7.26806,49.10563],[7.39105,49.17002],[7.64881,49.03572],[7.9319,49.03484],[8.20031,48.95856],[8.10274,48.82131],[7.81025,48.61502],[7.75196,48.35534],[7.57264,48.09497],[7.61895,48.00265],[7.52593,47.78316],[7.58603,47.58462],[8.08724,47.56738],[8.17902,47.6158],[8.44887,47.58428],[8.56824,47.66293],[8.3913,47.66546],[8.60162,47.7946],[8.90621,47.6518],[9.27321,47.65009],[9.54748,47.53455],[9.75267,47.58206],[9.94873,47.52423],[10.19088,47.37923],[10.15988,47.27112],[10.30591,47.30218],[10.45195,47.43876],[10.41423,47.57302],[10.79033,47.51607],[10.97946,47.39055],[11.25883,47.40073],[11.62046,47.58965],[12.16565,47.60397],[12.1766,47.70582],[12.42413,47.69156],[12.49658,47.6289],[12.76199,47.66686],[12.77894,47.55483],[13.03732,47.49305],[13.01986,47.71293],[12.89201,47.72355],[12.99123,47.84711],[12.74504,48.12063],[13.03278,48.26357],[13.40557,48.37658],[13.5207,48.58458],[13.71651,48.52169],[13.81573,48.76643]]],[[[14.21005,53.93846],[13.81495,54.17365],[13.7741,54.02277],[13.94606,54.0666],[13.87526,53.84406],[14.20082,53.87816],[14.21005,53.93846]]],[[[11.25563,54.47871],[11.00571,54.46845],[11.31422,54.4138],[11.25563,54.47871]]],[[[13.69825,54.39208],[13.57545,54.47187],[13.64047,54.58568],[13.43068,54.49274],[13.3694,54.58515],[13.16635,54.54938],[13.25115,54.38691],[13.11549,54.33808],[13.26791,54.2565],[13.69825,54.39208]]]]},"properties":{"ISO_A2":"DE","ISO_A2_EH":"DE","ADM0_A3":"DEU","ISO_A3":"DEU","ADMIN":"Germany"}},
{"type":"Feature","geometry":{"type":"MultiPolygon","coordinates":[[[[24.30616,57.86819],[24.53383,57.94507],[25.2635,58.07514],[25.60152,57.9122],[26.00273,57.84598],[26.02475,57.77436],[26.49955,57.51582],[26.87265,57.62718],[27.35294,57.5276],[27.53763,57.81156],[27.79932,57.86107],[27.67312,57.91282],[27.49536,58.22146],[27.55489,58.39525],[27.41061,58.75486],[27.47779,58.87543],[27.69441,58.97594],[27.88231,59.27566],[28.18648,59.37493],[28.01905,59.48176],[27.8733,59.40762],[26.82692,59.47696],[25.72535,59.66584],[25.40773,59.49103],[25.14552,59.53913],[24.02223,59.37812],[24.09205,59.31257],[23.47088,59.21214],[23.40838,59.02558],[23.42945,58.76484],[23.81568,58.79995],[23.8025,58.7307],[23.53305,58.74746],[23.51637,58.55463],[23.66383,58.5362],[23.74098,58.34309],[24.11166,58.24103],[24.327,58.38813],[24.52882,58.35065],[24.46412,58.07217],[24.30616,57.86819]]],[[[23.23064,58.50483],[22.89967,58.62027],[22.58318,58.63451],[22.11362,58.49799],[21.88502,58.4982],[22.01124,58.35395],[21.86785,58.26459],[22.20297,58.1479],[21.99757,57.98404],[22.18995,57.98383],[22.32342,58.20661],[22.6692,58.2215],[23.02198,58.36323],[23.23064,58.50483]]],[[[23.3816,58.5799],[23.28834,58.66649],[23.05934,58.60346],[23.3816,58.5799]]],[[[22.29176,58.89521],[22.55568,58.687],[22.73666,58.80646],[23.04054,58.84077],[22.93409,58.98404],[22.59767,59.0895],[22.46306,58.97089],[22.06251,58.92585],[22.29176,58.89521]]]]},"properties":{"ISO_A2":"EE","ISO_A2_EH":"EE","ADM0_A3":"EST","ISO_A3":"EST","ADMIN":"Estonia"}},
{"type":"Feature","geometry":{"type":"Polygon","coordinates":[[[27.35294,57.5276],[26.87265,57.62718],[26.49955,57.51582],[26.02475,57.77436],[26.00273,57.84598],[25.60152,57.9122],[25.2635,58.07514],[24.53383,57.94507],[24.30616,57.86819],[24.40553,57.34447],[24.37916,57.23021],[23.95289,57.01325],[23.69516,56.96727],[23.2505,57.11445],[23.13022,57.3708],[22.6561,57.58576],[22.58579,57.75971],[21.99928,57.60033],[21.69923,57.55533],[21.4214,57.28872],[21.40162,57.0375],[21.0652,56.84634],[20.96909,56.25349],[21.0534,56.07262],[21.19037,56.08446],[21.32762,56.22437],[22.09408,56.41741],[22.68144,56.35031],[22.88897,56.40844],[23.11273,56.31088],[23.28843,56.37305],[23.7067,56.35444],[24.10864,56.2607],[24.44722,56.26052],[24.89226,56.43873],[25.1092,56.18308],[25.66188,56.14081],[25.7088,56.08105],[26.17864,55.84959],[26.27972,55.74324],[26.59453,55.66699],[26.82284,55.70611],[26.98107,55.82688],[27.59271,55.79424],[27.64501,55.92284],[27.91145,56.10025],[28.14891,56.14241],[28.21479,56.28137],[28.13222,56.53598],[27.86546,56.74269],[27.7864,56.87126],[27.62837,56.84415],[27.82433,57.15907],[27.8403,57.29064],[27.35294,57.5276]]]},"properties":{"ISO_A2":"LV","ISO_A2_EH":"LV","ADM0_A3":"LVA","ISO_A3":"LVA","ADMIN":"Latvia"}},
{"type":"Feature","geometry":{"type":"MultiPolygon","coordinates":[[[[20.62317,69.03636],[20.7444,69.10436],[21.03255,69.04101],[21.03358,69.18121],[21.31356,69.29143],[21.66289,69.26322],[22.37138,68.82262],[22.42874,68.71007],[23.0193,68.68671],[23.19758,68.61804],[23.73481,68.71545],[23.92901,68.81621],[24.66344,68.66609],[24.86094,68.56341],[25.11757,68.63767],[25.20128,68.81265],[25.65164,68.8835],[25.80109,69.01315],[25.73412,69.19133],[26.03198,69.69668],[26.19828,69.71544],[26.50069,69.91832],[27.10034,69.90175],[27.89729,70.07069],[28.40455,69.80225],[29.13122,69.6742],[29.34454,69.46439],[28.86478,69.2166],[28.95408,69.02726],[29.24047,69.11506],[29.33452,69.27738],[29.94807,69.36559],[30.29436,69.62025],[30.85298,69.52744],[30.84095,69.80584],[30.16521,69.87954],[30.209,69.78441],[29.68002,69.73542],[29.68588,69.96955],[28.73268,70.0856],[28.75367,70.16755],[30.15895,70.07136],[30.54884,70.24868],[31.077,70.28425],[29.99383,70.71308],[29.3519,70.6953],[29.4048,70.78449],[29.05747,70.88402],[28.79469,70.87324],[28.52622,70.72175],[28.42897,70.49604],[28.24659,70.41454],[28.16725,70.13548],[28.12713,70.44184],[27.84938,70.48286],[28.30128,70.70258],[27.65016,70.60635],[28.13054,70.73603],[28.54607,70.97993],[27.5687,71.09724],[27.55421,70.95527],[27.12257,70.9217],[27.53403,70.84593],[27.13982,70.74063],[27.12989,70.62621],[26.50587,70.36286],[26.65699,70.64053],[26.69117,70.9558],[26.37428,70.86848],[26.01222,70.62621],[25.42311,70.32514],[25.54038,70.29784],[25.13608,70.0788],[24.97983,70.22944],[25.20135,70.30707],[25.24594,70.5279],[25.92514,70.8559],[25.42311,70.85961],[25.24562,70.79133],[25.14259,70.9217],[24.66603,70.97769],[24.61606,70.77973],[24.11232,70.5489],[23.51319,70.36555],[23.17555,70.09243],[23.53932,70.02411],[23.32985,69.94839],[23.03224,70.03034],[22.96705,70.20747],[22.26743,70.29511],[21.58595,70.31216],[21.20924,70.20848],[21.83888,70.05512],[21.90455,69.82543],[21.39259,70.029],[21.17042,69.87564],[20.51197,69.76948],[20.49733,69.57762],[20.19158,69.41324],[20.41725,69.89037],[20.16774,69.94221],[19.85776,69.62726],[19.67433,69.68155],[19.78419,69.80439],[19.09832,69.73615],[18.95802,69.5611],[18.49757,69.52196],[18.46665,69.44522],[18.93377,69.33405],[18.60206,69.30024],[18.30095,69.48676],[18.0031,69.28571],[18.08131,69.16914],[17.67937,69.09186],[17.42612,68.89948],[17.69418,68.89175],[17.23439,68.75605],[16.62924,68.64167],[16.53484,68.4383],[17.04664,68.43415],[17.54656,68.5301],[17.53989,68.42837],[16.82407,68.32404],[16.69459,68.40546],[16.17237,68.31786],[16.44125,68.22529],[16.23683,67.88361],[16.042,68.02985],[16.09718,68.17329],[15.50758,68.13227],[15.28175,68.03669],[15.96876,68.00861],[14.7894,67.82282],[15.01531,67.74665],[14.83611,67.64252],[15.38404,67.8039],[15.59693,67.74885],[15.19646,67.6446],[15.47291,67.46133],[15.00831,67.56367],[14.72682,67.48867],[14.3283,67.2416],[14.67384,67.2167],[15.16505,67.31049],[14.8991,67.14159],[14.78142,67.2143],[14.36305,67.15965],[14.22283,66.98151],[13.58969,66.93818],[13.80144,66.80956],[13.54184,66.80321],[13.48015,66.67528],[13.25074,66.63312],[13.17067,66.41234],[13.00001,66.35712],[13.3213,66.30028],[13.03159,66.19823],[13.52719,66.24014],[12.86899,66.13435],[12.71209,66.04243],[13.02361,66.06729],[12.78907,65.96499],[12.34889,65.63837],[12.57423,65.58999],[12.6408,65.41641],[12.34547,65.26777],[12.50278,65.14492],[12.93181,65.3332],[12.60646,65.12596],[11.40138,64.92227],[11.2317,64.82274],[11.84181,64.80231],[11.39617,64.70673],[11.51678,64.57294],[11.37762,64.39716],[11.16277,64.44599],[10.95672,64.60301],[10.85499,64.37775],[10.60711,64.36555],[10.16969,64.19896],[9.93629,63.95942],[10.19703,63.9383],[9.54591,63.7744],[9.54412,63.6656],[9.79908,63.69184],[9.91822,63.51472],[10.41578,63.57941],[10.91,63.73102],[11.07399,63.83588],[10.96274,63.94794],[11.26206,64.03612],[11.4979,64.02082],[11.09645,63.88964],[11.46388,63.8017],[11.03346,63.71918],[10.67164,63.54877],[10.91635,63.46654],[10.79786,63.41739],[10.30047,63.46654],[10.094,63.43867],[10.09929,63.3249],[9.83326,63.3288],[9.96062,63.42772],[9.69907,63.64448],[9.16196,63.50715],[9.26466,63.36294],[8.82342,63.42939],[8.47641,63.29401],[8.54363,63.13239],[8.16554,63.1153],[8.61988,62.87792],[8.32928,62.88068],[8.33985,62.95881],[8.08668,63.10969],[7.97389,62.97696],[7.50115,62.91083],[7.27117,63.01411],[6.91017,62.92939],[6.97039,62.72557],[7.38502,62.68757],[8.07301,62.7801],[7.5232,62.67438],[7.51743,62.54108],[7.0923,62.65095],[6.77711,62.65034],[6.61256,62.56098],[6.31959,62.60855],[6.3047,62.45917],[6.70875,62.45173],[6.02768,62.30573],[5.92872,62.19892],[5.43116,62.18618],[5.45143,62.06171],[5.18181,62.21271],[5.07065,62.16376],[5.31031,62.02656],[5.15577,61.89606],[5.42701,61.93781],[6.52133,61.8142],[5.73553,61.8354],[5.36256,61.90546],[5.33758,61.84162],[4.97446,61.73859],[4.99269,61.63044],[5.29029,61.47964],[4.94793,61.41641],[5.02076,61.2165],[5.37664,61.08047],[5.5573,61.13646],[6.17433,61.18366],[6.43434,61.11473],[6.49952,61.26252],[6.95314,61.11164],[6.6006,61.17524],[6.27475,61.04792],[5.89275,61.12177],[5.43385,61.0266],[5.01612,61.04654],[5.04713,60.84443],[5.29322,60.82274],[5.30421,60.71198],[4.92677,60.80012],[5.30006,60.56078],[5.69516,60.75235],[5.70826,60.47114],[5.61769,60.41718],[5.52784,60.4206],[5.44874,60.44628],[5.30584,60.52827],[5.17775,60.38858],[5.22283,60.21109],[5.42701,60.16267],[5.57154,60.23835],[5.68141,60.03974],[5.85597,60.02375],[5.86053,60.16307],[6.18865,60.35505],[6.56186,60.46296],[6.14235,60.21548],[5.9651,59.95661],[5.64617,59.85419],[5.89405,59.76179],[5.7461,59.67552],[5.48911,59.73811],[5.1823,59.51122],[5.47543,59.27875],[5.5866,59.41649],[5.66652,59.30467],[6.07879,59.40229],[6.25213,59.27725],[5.87273,59.08698],[6.03387,58.90518],[5.73553,58.9287],[5.55055,59.03856],[5.47795,58.75475],[5.70417,58.52077],[5.96437,58.46817],[6.00148,58.39012],[6.6985,58.22456],[6.53053,58.12055],[6.99936,58.03071],[7.57887,58.01752],[7.91578,58.08186],[8.02955,58.22484],[8.1229,58.10204],[8.50123,58.25723],[9.45037,58.83316],[9.27084,58.83316],[9.68979,58.95669],[9.95737,58.95669],[10.46957,59.24779],[10.48373,59.51447],[10.65642,59.59467],[10.59596,59.42373],[10.82293,59.16397],[10.90211,59.19685],[11.37045,59.10065],[11.43751,58.99173],[11.45199,58.89604],[11.66438,58.92007],[11.81166,59.24967],[11.67741,59.55905],[11.90354,59.77],[11.84959,59.87242],[12.14373,59.89841],[12.51095,60.11799],[12.48728,60.29591],[12.59435,60.51494],[12.377,60.7541],[12.25608,60.98132],[12.68251,61.04033],[12.87713,61.37098],[12.61378,61.54705],[12.16172,61.72484],[12.31747,62.23403],[12.09123,62.58631],[12.10436,62.92334],[12.2227,63.00148],[11.99243,63.2889],[12.20492,63.45463],[12.1703,63.59814],[12.68189,63.95636],[13.23411,64.09087],[13.93944,64.00953],[14.16144,64.20544],[14.11555,64.44124],[13.64276,64.58402],[14.31068,65.08414],[14.51429,65.31808],[14.56069,65.70106],[14.64441,65.84291],[14.54054,66.12545],[15.05338,66.15328],[15.48188,66.27487],[15.42627,66.49121],[15.66946,66.59942],[16.03884,66.88755],[16.41557,67.0527],[16.43789,67.20032],[16.12711,67.42276],[16.48295,67.55784],[16.808,67.91064],[17.32145,68.1053],[17.89537,67.96965],[18.16667,68.15848],[18.17184,68.53592],[18.43622,68.57385],[18.64458,68.50125],[19.03815,68.50564],[19.93101,68.3502],[20.24593,68.47737],[19.96222,68.54119],[20.23663,68.65907],[20.34111,68.91006],[20.10227,69.02214],[20.62317,69.03636]]],[[[14.02784,68.26264],[13.98308,68.33731],[13.50001,68.24226],[13.64373,68.07087],[14.03403,68.18073],[14.02784,68.26264]]],[[[5.27687,59.29926],[5.20851,59.41596],[5.16617,59.19568],[5.27687,59.29926]]],[[[5.30714,59.75861],[5.16831,59.85],[5.07618,59.7663],[5.30714,59.75861]]],[[[5.48911,59.86103],[5.30405,59.97769],[5.3104,59.79499],[5.48911,59.86103]]],[[[5.61915,60.07392],[5.46168,60.0528],[5.50807,59.89912],[5.6399,59.9156],[5.61915,60.07392]]],[[[5.11166,60.20051],[4.96827,60.44379],[4.94142,60.29125],[5.11166,60.20051]]],[[[5.68767,60.67658],[5.32399,60.54682],[5.50213,60.43696],[5.6089,60.44379],[5.68141,60.48168],[5.68767,60.67658]]],[[[4.86525,61.88939],[4.91627,61.78095],[5.12599,61.85586],[4.86525,61.88939]]],[[[5.98862,62.39647],[5.80445,62.36237],[5.87403,62.25544],[5.98862,62.39647]]],[[[7.64039,63.05508],[7.40138,63.05508],[7.52654,62.94603],[7.64039,63.05508]]],[[[7.91472,63.34248],[8.18165,63.3902],[8.00408,63.47281],[7.77817,63.41132],[7.91472,63.34248]]],[[[9.13868,63.56778],[8.96518,63.65624],[8.54526,63.60248],[8.27784,63.46654],[8.50359,63.43423],[9.13868,63.56778]]],[[[8.36036,63.67137],[8.74342,63.68793],[8.74342,63.7744],[8.36036,63.67137]]],[[[12.45143,65.42609],[12.12224,65.35733],[12.08058,65.21503],[12.45143,65.42609]]],[[[14.27369,67.16584],[13.99301,67.0777],[14.2059,67.00886],[14.27369,67.16584]]],[[[13.0547,68.09813],[12.78712,67.81013],[13.13087,67.95258],[13.0547,68.09813]]],[[[15.0005,68.36506],[15.17237,68.45441],[14.65349,68.42853],[14.1985,68.15278],[14.76319,68.25902],[15.0005,68.36506]]],[[[16.42286,68.49193],[16.19215,68.51496],[16.0949,68.39753],[16.42286,68.49193]]],[[[16.52858,68.72199],[16.25465,68.90323],[16.10743,68.74071],[15.86329,68.7829],[15.9074,68.95942],[15.64479,68.95474],[15.45232,68.81127],[15.51385,68.63618],[15.23878,68.56428],[15.26808,68.46125],[15.00929,68.31367],[15.35808,68.35493],[15.62436,68.30048],[15.7479,68.42536],[15.96632,68.39301],[16.09352,68.53351],[16.48146,68.54751],[16.52858,68.72199]]],[[[14.39723,68.66047],[15.06267,68.57852],[15.33619,68.6529],[15.29526,68.90693],[15.00766,68.98102],[15.00603,68.79385],[14.6797,68.76732],[14.39723,68.66047]]],[[[15.52866,68.91376],[16.0608,69.1446],[16.10157,69.31525],[15.56967,69.10554],[15.52866,68.91376]]],[[[18.07081,69.43793],[17.83741,69.59211],[17.64527,69.46182],[17.31715,69.53498],[17.38942,69.38044],[16.93849,69.39838],[17.13185,69.31098],[16.82325,69.05443],[17.48829,69.15396],[17.95826,69.18049],[17.90594,69.31843],[18.07081,69.43793]]],[[[18.99903,69.8286],[18.35678,69.79287],[18.18653,69.70881],[18.19402,69.53071],[18.82293,69.59073],[18.99903,69.8286]]],[[[19.61915,70.01675],[19.32488,70.0788],[18.72885,69.94782],[19.12159,69.78783],[19.40675,69.83857],[19.61915,70.01675]]],[[[20.79152,70.09243],[20.58766,70.23615],[20.3899,70.10269],[20.79152,70.09243]]],[[[19.98219,70.14704],[19.63307,70.21931],[19.81951,70.06025],[19.98219,70.14704]]],[[[22.92237,70.30467],[22.48512,70.38447],[22.44516,70.29145],[22.92237,70.30467]]],[[[23.65602,70.50332],[23.33326,70.5517],[22.89723,70.451],[23.10467,70.28327],[23.3816,70.31834],[23.65602,70.50332]]],[[[24.06691,70.66096],[23.70924,70.7486],[23.75099,70.52383],[24.06691,70.66096]]],[[[22.42213,70.51073],[22.87094,70.53937],[23.27174,70.68146],[23.32895,70.77928],[22.82618,70.64794],[22.37387,70.69819],[22.42213,70.51073]]],[[[26.136,71.03775],[25.93019,71.01105],[25.80738,71.15445],[25.29331,71.04515],[25.53354,70.93183],[26.136,71.03775]]],[[[30.02117,69.83234],[29.87721,69.91425],[29.71323,69.76341],[30.02117,69.83234]]],[[[19.81332,70.00259],[19.43426,69.84052],[19.72055,69.86469],[19.81332,70.00259]]],[[[-7.96255,71.17487],[-8.32567,71.14761],[-8.50744,71.0207],[-9.11742,70.87491],[-8.96312,70.81802],[-8.69742,70.93814],[-8.00597,71.03254],[-7.96255,71.17487]]],[[[19.16033,74.52603],[18.78981,74.47822],[19.07374,74.34736],[19.16033,74.52603]]],[[[24.42477,77.82594],[24.30494,77.91185],[23.62827,77.87031],[23.0713,78.06623],[23.47047,78.15144],[22.96608,78.25629],[21.69679,78.21109],[20.88014,78.0854],[21.66179,77.91804],[20.92172,77.44237],[22.77833,77.55492],[22.43881,77.43891],[22.4297,77.26374],[23.23454,77.26368],[23.35434,77.37686],[23.89283,77.50837],[24.42477,77.82594]]],[[[21.02426,78.21914],[22.27125,78.26752],[22.23536,78.48786],[21.17823,78.62324],[21.08424,78.55573],[20.18312,78.49535],[20.66114,78.39106],[20.46876,78.31533],[21.02426,78.21914]]],[[[27.02076,78.69892],[26.61549,78.80878],[26.73756,78.62645],[27.02076,78.69892]]],[[[12.14283,78.23705],[11.44711,78.54804],[10.84376,78.87889],[10.5254,78.78828],[11.12184,78.43887],[11.30535,78.45222],[12.14283,78.23705]]],[[[29.43898,78.90497],[28.41863,78.96699],[27.84197,78.84349],[29.43898,78.90497]]],[[[20.09889,79.12409],[20.40594,78.99592],[20.8318,79.05516],[20.09889,79.12409]]],[[[20.20875,78.63809],[20.69142,78.69359],[21.39422,78.67158],[21.52215,78.85371],[19.90642,79.01423],[19.78631,79.16511],[18.94508,79.15697],[18.88185,79.44111],[18.34693,79.62995],[17.75367,79.40933],[17.74887,79.60383],[18.0984,79.72736],[17.56251,79.89785],[16.96469,79.96259],[16.82008,79.8758],[16.29469,80.06737],[15.71583,79.87714],[15.6858,79.70063],[15.95948,79.30964],[16.4909,78.93073],[16.34791,78.91625],[15.49733,79.33002],[15.26238,79.61884],[14.5486,79.81147],[13.88315,79.54243],[14.04168,79.26582],[13.45167,79.59243],[12.45143,79.56908],[13.01368,79.69326],[13.73829,79.70645],[13.79705,79.8819],[12.53663,79.74628],[12.3366,79.66999],[11.82228,79.84504],[11.28346,79.78929],[11.43328,79.62751],[10.70802,79.56143],[11.27931,79.09955],[11.70045,79.16804],[11.69109,79.32221],[12.08123,79.30329],[11.6836,79.0694],[12.3908,79.00214],[12.24879,78.90156],[11.33416,78.97321],[11.85662,78.85562],[11.64324,78.74726],[12.4297,78.54418],[13.00961,78.20384],[13.85597,78.21288],[14.6631,78.38109],[14.38356,78.50092],[14.81495,78.73363],[15.43946,78.4584],[16.00196,78.48273],[16.5228,78.71784],[16.82895,78.67333],[16.32993,78.4593],[16.93653,78.35228],[15.7951,78.34292],[15.72967,78.23395],[15.03468,78.11665],[13.58912,78.05585],[13.71876,77.76789],[15.09034,77.79096],[16.78932,77.87714],[16.86997,77.81135],[15.11541,77.70319],[14.96608,77.62324],[15.85328,77.53156],[14.43995,77.58609],[13.91066,77.53449],[14.37371,77.19868],[15.04021,77.13475],[15.34571,77.00853],[16.35613,76.98603],[15.57846,76.91958],[15.94158,76.76069],[16.80958,76.56684],[17.20021,76.7189],[16.93572,76.81476],[17.32374,76.97895],[17.48325,77.3061],[17.72779,77.49348],[18.1941,77.49018],[18.44516,77.75625],[18.33041,77.90497],[18.58286,78.05512],[19.06276,78.08686],[18.92058,78.17853],[18.99301,78.46699],[19.68116,78.51455],[20.20875,78.63809]]],[[[33.09864,80.22769],[31.49635,80.11571],[31.6111,80.0727],[32.83107,80.13325],[33.09864,80.22769]]],[[[27.17107,80.07343],[26.80714,80.17426],[25.70436,80.17243],[25.51393,80.24238],[23.76531,80.30907],[23.80486,80.18456],[23.00554,80.1684],[23.26743,80.4538],[22.75034,80.50483],[22.36744,80.00853],[21.827,80.15192],[21.84669,80.27212],[20.88258,80.21125],[20.38982,80.42349],[19.91383,80.38524],[19.61297,80.22769],[19.03346,80.35798],[19.33131,80.09101],[18.85434,80.19758],[18.03745,80.19286],[18.23487,80.0489],[18.83668,80.03124],[18.19435,79.90009],[18.78386,79.72309],[21.88771,79.82355],[21.85035,79.70694],[20.4756,79.68643],[21.15455,79.56908],[20.20834,79.64545],[19.63331,79.61131],[20.8169,79.37808],[21.71176,79.37177],[22.89503,79.4195],[22.64471,79.30964],[22.92563,79.22285],[24.05307,79.18887],[24.2881,79.30988],[25.64568,79.39769],[25.82602,79.62604],[27.14967,79.85497],[27.17107,80.07343]]]]},"properties":{"ISO_A2":"-99","ISO_A2_EH":"NO","ADM0_A3":"NOR","ISO_A3":"-99","ADMIN":"Norway"}},
{"type":"Feature","geometry":{"type":"MultiPolygon","coordinates":[[[[20.62317,69.03636],[20.10227,69.02214],[20.34111,68.91006],[20.23663,68.65907],[19.96222,68.54119],[20.24593,68.47737],[19.93101,68.3502],[19.03815,68.50564],[18.64458,68.50125],[18.43622,68.57385],[18.17184,68.53592],[18.16667,68.15848],[17.89537,67.96965],[17.32145,68.1053],[16.808,67.91064],[16.48295,67.55784],[16.12711,67.42276],[16.43789,67.20032],[16.41557,67.0527],[16.03884,66.88755],[15.66946,66.59942],[15.42627,66.49121],[15.48188,66.27487],[15.05338,66.15328],[14.54054,66.12545],[14.64441,65.84291],[14.56069,65.70106],[14.51429,65.31808],[14.31068,65.08414],[13.64276,64.58402],[14.11555,64.44124],[14.16144,64.20544],[13.93944,64.00953],[13.23411,64.09087],[12.68189,63.95636],[12.1703,63.59814],[12.20492,63.45463],[11.99243,63.2889],[12.2227,63.00148],[12.10436,62.92334],[12.09123,62.58631],[12.31747,62.23403],[12.16172,61.72484],[12.61378,61.54705],[12.87713,61.37098],[12.68251,61.04033],[12.25608,60.98132],[12.377,60.7541],[12.59435,60.51494],[12.48728,60.29591],[12.51095,60.11799],[12.14373,59.89841],[11.84959,59.87242],[11.90354,59.77],[11.67741,59.55905],[11.81166,59.24967],[11.66438,58.92007],[11.45199,58.89604],[11.43751,58.99173],[11.22006,59.09016],[11.11744,58.96882],[11.28631,58.5799],[11.2317,58.33967],[11.41521,58.43195],[11.50367,58.28022],[11.82594,58.31656],[11.86061,58.21841],[11.68678,57.83763],[11.70631,57.72199],[11.91684,57.62092],[11.9336,57.36083],[12.05926,57.45881],[12.37501,56.91206],[12.59832,56.82099],[12.73178,56.64704],[12.87176,56.64948],[12.89015,56.45527],[12.62159,56.41934],[12.79689,56.2281],[12.50457,56.27534],[12.92262,55.74946],[13.06137,55.67447],[12.92937,55.57893],[12.95289,55.42499],[13.28053,55.34545],[13.88234,55.43305],[14.18116,55.39082],[14.36305,55.52363],[14.19581,55.72565],[14.20851,55.82128],[14.47885,56.03168],[14.76775,56.03071],[14.6858,56.14741],[14.95338,56.17292],[15.32097,56.13964],[15.57277,56.20629],[15.82651,56.15937],[15.85174,56.08637],[16.03826,56.25507],[16.09523,56.41938],[16.58326,57.04491],[16.46502,57.17731],[16.54762,57.38251],[16.68898,57.47175],[16.577,57.70966],[16.7068,57.68854],[16.41944,57.89468],[16.5901,57.93561],[16.77719,58.13052],[16.72047,58.43651],[16.9402,58.49112],[16.78932,58.60716],[16.40919,58.59663],[16.23374,58.66926],[16.92416,58.62543],[17.59067,58.86726],[17.61109,59.09382],[17.75815,59.12592],[17.74928,58.92381],[17.89967,58.91572],[18.04322,59.05972],[18.41432,59.14004],[18.27589,59.31293],[18.6198,59.3083],[18.31813,59.37592],[18.22055,59.31977],[18.00896,59.40852],[18.4131,59.49103],[19.042,59.78498],[18.78981,59.77904],[18.94907,59.89997],[18.82049,60.11367],[18.41993,60.19351],[18.56373,60.22761],[17.96746,60.51211],[17.91863,60.60017],[17.63819,60.51545],[17.57496,60.6479],[17.19117,60.70173],[17.31153,60.74527],[17.16774,60.99217],[17.17701,61.48688],[17.05633,61.58218],[17.39918,61.72236],[17.35475,61.95531],[17.50864,62.21841],[17.33741,62.40396],[17.438,62.53677],[17.54998,62.44831],[17.8235,62.48583],[18.04322,62.62617],[17.92644,62.82225],[18.07732,62.77387],[18.47136,62.86774],[18.39259,62.94522],[18.64308,63.14692],[19.03679,63.17792],[19.26954,63.34248],[19.28077,63.45942],[19.50799,63.41185],[19.47023,63.56147],[19.68735,63.43134],[20.07358,63.66625],[20.30795,63.65436],[20.50343,63.82201],[20.78647,63.87861],[20.9485,64.13007],[21.49195,64.45433],[21.04233,64.81989],[21.18133,64.83584],[21.61883,65.14802],[21.70167,65.28588],[21.48911,65.39338],[21.94223,65.41181],[21.85353,65.53535],[22.17693,65.53978],[21.78777,65.68671],[22.40528,65.54194],[22.25758,65.69302],[22.47731,65.85688],[22.68531,65.86249],[23.12957,65.71503],[23.37428,65.8227],[23.6902,65.83015],[23.92644,65.7604],[24.1631,65.8227],[24.01965,66.04894],[23.72416,66.20663],[23.64231,66.43626],[23.88188,66.56354],[24.00125,66.81243],[23.58133,67.15314],[23.7652,67.42007],[23.43126,67.48552],[23.55353,67.58704],[23.49886,67.88216],[23.66122,67.93286],[23.15169,68.13026],[23.05216,68.29821],[22.80825,68.3949],[22.07217,68.47701],[21.46363,68.68687],[20.93457,68.96695],[20.62317,69.03636]]],[[[17.12452,57.31928],[16.96648,57.30459],[16.71681,56.89183],[16.62086,56.87226],[16.39894,56.54466],[16.41261,56.22932],[16.56642,56.34614],[16.64324,56.56843],[17.12452,57.31928]]],[[[19.04021,57.86791],[18.74244,57.91791],[18.46306,57.80317],[18.11199,57.51105],[18.17921,57.37954],[18.09938,57.25898],[18.29851,56.9416],[18.38575,57.12743],[18.71412,57.24291],[18.66676,57.29678],[18.93002,57.40453],[18.78981,57.44896],[18.80714,57.73444],[18.94125,57.72956],[19.04021,57.86791]]],[[[11.73878,58.05854],[11.50587,58.04605],[11.52784,57.95429],[11.73878,58.05854]]],[[[11.80698,58.23041],[11.66993,58.2851],[11.42897,58.16096],[11.51629,58.08601],[11.8047,58.12572],[11.80698,58.23041]]]]},"properties":{"ISO_A2":"SE","ISO_A2_EH":"SE","ADM0_A3":"SWE","ISO_A3":"SWE","ADMIN":"Sweden"}},
{"type":"Feature","geometry":{"type":"MultiPolygon","coordinates":[[[[28.95408,69.02726],[28.86478,69.2166],[29.34454,69.46439],[29.13122,69.6742],[28.40455,69.80225],[27.89729,70.07069],[27.10034,69.90175],[26.50069,69.91832],[26.19828,69.71544],[26.03198,69.69668],[25.73412,69.19133],[25.80109,69.01315],[25.65164,68.8835],[25.20128,68.81265],[25.11757,68.63767],[24.86094,68.56341],[24.66344,68.66609],[23.92901,68.81621],[23.73481,68.71545],[23.19758,68.61804],[23.0193,68.68671],[22.42874,68.71007],[22.37138,68.82262],[21.66289,69.26322],[21.31356,69.29143],[21.03358,69.18121],[21.03255,69.04101],[20.7444,69.10436],[20.62317,69.03636],[20.93457,68.96695],[21.46363,68.68687],[22.07217,68.47701],[22.80825,68.3949],[23.05216,68.29821],[23.15169,68.13026],[23.66122,67.93286],[23.49886,67.88216],[23.55353,67.58704],[23.43126,67.48552],[23.7652,67.42007],[23.58133,67.15314],[24.00125,66.81243],[23.88188,66.56354],[23.64231,66.43626],[23.72416,66.20663],[24.01965,66.04894],[24.1631,65.8227],[24.54363,65.80899],[24.68702,65.63154],[25.08546,65.60517],[25.35182,65.48412],[25.28248,65.19139],[25.44353,64.96678],[25.25953,64.81647],[25.07374,64.91608],[24.77312,64.86579],[24.42286,64.67561],[24.34409,64.53075],[23.9961,64.37987],[23.94337,64.24677],[23.3816,64.04816],[23.37281,63.90062],[22.99073,63.81538],[22.82928,63.64623],[22.58904,63.70332],[22.4284,63.48876],[22.19093,63.45844],[22.37371,63.32136],[21.90553,63.17544],[21.89454,63.26048],[21.49659,63.20897],[21.68849,63.02709],[21.49513,63.07172],[21.46315,62.9514],[21.22674,62.85847],[21.07895,62.67829],[21.19353,62.6009],[21.13356,62.40396],[21.33904,62.35554],[21.23658,61.98501],[21.37143,61.93911],[21.53761,61.64985],[21.55812,61.20417],[21.45387,61.055],[21.29868,61.06013],[21.4284,60.90253],[21.37965,60.64704],[21.64145,60.49575],[21.84051,60.62873],[21.87403,60.52953],[22.29152,60.38264],[22.62762,60.37539],[22.52508,60.20425],[22.87713,60.30109],[22.99692,60.06208],[23.25758,60.03974],[23.24708,59.92243],[22.90512,59.81123],[23.25131,59.84113],[23.42945,59.95661],[23.77125,59.96796],[24.36793,60.07392],[24.46811,59.99641],[24.59685,60.12727],[25.50278,60.24616],[25.66863,60.36465],[25.73553,60.24726],[25.93019,60.24519],[26.01368,60.46259],[26.32399,60.383],[26.68735,60.41816],[27.17775,60.56733],[27.4568,60.46369],[27.80787,60.55305],[28.7976,61.09684],[29.20316,61.2459],[29.53973,61.48496],[29.77914,61.59312],[30.63501,62.18401],[30.90755,62.29289],[31.24376,62.50334],[31.56953,62.90593],[31.22567,63.19604],[30.82094,63.37567],[30.48866,63.46212],[29.98079,63.74154],[30.20155,63.79265],[30.50933,63.99139],[30.55848,64.2197],[30.03246,64.39695],[29.9658,64.57864],[30.18082,64.64277],[30.06254,64.78416],[29.78028,64.79558],[29.58815,64.99144],[29.82048,65.09365],[29.8332,65.20501],[29.58009,65.2354],[29.72013,65.32909],[29.70287,65.62938],[30.0985,65.65638],[29.90017,66.10806],[29.59321,66.34593],[29.52448,66.49121],[29.08916,66.83755],[29.09991,66.99113],[29.51983,67.29817],[29.91624,67.50813],[30.00941,67.68584],[29.65119,67.82356],[29.29866,68.08179],[28.66376,68.204],[28.44744,68.51489],[28.80148,68.83549],[28.45623,68.90014],[28.95408,69.02726]]],[[[22.84352,60.24177],[22.45102,60.18854],[22.4699,59.9975],[22.68214,59.9975],[22.84685,60.11103],[22.84352,60.24177]]],[[[24.99344,65.0551],[24.56276,65.03718],[24.6316,64.96784],[24.99344,65.0551]]]]},"properties":{"ISO_A2":"FI","ISO_A2_EH":"FI","ADM0_A3":"FIN","ISO_A3":"FIN","ADMIN":"Finland"}},
{"type":"Feature","geometry":{"type":"MultiPolygon","coordinates":[[[[107.52039,14.70458],[107.45575,14.43388],[107.38691,14.42191],[107.31994,14.11984],[107.43073,13.98447],[107.44324,13.78348],[107.59693,13.53507],[107.60695,13.36975],[107.4604,13.02161],[107.56509,12.60642],[107.5143,12.34385],[107.39301,12.25285],[107.3202,12.32922],[107.15251,12.27703],[106.97769,12.09725],[106.74923,12.05234],[106.70158,11.9708],[106.394,11.96981],[106.43503,11.67727],[106.28734,11.67459],[106.01542,11.7705],[105.93408,11.64286],[105.80489,11.62493],[105.87104,11.41328],[105.84442,11.28988],[106.18084,10.97026],[106.12694,10.909],[106.17732,10.76686],[105.93134,10.89636],[105.86101,10.83931],[105.7529,11.01561],[105.47385,10.94091],[105.3275,10.84828],[105.02907,10.91409],[105.06623,10.74643],[104.85441,10.53132],[104.55401,10.51833],[104.45135,10.41966],[104.58888,10.26089],[104.60768,10.15351],[104.80486,10.2071],[104.90105,10.09732],[105.08766,9.99673],[104.96998,9.85366],[104.89279,9.8511],[104.83562,9.55622],[104.80707,9.04557],[104.7746,8.81787],[104.92156,8.80931],[104.91163,8.68521],[104.75221,8.59077],[104.85621,8.56558],[105.10147,8.63428],[105.33398,8.8397],[105.53875,9.12934],[106.19337,9.36933],[106.19703,9.54116],[106.0735,9.74795],[105.83839,9.97944],[105.90406,9.97647],[106.25034,9.63117],[106.48487,9.54711],[106.57496,9.73908],[106.17286,10.14753],[106.14487,10.22858],[106.39503,9.97435],[106.61134,9.81704],[106.6963,9.89655],[106.46168,10.03571],[106.3685,10.15591],[106.64487,9.97338],[106.79762,10.15721],[106.42237,10.31696],[106.77556,10.27538],[106.73341,10.52245],[106.77247,10.68635],[106.94313,10.60065],[106.97218,10.47427],[107.17596,10.47744],[107.27198,10.37849],[107.58058,10.57026],[107.88234,10.71699],[107.9983,10.69937],[108.10646,10.91816],[108.47234,11.05317],[108.5774,11.17915],[108.72934,11.18155],[108.78785,11.30069],[109.01808,11.3559],[109.04347,11.6385],[109.136,11.57022],[109.24293,11.73566],[109.19874,11.94815],[109.27784,11.86481],[109.21388,12.0681],[109.20655,12.38715],[109.34596,12.39631],[109.20493,12.55024],[109.20493,12.64643],[109.36256,12.79291],[109.34205,12.6601],[109.45135,12.57075],[109.47242,12.6564],[109.36883,12.82461],[109.46502,12.91332],[109.30738,13.13304],[109.32106,13.25902],[109.23219,13.39313],[109.30372,13.47989],[109.22625,13.7436],[109.30738,13.87637],[109.17449,14.17207],[109.23902,14.133],[109.07447,14.5786],[109.08082,14.72948],[108.9192,15.05781],[108.91,15.2093],[108.82749,15.42902],[108.77296,15.38679],[108.61866,15.52924],[108.45533,15.74702],[108.41481,15.86742],[108.25856,16.07099],[108.14283,16.11937],[108.20436,16.2167],[108.09449,16.23652],[108.04298,16.34638],[107.8965,16.27806],[107.6631,16.55183],[107.20069,16.91429],[107.11183,17.08828],[106.76393,17.33552],[106.63461,17.4704],[106.48951,17.70258],[106.44288,17.84658],[106.52475,17.94961],[106.43483,18.12352],[106.34986,18.08365],[106.27084,18.20409],[106.09816,18.29003],[105.82594,18.5939],[105.71665,18.85456],[105.61427,18.9986],[105.73707,19.10847],[105.82594,19.64224],[106.02516,19.99917],[106.1609,19.98408],[106.39503,20.20458],[106.56962,20.23199],[106.59425,20.44819],[106.51857,20.54096],[106.78883,20.73054],[106.6587,21.02485],[107.14918,20.93081],[107.37428,21.02757],[107.35434,21.08222],[107.38844,21.18464],[107.36744,21.27338],[107.56227,21.29804],[107.74855,21.4112],[107.78346,21.52432],[107.99122,21.48566],[107.83236,21.63935],[107.34816,21.59936],[107.27266,21.71831],[107.17235,21.71506],[106.98714,21.84482],[107.00936,21.92745],[106.6482,21.99551],[106.66293,22.2233],[106.52691,22.42778],[106.56877,22.57459],[106.68019,22.57945],[106.74664,22.74435],[106.66747,22.86752],[106.48779,22.92542],[106.31566,22.8538],[106.20239,22.947],[105.99925,22.97537],[105.85388,22.90465],[105.69032,23.04397],[105.55157,23.05968],[105.51716,23.16773],[105.31216,23.36581],[105.21754,23.26535],[104.87006,23.16355],[104.79792,23.08557],[104.82361,22.92413],[104.72821,22.8391],[104.55355,22.83605],[104.34017,22.68637],[104.21326,22.82502],[104.02381,22.71918],[103.98536,22.52715],[103.86682,22.57542],[103.64693,22.79905],[103.51428,22.58736],[103.30964,22.78794],[103.142,22.5378],[102.98909,22.4376],[102.84517,22.58524],[102.44272,22.76518],[102.21803,22.41068],[102.11866,22.39755],[102.22625,22.22841],[102.59103,21.90135],[102.65066,21.6578],[102.72115,21.66168],[102.82647,21.82131],[102.83515,21.71645],[102.9478,21.73712],[102.97411,21.57533],[102.8752,21.30532],[102.95158,21.069],[103.11529,20.86839],[103.3638,20.78762],[103.42659,20.82069],[103.66538,20.65828],[103.77556,20.83491],[104.05668,20.95883],[104.29527,20.87981],[104.38906,20.77098],[104.60073,20.66055],[104.54264,20.5357],[104.35981,20.43974],[104.57551,20.41405],[104.68093,20.34098],[104.65705,20.2127],[104.81916,20.22099],[104.95688,20.0918],[104.76072,19.86145],[104.805,19.79089],[104.50585,19.60281],[104.22897,19.70601],[104.01735,19.60041],[104.08996,19.48367],[103.84842,19.29991],[104.03673,19.23025],[104.48094,18.97771],[104.72196,18.79201],[105.11268,18.69834],[105.16948,18.63057],[105.07997,18.45435],[105.15666,18.31984],[105.36833,18.14995],[105.45142,18.19272],[105.60604,17.96412],[105.59415,17.88811],[105.73528,17.66404],[105.84603,17.598],[106.0193,17.3945],[106.18544,17.2574],[106.28455,17.28479],[106.42025,16.98868],[106.53343,16.97266],[106.53508,16.68353],[106.64019,16.58664],[106.65517,16.47083],[106.75253,16.42902],[106.82286,16.53098],[106.9673,16.29989],[107.11685,16.25462],[107.29896,16.06419],[107.43564,16.06884],[107.36107,15.91231],[107.17525,15.84854],[107.16026,15.75873],[107.36934,15.49606],[107.44789,15.50812],[107.65759,15.28243],[107.57801,15.04725],[107.44557,15.02539],[107.55817,14.88672],[107.52039,14.70458]]],[[[104.08204,10.371],[104.00473,10.451],[103.84604,10.37128],[103.93719,10.26606],[104.01059,10.03046],[104.08546,10.24811],[104.08204,10.371]]],[[[106.87428,10.4604],[106.84783,10.61384],[106.7588,10.48774],[106.87428,10.4604]]],[[[107.08033,20.80044],[106.90992,20.81855],[107.04615,20.70425],[107.08033,20.80044]]],[[[107.58058,21.21198],[107.46713,21.27652],[107.3729,21.05956],[107.47071,21.09589],[107.58058,21.21198]]]]},"properties":{"ISO_A2":"VN","ISO_A2_EH":"VN","ADM0_A3":"VNM","ISO_A3":"VNM","ADMIN":"Vietnam"}},
{"type":"Feature","geometry":{"type":"Polygon","coordinates":[[[107.52039,14.70458],[107.41492,14.54343],[107.28728,14.59852],[107.07856,14.40078],[106.94611,14.32352],[106.793,14.32259],[106.60536,14.46664],[106.5125,14.59035],[106.41922,14.46646],[106.23008,14.49046],[106.15412,14.36755],[105.97398,14.36584],[106.01247,14.22577],[106.14456,14.0724],[106.04922,13.91546],[105.92457,13.91711],[105.74402,14.08695],[105.53318,14.16433],[105.33779,14.10999],[105.18431,14.34574],[105.04731,14.21407],[104.97383,14.38065],[104.77167,14.43987],[104.46198,14.35711],[104.24747,14.40109],[104.00138,14.34507],[103.68223,14.3838],[103.67148,14.42956],[103.08501,14.29582],[102.91861,14.18549],[102.86977,14.02062],[102.77283,13.93608],[102.69862,13.7618],[102.51321,13.56716],[102.33223,13.5646],[102.3282,13.27516],[102.49016,12.99608],[102.48639,12.66119],[102.76513,12.41635],[102.69996,12.13874],[102.9138,11.76554],[102.91359,11.6459],[103.03028,11.54287],[103.13404,11.31615],[103.05763,11.22077],[103.11362,11.16108],[103.09555,10.93399],[103.18116,10.86445],[103.27735,10.93269],[103.35231,10.87189],[103.47446,11.13369],[103.53297,11.16275],[103.67457,11.06367],[103.72242,10.89484],[103.68873,10.74095],[103.56739,10.72651],[103.50685,10.63544],[103.62387,10.50092],[103.80787,10.53791],[103.8589,10.67959],[103.94557,10.58812],[104.24985,10.57026],[104.30616,10.47858],[104.45135,10.41966],[104.55401,10.51833],[104.85441,10.53132],[105.06623,10.74643],[105.02907,10.91409],[105.3275,10.84828],[105.47385,10.94091],[105.7529,11.01561],[105.86101,10.83931],[105.93134,10.89636],[106.17732,10.76686],[106.12694,10.909],[106.18084,10.97026],[105.84442,11.28988],[105.87104,11.41328],[105.80489,11.62493],[105.93408,11.64286],[106.01542,11.7705],[106.28734,11.67459],[106.43503,11.67727],[106.394,11.96981],[106.70158,11.9708],[106.74923,12.05234],[106.97769,12.09725],[107.15251,12.27703],[107.3202,12.32922],[107.39301,12.25285],[107.5143,12.34385],[107.56509,12.60642],[107.4604,13.02161],[107.60695,13.36975],[107.59693,13.53507],[107.44324,13.78348],[107.43073,13.98447],[107.31994,14.11984],[107.38691,14.42191],[107.45575,14.43388],[107.52039,14.70458]]]},"properties":{"ISO_A2":"KH","ISO_A2_EH":"KH","ADM0_A3":"KHM","ISO_A3":"KHM","ADMIN":"Cambodia"}},
{"type":"Feature","geometry":{"type":"Polygon","coordinates":[[[6.11749,50.12046],[5.99832,50.17498],[5.71493,49.88187],[5.88546,49.64353],[5.79069,49.53775],[5.9607,49.44132],[6.13609,49.49528],[6.34531,49.45535],[6.35075,49.56659],[6.5001,49.79448],[6.2227,49.88714],[6.11749,50.12046]]]},"properties":{"ISO_A2":"LU","ISO_A2_EH":"LU","ADM0_A3":"LUX","ISO_A3":"LUX","ADMIN":"Luxembourg"}},
{"type":"Feature","geometry":{"type":"MultiPolygon","coordinates":[[[[56.27906,25.62745],[56.15082,25.65885],[56.18348,26.01454],[56.0774,26.06105],[56.01442,25.87885],[55.8781,25.74006],[55.52467,25.54263],[55.4725,25.41279],[55.35939,25.34858],[55.08229,25.01683],[54.70704,24.8039],[54.5818,24.50845],[54.48561,24.56989],[54.48561,24.38833],[54.12257,24.14472],[53.85377,24.062],[53.58131,24.04853],[53.43702,24.11982],[53.25375,24.09878],[52.99977,24.16568],[52.94711,24.13789],[52.57456,24.15209],[52.34108,24.00751],[52.06739,23.96345],[51.80942,24.00068],[51.7588,24.29051],[51.56935,24.25617],[51.59352,24.07833],[52.53848,22.95475],[52.58307,22.93111],[54.1343,22.74032],[55.1053,22.62095],[55.18684,22.70358],[55.19129,22.99537],[55.37526,23.46934],[55.53835,23.77005],[55.4568,23.96316],[55.64687,24.02502],[55.80706,24.00748],[55.99785,24.08127],[55.93315,24.22072],[55.7557,24.23033],[55.80737,24.34079],[55.75983,24.55853],[55.81823,24.64338],[55.78867,24.8552],[55.93543,24.97773],[56.03155,24.75415],[56.38331,24.97822],[56.36997,25.5257],[56.27906,25.62745]],[[56.26063,25.33108],[56.34438,25.26653],[56.23577,25.21118],[56.26063,25.33108]]],[[[53.65699,24.15839],[53.92042,24.13984],[53.83961,24.26435],[53.65699,24.15839]]],[[[53.32276,24.26269],[53.36158,24.35074],[53.18653,24.27595],[53.32276,24.26269]]]]},"properties":{"ISO_A2":"AE","ISO_A2_EH":"AE","ADM0_A3":"ARE","ISO_A3":"ARE","ADMIN":"United Arab Emirates"}},
{"type":"Feature","geometry":{"type":"Polygon","coordinates":[[[2.5218,51.08754],[2.58995,50.84201],[2.78673,50.72337],[3.1462,50.76889],[3.27105,50.52694],[3.64436,50.4455],[3.66172,50.31931],[4.02273,50.33812],[4.2037,50.25197],[4.13962,49.97452],[4.43511,49.93225],[4.6567,49.9891],[4.68192,50.08392],[4.87188,50.13978],[4.78827,49.97426],[4.85803,49.78658],[4.95001,49.79639],[5.47773,49.49522],[5.79069,49.53775],[5.88546,49.64353],[5.71493,49.88187],[5.99832,50.17498],[6.11749,50.12046],[6.14684,50.21404],[6.37453,50.31548],[6.33691,50.481],[6.19924,50.49041],[6.18002,50.61552],[5.99491,50.74993],[5.68837,50.76083],[5.82913,51.15647],[5.47164,51.28809],[5.21542,51.25873],[5.01213,51.47433],[4.91033,51.3919],[4.76418,51.49624],[4.63014,51.41821],[4.48306,51.47433],[4.39222,51.35041],[4.26107,51.36938],[4.22149,51.368],[4.11895,51.2724],[3.80869,51.20533],[3.63505,51.28783],[3.39166,51.24677],[3.34942,51.37522],[3.12485,51.32966],[2.5218,51.08754]]]},"properties":{"ISO_A2":"BE","ISO_A2_EH":"BE","ADM0_A3":"BEL","ISO_A3":"BEL","ADMIN":"Belgium"}},
{"type":"Feature","geometry":{"type":"Polygon","coordinates":[[[39.98598,43.38899],[40.21909,43.31904],[40.33513,43.14086],[40.85597,43.06306],[41.02312,42.98998],[41.15024,42.79564],[41.38347,42.75727],[41.50017,42.64057],[41.66407,42.11396],[41.75571,42.00642],[41.77394,41.8216],[41.52076,41.51423],[41.81298,41.42181],[41.94796,41.50558],[42.15839,41.4999],[42.43785,41.43086],[42.56518,41.56713],[42.81995,41.57235],[43.00206,41.3827],[43.18535,41.29381],[43.23062,41.17263],[43.44043,41.10659],[43.72971,41.10669],[44.12473,41.17806],[44.19098,41.23004],[44.55152,41.17702],[44.84778,41.20891],[45.0024,41.29045],[45.24962,41.4445],[45.4648,41.43019],[45.7453,41.32916],[45.68587,41.29624],[45.96916,41.16829],[46.2106,41.20017],[46.49678,41.04483],[46.62111,41.1146],[46.6948,41.26978],[46.59155,41.37293],[46.29674,41.51039],[46.18,41.65516],[46.43089,41.89044],[46.22434,41.99348],[45.94756,42.02291],[45.62138,42.22448],[45.73641,42.44754],[45.69869,42.50759],[45.35597,42.51996],[45.1842,42.67484],[44.85936,42.75951],[44.78231,42.61665],[44.55829,42.7531],[44.27201,42.70238],[44.19738,42.62911],[43.93973,42.55221],[43.75111,42.59875],[43.80061,42.74646],[43.51743,42.86046],[43.19435,42.92676],[43.00009,43.09866],[42.75153,43.17695],[42.59588,43.14003],[42.42287,43.22899],[42.07529,43.18527],[41.55057,43.22628],[41.38066,43.33477],[41.01179,43.37542],[40.65192,43.53897],[40.47983,43.50874],[40.23313,43.57577],[40.05919,43.5352],[39.98598,43.38899]]]},"properties":{"ISO_A2":"GE","ISO_A2_EH":"GE","ADM0_A3":"GEO","ISO_A3":"GEO","ADMIN":"Georgia"}},
{"type":"Feature","geometry":{"type":"Polygon","coordinates":[[[20.56715,41.87318],[20.50038,41.7341],[20.52932,41.57488],[20.44416,41.54966],[20.54017,41.40068],[20.47775,41.3196],[20.57697,41.09351],[20.7661,40.89373],[20.96526,40.84939],[21.58156,40.86629],[21.78371,40.96417],[21.90908,41.09749],[22.18317,41.15992],[22.42181,41.11465],[22.72722,41.16581],[22.7513,41.31521],[22.91698,41.33577],[22.93372,41.5846],[23.00958,41.71637],[22.8437,42.01447],[22.53106,42.12911],[22.34502,42.31344],[22.25976,42.3691],[22.09553,42.30582],[21.94153,42.3331],[21.67689,42.23495],[21.56407,42.24629],[21.41991,42.24006],[21.2378,42.09735],[21.09848,42.19595],[20.76538,42.06433],[20.7505,41.9068],[20.56715,41.87318]]]},"properties":{"ISO_A2":"MK","ISO_A2_EH":"MK","ADM0_A3":"MKD","ISO_A3":"MKD","ADMIN":"North Macedonia"}},
{"type":"Feature","geometry":{"type":"Polygon","coordinates":[[[20.56715,41.87318],[20.59929,41.94788],[20.5008,42.21122],[20.2296,42.32672],[20.06496,42.54676],[19.8196,42.46648],[19.69929,42.65481],[19.41724,42.37411],[19.27203,42.18068],[19.37487,42.09467],[19.36508,41.85236],[19.58522,41.81855],[19.5652,41.58511],[19.39601,41.40205],[19.51661,41.25641],[19.4419,41.14387],[19.5066,40.9051],[19.41424,40.86884],[19.30983,40.64435],[19.47877,40.45393],[19.41424,40.33442],[19.47625,40.21369],[19.85524,40.04987],[20.01629,39.84504],[19.99985,39.69351],[20.16376,39.6443],[20.393,39.83545],[20.31001,39.98986],[20.64022,40.09011],[20.82667,40.46482],[20.91193,40.45955],[21.03668,40.63974],[20.96526,40.84939],[20.7661,40.89373],[20.57697,41.09351],[20.47775,41.3196],[20.54017,41.40068],[20.44416,41.54966],[20.52932,41.57488],[20.50038,41.7341],[20.56715,41.87318]]]},"properties":{"ISO_A2":"AL","ISO_A2_EH":"AL","ADM0_A3":"ALB","ISO_A3":"ALB","ADMIN":"Albania"}},
{"type":"Feature","geometry":{"type":"MultiPolygon","coordinates":[[[[45.0024,41.29045],[45.06782,41.11093],[45.22161,41.01445],[45.41912,41.01734],[45.59916,40.86268],[45.37364,40.6753],[45.52619,40.44105],[45.97924,40.22359],[45.87377,40.00976],[45.63957,40.02541],[46.20646,39.58792],[46.34371,39.61862],[46.52727,39.53816],[46.37462,39.37884],[46.60261,39.21549],[46.41833,39.21192],[46.51404,38.88218],[46.86616,39.16536],[47.02047,39.18996],[47.10222,39.3084],[47.29136,39.37961],[47.84688,39.68528],[48.05203,39.65009],[48.33894,39.37894],[48.12459,39.2976],[48.14216,39.1812],[48.3068,39.0454],[48.05854,38.94837],[48.01297,38.82156],[48.21037,38.72976],[48.31031,38.60015],[48.41527,38.61811],[48.60787,38.39598],[48.87428,38.43407],[48.86793,38.86384],[48.96762,39.18382],[49.1364,39.10228],[49.07928,38.96332],[49.19386,39.01634],[49.23707,39.27896],[49.40895,39.38642],[49.29575,39.47671],[49.31804,39.62141],[49.4236,39.70954],[49.44264,40.07844],[49.57716,40.21674],[49.8934,40.36905],[50.27369,40.32734],[50.38787,40.22114],[50.36053,40.36518],[50.23756,40.49616],[50.05201,40.5843],[49.85865,40.56664],[49.58961,40.62519],[49.53883,40.78807],[49.38201,40.86665],[49.19549,41.05728],[49.04249,41.41437],[48.57895,41.84528],[48.37015,41.58015],[48.05353,41.4613],[47.87111,41.20818],[47.74373,41.19268],[47.26841,41.3028],[47.10749,41.56992],[47.02703,41.55695],[46.7408,41.85125],[46.58659,41.78678],[46.43089,41.89044],[46.18,41.65516],[46.29674,41.51039],[46.59155,41.37293],[46.6948,41.26978],[46.62111,41.1146],[46.49678,41.04483],[46.2106,41.20017],[45.96916,41.16829],[45.68587,41.29624],[45.7453,41.32916],[45.4648,41.43019],[45.24962,41.4445],[45.0024,41.29045]]],[[[46.13587,38.8637],[45.9581,39.15151],[45.95883,39.27244],[45.767,39.35439],[45.78809,39.54896],[45.45746,39.48927],[45.25996,39.5997],[45.16792,39.56555],[45.03351,39.77039],[44.77456,39.7028],[44.80699,39.6399],[44.95703,39.43449],[45.09604,39.34111],[45.15273,39.21352],[45.34822,39.16392],[45.4386,39.00424],[46.13587,38.8637]]]]},"properties":{"ISO_A2":"AZ","ISO_A2_EH":"AZ","ADM0_A3":"AZE","ISO_A3":"AZE","ADMIN":"Azerbaijan"}},
{"type":"Feature","geometry":{"type":"Polygon","coordinates":[[[20.06496,42.54676],[20.2296,42.32672],[20.5008,42.21122],[20.59929,41.94788],[20.56715,41.87318],[20.7505,41.9068],[20.76538,42.06433],[21.09848,42.19595],[21.2378,42.09735],[21.41991,42.24006],[21.56407,42.24629],[21.76439,42.66962],[21.37867,42.74414],[21.39893,42.85457],[21.26054,42.88656],[21.09259,43.09068],[20.83855,43.17047],[20.81943,43.25741],[20.59753,43.18496],[20.66916,43.1098],[20.4764,42.96637],[20.4763,42.85553],[20.34535,42.82744],[20.02475,42.72341],[20.06496,42.54676]]]},"properties":{"ISO_A2":"-99","ISO_A2_EH":"XK","ADM0_A3":"KOS","ISO_A3":"-99","ADMIN":"Kosovo"}},
{"type":"Feature","geometry":{"type":"MultiPolygon","coordinates":[[[[43.44043,41.10659],[43.23062,41.17263],[43.18535,41.29381],[43.00206,41.3827],[42.81995,41.57235],[42.56518,41.56713],[42.43785,41.43086],[42.15839,41.4999],[41.94796,41.50558],[41.81298,41.42181],[41.52076,41.51423],[41.39039,41.37934],[41.02027,41.2237],[40.82749,41.19794],[40.69825,41.09813],[40.46485,41.05044],[40.14275,40.9228],[39.59205,41.02509],[39.43019,41.11249],[39.2732,41.05044],[38.9275,41.04263],[38.71762,40.95478],[38.3309,40.91787],[37.89576,40.98212],[37.68979,41.14037],[37.58058,41.03677],[37.26344,41.14785],[37.03972,41.18155],[36.98487,41.2945],[36.61988,41.37507],[36.45102,41.24042],[36.13445,41.4619],[36.12045,41.62775],[35.9568,41.73627],[35.53012,41.63426],[35.22478,41.76187],[35.09303,41.94668],[35.13754,42.01952],[34.94809,42.09878],[34.88901,42.0078],[34.69418,41.94595],[34.33131,41.94794],[33.32447,42.01903],[32.92612,41.88182],[32.61256,41.83955],[32.26336,41.72016],[32.13412,41.59943],[31.65895,41.39793],[31.40358,41.31647],[31.40105,41.20209],[31.23121,41.09199],[30.83326,41.0799],[30.27125,41.21117],[30.13689,41.14379],[29.88461,41.14899],[29.23178,41.24071],[29.0691,41.15278],[29.02809,40.98212],[29.24098,40.88255],[29.35694,40.7624],[29.66619,40.78352],[29.92921,40.75804],[29.55991,40.69107],[28.98634,40.64476],[28.77418,40.52277],[29.15154,40.43407],[28.95655,40.36319],[28.77198,40.40253],[27.90398,40.39989],[28.03443,40.47443],[27.76002,40.53706],[27.68426,40.50235],[27.78981,40.32046],[27.45232,40.32201],[27.3034,40.45844],[27.01336,40.39248],[26.73561,40.40355],[26.50074,40.21296],[26.40797,40.19367],[26.31105,40.01948],[26.1526,39.94261],[26.1482,39.62604],[26.07423,39.47451],[26.8934,39.58438],[26.92596,39.48583],[26.60922,39.27521],[26.88315,39.0716],[26.85564,38.91755],[27.04127,38.94009],[26.88852,38.73404],[26.71909,38.72093],[26.75318,38.61791],[26.9354,38.43488],[27.08863,38.40225],[26.76686,38.36408],[26.67311,38.3072],[26.63038,38.51923],[26.50563,38.65266],[26.34864,38.62132],[26.47592,38.36689],[26.23463,38.27383],[26.44223,38.21198],[26.58863,38.10822],[26.76027,38.21674],[26.86492,38.04035],[26.94923,38.06737],[27.23911,37.98794],[27.24952,37.74433],[27.01149,37.66572],[27.20851,37.59687],[27.21193,37.35733],[27.43849,37.39082],[27.46363,37.25202],[27.61598,37.27473],[27.47511,37.09252],[27.32179,37.12397],[27.26319,36.96337],[27.43849,37.02774],[27.56202,36.97309],[27.88624,37.02619],[28.3047,37.05085],[28.18523,36.93891],[28.02752,36.92593],[28.05543,36.80858],[27.62338,36.80174],[27.3628,36.68513],[27.67115,36.65778],[27.7361,36.76081],[28.04721,36.76333],[27.9712,36.69253],[28.1115,36.60419],[28.28859,36.74258],[28.27312,36.852],[28.60353,36.81607],[28.62338,36.69937],[28.84254,36.63788],[28.93898,36.75129],[29.09637,36.66523],[29.03639,36.54532],[29.14471,36.34931],[29.35711,36.23566],[29.60222,36.20702],[29.67237,36.12336],[30.25457,36.3083],[30.4004,36.24811],[30.56984,36.52802],[30.56984,36.78132],[30.68653,36.89118],[31.34083,36.80858],[32.02605,36.54344],[32.36549,36.17797],[32.80372,36.02717],[33.13404,36.13178],[33.68531,36.14322],[33.8711,36.31489],[33.959,36.21357],[34.07732,36.41389],[34.27622,36.58698],[34.5547,36.76765],[34.77076,36.81607],[35.34799,36.54438],[35.63136,36.60716],[35.68409,36.76464],[35.80543,36.77509],[36.02027,36.92634],[36.18898,36.80174],[36.18914,36.60399],[35.91871,36.44819],[35.78875,36.32026],[35.97543,36.0185],[35.91131,35.91775],[36.1385,35.81978],[36.19689,35.95171],[36.35802,35.99398],[36.373,36.22761],[36.66425,36.229],[36.53548,36.494],[36.65857,36.82752],[36.9647,36.75383],[37.01452,36.64226],[37.44612,36.6342],[38.19005,36.90553],[38.52936,36.83372],[38.66413,36.71952],[39.2396,36.66128],[39.76525,36.74215],[40.19014,36.88442],[40.39374,36.99402],[40.70897,37.10048],[40.89645,37.1227],[41.20134,37.06497],[41.47977,37.07557],[42.00925,37.17561],[42.2112,37.32491],[42.35321,37.22703],[42.35724,37.10998],[42.56126,37.14662],[42.72218,37.35891],[42.93705,37.32015],[43.08371,37.36883],[43.33615,37.32023],[43.4796,37.24336],[43.89363,37.22491],[43.99037,37.3125],[44.22317,37.25406],[44.18002,37.08761],[44.30663,36.97723],[44.57824,37.16642],[44.76614,37.14192],[44.80159,37.29269],[44.56594,37.44717],[44.59612,37.71638],[44.37794,37.85413],[44.21961,37.87531],[44.22147,37.96882],[44.45918,38.32242],[44.28952,38.38226],[44.275,38.84357],[44.1392,38.99395],[44.18664,39.14513],[44.0777,39.20006],[44.06137,39.40028],[44.26953,39.38287],[44.40481,39.43439],[44.45949,39.69846],[44.56573,39.76589],[44.80699,39.6399],[44.77456,39.7028],[44.46435,39.97229],[44.25526,40.0434],[44.03243,40.00862],[43.66543,40.11016],[43.72139,40.16938],[43.56363,40.46472],[43.72935,40.6771],[43.60486,40.96334],[43.44043,41.10659]]],[[[28.01678,41.97256],[27.808,41.99348],[27.54641,41.90116],[27.27335,42.09175],[27.02262,42.07389],[26.9389,41.99622],[26.54709,41.9269],[26.52611,41.82424],[26.37553,41.81662],[26.33336,41.71304],[26.59546,41.61245],[26.6366,41.37846],[26.33171,41.25412],[26.35909,40.96468],[26.04396,40.73847],[26.07692,40.6118],[26.50563,40.59858],[26.79038,40.66059],[26.82895,40.602],[26.20997,40.32193],[26.25978,40.19449],[26.15748,40.05533],[26.37582,40.15351],[26.34555,40.19977],[26.61671,40.35952],[26.68336,40.45547],[27.04754,40.61221],[27.17775,40.63264],[27.42482,40.83129],[27.52418,40.9892],[27.7378,41.01264],[27.95924,40.97529],[28.23666,41.08515],[28.59523,40.97797],[28.98194,41.00165],[29.10922,41.2353],[28.90846,41.26655],[28.38429,41.44746],[28.08334,41.64492],[27.97202,41.82225],[28.01678,41.97256]]],[[[26.01222,40.16657],[25.91334,40.24128],[25.66326,40.12617],[25.76596,40.09715],[26.01222,40.16657]]]]},"properties":{"ISO_A2":"TR","ISO_A2_EH":"TR","ADM0_A3":"TUR","ISO_A3":"TUR","ADMIN":"Turkey"}},
{"type":"Feature","geometry":{"type":"MultiPolygon","coordinates":[[[[-1.79407,43.38602],[-2.1278,43.28742],[-2.36742,43.3157],[-2.75585,43.45026],[-3.08951,43.36689],[-3.5017,43.43077],[-3.55435,43.51691],[-4.38557,43.38361],[-5.17789,43.48937],[-5.42422,43.56114],[-5.70885,43.56863],[-5.8522,43.66295],[-5.90738,43.58845],[-6.22277,43.59589],[-6.51012,43.54747],[-6.64867,43.57905],[-7.23009,43.56863],[-7.36705,43.68008],[-7.64102,43.75267],[-7.88085,43.76325],[-8.31265,43.56713],[-8.33072,43.40567],[-8.6931,43.2934],[-8.84118,43.33894],[-8.95897,43.22748],[-9.13793,43.20152],[-9.27953,43.055],[-9.29198,42.92263],[-9.13451,42.91755],[-9.135,42.81277],[-8.92223,42.78811],[-9.07087,42.59614],[-9.01154,42.53071],[-8.78498,42.64057],[-8.8675,42.4147],[-8.66251,42.42691],[-8.8675,42.25642],[-8.62515,42.30195],[-8.89859,42.10175],[-8.86465,41.8889],[-8.7508,41.96898],[-8.62688,42.05103],[-8.22236,42.15363],[-8.09508,42.04092],[-8.23171,41.88605],[-8.17957,41.81071],[-7.72203,41.89925],[-7.62219,41.83233],[-7.25146,41.8637],[-7.14537,41.98749],[-6.56763,41.92607],[-6.5774,41.73973],[-6.20595,41.57028],[-6.49585,41.29495],[-6.64664,41.26761],[-6.818,41.05414],[-6.94249,41.016],[-6.83666,40.84025],[-6.81428,40.64718],[-6.85712,40.44213],[-6.79444,40.3564],[-7.0431,40.18137],[-6.8797,40.00919],[-7.03577,39.68926],[-7.55729,39.6798],[-7.31353,39.45744],[-7.32665,39.34132],[-7.16749,39.11348],[-6.97329,39.01395],[-7.05608,38.85515],[-7.27043,38.73751],[-7.35921,38.44636],[-7.10351,38.17359],[-6.9475,38.19664],[-7.02398,38.02256],[-7.2727,37.97701],[-7.3344,37.81193],[-7.52969,37.56717],[-7.41442,37.19282],[-7.08556,37.20649],[-6.89289,37.16657],[-6.49958,36.95966],[-6.38801,36.80817],[-6.39468,36.63691],[-6.23489,36.57575],[-6.15945,36.30431],[-6.03677,36.18952],[-5.91718,36.18407],[-5.61176,36.00646],[-5.35839,36.14111],[-5.33877,36.14112],[-5.18655,36.4112],[-4.90266,36.50654],[-4.72277,36.49299],[-4.52483,36.58072],[-4.43326,36.71068],[-4.05671,36.74799],[-3.6011,36.74255],[-3.41515,36.69552],[-3.32958,36.7449],[-2.93326,36.75165],[-2.65888,36.69481],[-2.57689,36.81131],[-2.36168,36.83678],[-2.1267,36.7364],[-1.89867,36.95006],[-1.81273,37.20706],[-1.67089,37.36331],[-1.2427,37.5792],[-1.10577,37.53213],[-0.70531,37.61953],[-0.85261,37.72378],[-0.65453,37.98933],[-0.60949,38.17805],[-0.50402,38.20722],[-0.50984,38.33837],[-0.34455,38.46162],[-0.0902,38.53535],[-0.01476,38.62442],[0.22771,38.73457],[-0.00975,38.8697],[-0.21003,39.07869],[-0.30134,39.32201],[-0.32335,39.51622],[0.06617,40.03193],[0.3506,40.2849],[0.59978,40.61372],[0.84832,40.67536],[0.7142,40.81521],[0.99041,41.0397],[1.53924,41.18744],[2.06031,41.2746],[2.29672,41.46532],[2.93299,41.71246],[3.15017,41.84535],[3.23569,41.96552],[3.12249,42.14049],[3.15162,42.25682],[3.31772,42.32298],[3.18097,42.43148],[2.9337,42.47023],[2.46489,42.34062],[2.27741,42.42863],[2.05169,42.35235],[1.70701,42.50278],[1.50847,42.42868],[1.4293,42.59539],[1.31912,42.71336],[0.65632,42.83842],[0.64361,42.68448],[0.27539,42.66869],[0.16917,42.72646],[-0.03893,42.68515],[-0.32279,42.8425],[-0.58293,42.79584],[-0.75966,42.9465],[-0.98146,42.95704],[-1.48784,43.08182],[-1.4035,43.24333],[-1.74736,43.291],[-1.79407,43.38602]]],[[[-17.93395,27.85204],[-18.16039,27.72236],[-17.97948,27.64252],[-17.87926,27.81452],[-17.93395,27.85204]]],[[[-15.39159,28.03022],[-15.43505,28.14094],[-15.70621,28.16739],[-15.81607,27.99604],[-15.786,27.84422],[-15.57795,27.73436],[-15.37784,27.85228],[-15.39159,28.03022]]],[[[-17.30967,28.20712],[-17.34322,28.09766],[-17.23271,28.01911],[-17.09842,28.10076],[-17.30967,28.20712]]],[[[-16.42769,28.14967],[-16.35551,28.38115],[-16.12707,28.54382],[-16.14135,28.58344],[-16.40827,28.51984],[-16.50714,28.42413],[-16.91606,28.35497],[-16.67634,27.9971],[-16.54577,28.02399],[-16.42769,28.14967]]],[[[-13.97265,28.73591],[-14.27013,28.17597],[-14.49486,28.06782],[-14.30134,28.06786],[-14.21223,28.16055],[-13.96679,28.22797],[-13.84777,28.39741],[-13.83552,28.71548],[-13.97265,28.73591]]],[[[-17.75577,28.81851],[-17.91115,28.85562],[-18.00219,28.74958],[-17.83088,28.45539],[-17.72104,28.73064],[-17.75577,28.81851]]],[[[-13.48298,29.23994],[-13.52611,29.1503],[-13.75056,29.08063],[-13.85969,28.85944],[-13.48204,28.99946],[-13.41779,29.20893],[-13.48298,29.23994]]],[[[1.52638,38.67777],[1.43133,38.75487],[1.38295,38.64206],[1.52638,38.67777]]],[[[1.60597,39.0913],[1.35678,39.07762],[1.21217,38.90323],[1.40311,38.83228],[1.62306,39.0292],[1.60597,39.0913]]],[[[3.3545,39.78437],[3.16261,39.76911],[3.09474,39.88121],[3.17945,39.96878],[2.93328,39.9145],[2.35768,39.61188],[2.49269,39.47024],[2.65528,39.56472],[2.76173,39.40021],[2.95883,39.36323],[3.0608,39.26907],[3.22104,39.35989],[3.40602,39.59199],[3.47438,39.7497],[3.3545,39.78437]]],[[[4.30291,39.92552],[4.10507,40.07941],[3.82187,40.04763],[3.83066,39.93606],[4.01507,39.92577],[4.24814,39.81647],[4.30291,39.92552]]]]},"properties":{"ISO_A2":"ES","ISO_A2_EH":"ES","ADM0_A3":"ESP","ISO_A3":"ESP","ADMIN":"Spain"}},
{"type":"Feature","geometry":{"type":"Polygon","coordinates":[[[102.11866,22.39755],[102.01458,22.44607],[101.86792,22.37884],[101.78488,22.47222],[101.65455,22.44613],[101.60613,22.28484],[101.51823,22.22821],[101.6068,21.9676],[101.75108,21.81614],[101.80384,21.62592],[101.73475,21.5544],[101.7225,21.30423],[101.81227,21.25814],[101.71791,21.13447],[101.49513,21.24284],[101.2753,21.17411],[101.209,21.24553],[101.15902,21.55269],[101.00343,21.40598],[100.79197,21.29736],[100.72541,21.31167],[100.63756,21.06967],[100.54345,21.0274],[100.5157,20.88648],[100.65213,20.87661],[100.53669,20.80767],[100.38367,20.8317],[100.21133,20.69739],[100.0993,20.31781],[100.10296,20.2636],[100.30652,20.39969],[100.46103,20.19071],[100.54867,20.15802],[100.47426,19.86535],[100.38352,19.76386],[100.46196,19.5371],[100.753,19.48243],[100.8746,19.61291],[101.2462,19.57028],[101.19287,19.45279],[101.22915,19.14359],[101.31788,19.05013],[101.23292,18.89272],[101.2401,18.67364],[101.0303,18.42779],[101.15541,18.32289],[101.16517,18.05342],[101.00828,17.89524],[100.88566,17.59588],[101.13231,17.46167],[101.40185,17.73375],[101.46831,17.72037],[101.57755,17.86811],[101.72907,17.91219],[101.79041,18.07358],[101.9043,18.03712],[102.0785,18.2138],[102.17193,18.20029],[102.30671,18.05146],[102.56752,17.97084],[102.66761,17.85007],[102.93861,18.00893],[103.03793,17.99069],[103.07994,18.13479],[103.29042,18.30514],[103.26076,18.4002],[103.38664,18.44146],[103.60714,18.4004],[103.88594,18.287],[104.00004,18.31844],[104.28757,17.85674],[104.4812,17.64042],[104.71452,17.51526],[104.81642,17.37279],[104.80991,17.17167],[104.74532,17.0248],[104.77834,16.71583],[104.75452,16.52892],[105.01548,16.27673],[105.04246,16.14145],[105.40492,16.01882],[105.36063,15.91939],[105.44796,15.76488],[105.61291,15.72147],[105.651,15.6346],[105.58837,15.42379],[105.48625,15.3749],[105.56398,15.27253],[105.45194,15.09477],[105.59307,14.99079],[105.48915,14.78633],[105.51013,14.59358],[105.41597,14.42816],[105.18431,14.34574],[105.33779,14.10999],[105.53318,14.16433],[105.74402,14.08695],[105.92457,13.91711],[106.04922,13.91546],[106.14456,14.0724],[106.01247,14.22577],[105.97398,14.36584],[106.15412,14.36755],[106.23008,14.49046],[106.41922,14.46646],[106.5125,14.59035],[106.60536,14.46664],[106.793,14.32259],[106.94611,14.32352],[107.07856,14.40078],[107.28728,14.59852],[107.41492,14.54343],[107.52039,14.70458],[107.55817,14.88672],[107.44557,15.02539],[107.57801,15.04725],[107.65759,15.28243],[107.44789,15.50812],[107.36934,15.49606],[107.16026,15.75873],[107.17525,15.84854],[107.36107,15.91231],[107.43564,16.06884],[107.29896,16.06419],[107.11685,16.25462],[106.9673,16.29989],[106.82286,16.53098],[106.75253,16.42902],[106.65517,16.47083],[106.64019,16.58664],[106.53508,16.68353],[106.53343,16.97266],[106.42025,16.98868],[106.28455,17.28479],[106.18544,17.2574],[106.0193,17.3945],[105.84603,17.598],[105.73528,17.66404],[105.59415,17.88811],[105.60604,17.96412],[105.45142,18.19272],[105.36833,18.14995],[105.15666,18.31984],[105.07997,18.45435],[105.16948,18.63057],[105.11268,18.69834],[104.72196,18.79201],[104.48094,18.97771],[104.03673,19.23025],[103.84842,19.29991],[104.08996,19.48367],[104.01735,19.60041],[104.22897,19.70601],[104.50585,19.60281],[104.805,19.79089],[104.76072,19.86145],[104.95688,20.0918],[104.81916,20.22099],[104.65705,20.2127],[104.68093,20.34098],[104.57551,20.41405],[104.35981,20.43974],[104.54264,20.5357],[104.60073,20.66055],[104.38906,20.77098],[104.29527,20.87981],[104.05668,20.95883],[103.77556,20.83491],[103.66538,20.65828],[103.42659,20.82069],[103.3638,20.78762],[103.11529,20.86839],[102.95158,21.069],[102.8752,21.30532],[102.97411,21.57533],[102.9478,21.73712],[102.83515,21.71645],[102.82647,21.82131],[102.72115,21.66168],[102.65066,21.6578],[102.59103,21.90135],[102.22625,22.22841],[102.11866,22.39755]]]},"properties":{"ISO_A2":"LA","ISO_A2_EH":"LA","ADM0_A3":"LAO","ISO_A3":"LAO","ADMIN":"Laos"}},
{"type":"Feature","geometry":{"type":"Polygon","coordinates":[[[80.21033,42.18952],[79.91794,42.42444],[79.42567,42.46961],[79.24212,42.62978],[79.14827,42.79098],[79.03087,42.75615],[78.68711,42.8046],[78.49612,42.8756],[78.03062,42.85467],[77.90701,42.89129],[77.19511,42.91007],[76.95688,42.98851],[76.68879,42.91033],[76.43206,42.88958],[76.06454,42.93397],[75.7706,42.92565],[75.64616,42.8061],[75.17859,42.84966],[74.71392,42.99988],[74.55817,43.11504],[74.17876,43.2617],[74.19736,43.19579],[73.96534,43.21692],[73.90167,43.13096],[73.63409,43.06246],[73.49301,42.89495],[73.41002,42.58965],[73.50552,42.42093],[73.11505,42.55084],[72.84075,42.5557],[72.72582,42.65288],[72.47674,42.68256],[72.29236,42.76106],[72.10488,42.75034],[71.84774,42.83405],[71.58357,42.75964],[71.40461,42.79488],[71.00319,42.56353],[70.85266,42.30608],[70.94779,42.24815],[71.0776,42.28117],[71.2532,42.19756],[70.82511,41.93633],[70.55009,41.82406],[70.45366,41.71208],[70.16929,41.57834],[70.47723,41.40466],[70.63381,41.4675],[70.75969,41.37252],[70.77044,41.23852],[71.02469,41.18979],[71.18013,41.10814],[71.42146,41.16209],[71.41257,41.33469],[71.52383,41.29665],[71.63742,41.43127],[71.75317,41.44729],[71.87161,41.19449],[72.16989,41.16865],[72.16514,40.99936],[72.47674,41.01181],[72.61947,40.88009],[73.00343,40.87017],[73.11805,40.78294],[72.78391,40.66966],[72.74836,40.5751],[72.58578,40.50874],[72.35189,40.60197],[72.4262,40.45934],[72.3705,40.38565],[72.23593,40.45991],[71.95667,40.31568],[72.01889,40.24003],[71.83647,40.24917],[71.67307,40.14789],[71.23956,40.32111],[71.20101,40.26385],[70.95896,40.23837],[70.63944,40.08494],[70.5966,39.96196],[70.44803,39.91999],[70.52549,40.03368],[69.96956,40.2116],[69.46964,40.05099],[69.50158,39.92247],[69.31399,39.98691],[69.2263,39.75101],[69.30035,39.51563],[69.66942,39.57779],[69.83045,39.53624],[70.20603,39.5241],[70.45997,39.59955],[70.62213,39.56353],[70.69809,39.41899],[71.00929,39.40762],[71.06293,39.49563],[71.23692,39.51449],[71.45955,39.61211],[71.51287,39.45883],[71.74025,39.44834],[71.73291,39.2851],[72.04979,39.36886],[72.24027,39.18991],[72.31634,39.32882],[72.65048,39.39377],[73.13603,39.35347],[73.36765,39.4438],[73.63264,39.44834],[73.82074,39.46819],[73.92678,39.59288],[73.82302,39.80568],[74.00399,40.06081],[74.36986,40.10582],[74.70576,40.33129],[74.86213,40.32617],[74.83536,40.51164],[75.19389,40.44125],[75.48183,40.61411],[75.58767,40.61194],[75.68182,40.2917],[75.92149,40.30912],[76.24416,40.4412],[76.31351,40.34333],[76.44911,40.41552],[76.62419,40.62755],[76.76682,40.94469],[77.00773,41.04421],[77.47489,40.98205],[77.8667,41.06406],[78.07496,41.03951],[78.35969,41.28746],[78.3599,41.37753],[78.67213,41.53845],[79.30413,41.78755],[79.411,41.77859],[79.74751,41.87975],[79.84291,42.00183],[80.18191,42.02098],[80.21033,42.18952]],[[71.17693,40.042],[71.22106,39.93172],[71.11367,39.87447],[70.95296,40.07921],[70.97714,40.14458],[71.17693,40.042]],[[70.49872,39.88191],[70.70481,39.82207],[70.58161,39.76657],[70.49872,39.88191]]]},"properties":{"ISO_A2":"KG","ISO_A2_EH":"KG","ADM0_A3":"KGZ","ISO_A3":"KGZ","ADMIN":"Kyrgyzstan"}},
{"type":"Feature","geometry":{"type":"Polygon","coordinates":[[[45.0024,41.29045],[44.84778,41.20891],[44.55152,41.17702],[44.19098,41.23004],[44.12473,41.17806],[43.72971,41.10669],[43.44043,41.10659],[43.60486,40.96334],[43.72935,40.6771],[43.56363,40.46472],[43.72139,40.16938],[43.66543,40.11016],[44.03243,40.00862],[44.25526,40.0434],[44.46435,39.97229],[44.77456,39.7028],[45.03351,39.77039],[45.16792,39.56555],[45.25996,39.5997],[45.45746,39.48927],[45.78809,39.54896],[45.767,39.35439],[45.95883,39.27244],[45.9581,39.15151],[46.13587,38.8637],[46.39188,38.92235],[46.51404,38.88218],[46.41833,39.21192],[46.60261,39.21549],[46.37462,39.37884],[46.52727,39.53816],[46.34371,39.61862],[46.20646,39.58792],[45.63957,40.02541],[45.87377,40.00976],[45.97924,40.22359],[45.52619,40.44105],[45.37364,40.6753],[45.59916,40.86268],[45.41912,41.01734],[45.22161,41.01445],[45.06782,41.11093],[45.0024,41.29045]]]},"properties":{"ISO_A2":"AM","ISO_A2_EH":"AM","ADM0_A3":"ARM","ISO_A3":"ARM","ADMIN":"Armenia"}},
{"type":"Feature","geometry":{"type":"MultiPolygon","coordinates":[[[[8.66078,54.89631],[8.82425,54.9059],[9.4375,54.81041],[9.58676,54.92772],[9.74594,54.83601],[9.73862,54.98086],[9.4944,55.16055],[9.7103,55.24868],[9.49806,55.48945],[9.85377,55.62665],[9.79225,55.67447],[10.05983,55.7495],[9.89259,55.83625],[10.24537,55.91462],[10.22022,56.1479],[10.40301,56.29825],[10.50473,56.27778],[10.53102,56.10017],[10.62859,56.23754],[10.75001,56.21605],[10.96412,56.44843],[10.78907,56.53636],[10.36085,56.56171],[10.26588,56.9077],[10.53907,57.23672],[10.54656,57.43529],[10.43043,57.57054],[10.59604,57.75117],[10.1976,57.60122],[9.96697,57.59138],[9.57325,57.24291],[9.41212,57.16543],[8.61801,57.12287],[8.24366,56.77741],[8.53932,56.59276],[8.4839,56.78116],[8.67954,56.95254],[9.11451,57.05858],[9.26515,57.0034],[9.78761,57.10395],[9.61769,56.97504],[9.43702,57.0244],[9.16285,56.89411],[9.27622,56.63296],[9.04998,56.61982],[9.17604,56.70856],[8.95574,56.80297],[8.7409,56.63496],[8.72657,56.48322],[8.56577,56.5788],[8.31202,56.5788],[8.17872,56.67207],[8.12241,56.55166],[8.10646,56.11945],[8.2824,56.07587],[8.38771,55.89289],[8.19361,55.81184],[8.094,55.56391],[8.3104,55.56269],[8.61769,55.43793],[8.68946,55.14159],[8.47022,55.17756],[8.4839,55.06761],[8.6819,55.13321],[8.66078,54.89631]]],[[[11.84523,54.73192],[11.64943,54.91352],[11.59474,54.8111],[11.2317,54.96125],[11.07399,54.94819],[10.9992,54.78677],[11.47438,54.62613],[11.81072,54.6551],[11.84523,54.73192]]],[[[10.45021,54.89981],[10.21144,54.93936],[10.38347,54.83076],[10.45021,54.89981]]],[[[12.41717,55.03022],[12.12916,54.95441],[12.50278,54.94819],[12.41717,55.03022]]],[[[10.0114,54.97553],[9.79347,55.08076],[9.81471,54.90107],[10.06512,54.89082],[10.0114,54.97553]]],[[[10.85499,55.04385],[10.64088,54.84321],[10.73129,54.74006],[10.90895,55.03022],[10.85499,55.04385]]],[[[15.15138,55.13321],[14.76092,55.30927],[14.68417,55.10135],[15.07267,54.99164],[15.15138,55.13321]]],[[[10.66627,55.06428],[10.8152,55.21406],[10.79664,55.35855],[10.29379,55.61612],[9.88819,55.50869],[9.67628,55.49567],[9.88478,55.34886],[9.88396,55.25349],[10.20525,55.0937],[10.53826,55.02973],[10.66627,55.06428]]],[[[12.04038,54.89301],[11.91017,55.00971],[12.14894,54.99413],[12.18279,55.2272],[12.39243,55.25532],[12.44459,55.34886],[12.22486,55.43488],[12.24822,55.54613],[12.60222,55.70856],[12.51271,55.92084],[12.62192,56.04377],[12.24513,56.12873],[11.86557,55.97272],[12.02613,55.94135],[11.81056,55.6791],[11.6631,55.90717],[11.47739,55.94135],[11.47755,55.84154],[11.25221,55.72907],[10.96022,55.72435],[11.14845,55.55732],[11.20436,55.39183],[11.08774,55.36595],[11.261,55.20059],[11.64943,55.18098],[11.88282,54.97553],[11.74969,54.87311],[11.9607,54.69408],[12.17018,54.83832],[12.04038,54.89301]]],[[[8.82586,56.74384],[8.92042,56.91991],[8.64845,56.89069],[8.54526,56.79108],[8.64845,56.68106],[8.82586,56.74384]]],[[[11.14235,57.33234],[10.85499,57.26464],[11.02884,57.20191],[11.14235,57.33234]]]]},"properties":{"ISO_A2":"DK","ISO_A2_EH":"DK","ADM0_A3":"DNK","ISO_A3":"DNK","ADMIN":"Denmark"}},
{"type":"Feature","geometry":{"type":"Polygon","coordinates":[[[11.50511,33.18123],[11.44993,32.63796],[11.56413,32.46549],[11.44404,32.36849],[10.87322,32.1367],[10.80562,32.03236],[10.60595,31.95361],[10.51355,31.75703],[10.26395,31.6805],[10.1081,31.41183],[10.24483,31.07816],[10.27015,30.91563],[10.19223,30.73125],[9.87131,30.35515],[9.51971,30.22891],[9.28654,30.11713],[9.54968,29.80232],[9.66771,29.60832],[9.82615,29.12853],[9.85126,28.786],[9.77695,28.26758],[9.93591,27.86672],[9.8216,27.50569],[9.72135,27.29188],[9.82553,26.92058],[9.91059,26.84312],[9.83576,26.50422],[9.4826,26.35255],[9.40116,26.11339],[9.9695,25.3954],[10.02138,25.26802],[10.03203,24.85634],[10.19336,24.74994],[10.26034,24.57664],[10.3918,24.47998],[10.72067,24.5523],[11.50863,24.31381],[11.56713,24.26684],[11.96886,23.51735],[13.48226,23.17967],[13.59956,23.11903],[14.20164,22.62322],[14.23172,22.61795],[14.97991,22.99566],[15.9851,23.44472],[17.43483,22.7288],[18.17598,22.36282],[19.16413,21.87489],[20.52281,21.20393],[21.63447,20.65497],[22.25211,20.35008],[23.24016,19.8621],[23.98131,19.49612],[23.98131,19.99542],[24.98052,20.00206],[24.98114,21.37244],[24.98125,21.99535],[24.98125,22.8708],[24.98125,23.74628],[24.98125,25.20544],[24.98125,26.66452],[24.98125,27.6665],[24.98125,29.18137],[24.87376,29.46833],[24.81164,29.89089],[24.68834,30.14416],[24.77237,30.33102],[24.90766,30.49866],[24.99489,30.7851],[24.8595,31.14596],[24.86125,31.38036],[25.02372,31.49441],[25.15089,31.65648],[24.9817,31.96792],[24.67026,32.03242],[24.54607,31.99144],[24.09067,32.00576],[23.99871,32.0939],[23.66969,32.18325],[23.2435,32.22061],[23.09555,32.32355],[23.08644,32.64647],[22.51385,32.79096],[22.14959,32.94794],[21.87745,32.90323],[21.60865,32.93073],[21.4546,32.81257],[21.09669,32.78107],[20.56267,32.55785],[20.07154,32.17642],[19.94011,31.95775],[19.92067,31.71772],[20.02223,31.3968],[20.14666,31.21678],[20.14666,31.04556],[20.03647,30.81908],[19.74887,30.51093],[19.33855,30.29881],[19.05681,30.26618],[18.65317,30.42231],[18.1753,30.78608],[17.92677,30.85517],[17.84864,30.92365],[17.3659,31.08662],[16.72804,31.22382],[16.35865,31.22712],[16.04461,31.27554],[15.76149,31.38813],[15.49041,31.66486],[15.37045,31.92939],[15.37045,32.15908],[15.19597,32.3898],[14.72682,32.45075],[14.46949,32.51903],[14.17555,32.71768],[13.78712,32.79963],[13.57146,32.8028],[13.35174,32.90424],[12.72983,32.79857],[12.34832,32.83267],[12.12241,32.92133],[11.84702,33.08283],[11.63575,33.10871],[11.50511,33.18123]]]},"properties":{"ISO_A2":"LY","ISO_A2_EH":"LY","ADM0_A3":"LBY","ISO_A3":"LBY","ADMIN":"Libya"}},
{"type":"Feature","geometry":{"type":"MultiPolygon","coordinates":[[[[11.50511,33.18123],[11.17954,33.21109],[11.08993,33.45415],[11.10817,33.54963],[10.97788,33.64313],[10.90943,33.53962],[10.71713,33.48355],[10.71665,33.70694],[10.48927,33.64712],[10.33025,33.70283],[10.04884,33.98347],[10.00522,34.17064],[10.12672,34.32563],[10.4319,34.49632],[10.59702,34.54471],[10.91634,34.87357],[10.91765,34.95742],[11.16078,35.23823],[11.04223,35.33444],[11.05502,35.61448],[10.84116,35.6988],[10.60857,35.85586],[10.47953,36.07933],[10.51909,36.33747],[10.79993,36.45188],[11.02214,36.78828],[11.13623,36.87053],[11.05104,37.08031],[10.89291,37.03864],[10.73347,36.89581],[10.56691,36.86323],[10.437,36.72884],[10.27215,36.81607],[10.34718,36.88028],[10.17433,37.07624],[10.27215,37.17853],[10.05128,37.26659],[9.77182,37.21332],[9.8589,37.3288],[9.66627,37.33543],[9.34254,37.23534],[9.2107,37.23383],[8.80201,36.97309],[8.60251,36.93951],[8.64255,36.8485],[8.4067,36.76799],[8.40794,36.64262],[8.16992,36.52583],[8.34924,36.44878],[8.31709,36.14591],[8.24144,35.82774],[8.32361,35.65219],[8.3174,35.28948],[8.4313,35.24173],[8.31368,35.10308],[8.24888,34.90195],[8.23648,34.64765],[8.09406,34.53014],[7.83154,34.41439],[7.77429,34.26096],[7.51745,34.09503],[7.47983,33.8939],[7.55301,33.65875],[7.69315,33.45411],[7.75072,33.20766],[8.08682,33.09429],[8.28288,32.83637],[8.35999,32.50102],[9.01989,32.10486],[9.04501,32.07184],[9.26443,31.21934],[9.51971,30.22891],[9.87131,30.35515],[10.19223,30.73125],[10.27015,30.91563],[10.24483,31.07816],[10.1081,31.41183],[10.26395,31.6805],[10.51355,31.75703],[10.60595,31.95361],[10.80562,32.03236],[10.87322,32.1367],[11.44404,32.36849],[11.56413,32.46549],[11.44993,32.63796],[11.50511,33.18123]]],[[[10.99147,33.8417],[10.73601,33.88475],[10.74015,33.71548],[10.89371,33.65825],[11.06031,33.80073],[10.99147,33.8417]]]]},"properties":{"ISO_A2":"TN","ISO_A2_EH":"TN","ADM0_A3":"TUN","ISO_A3":"TUN","ADMIN":"Tunisia"}},
{"type":"Feature","geometry":{"type":"Polygon","coordinates":[[[22.8776,47.94674],[22.74583,47.82499],[22.26172,47.71585],[21.98887,47.49294],[22.00158,47.39383],[21.86216,47.29742],[21.77049,47.11403],[21.63282,47.02269],[21.50518,46.72325],[21.31625,46.61664],[21.13487,46.27852],[20.83969,46.27108],[20.60756,46.12949],[20.46855,46.17413],[20.24283,46.10809],[20.33863,45.9928],[20.57211,45.88769],[20.71339,45.73333],[20.78574,45.75256],[20.76073,45.49335],[20.98149,45.33279],[21.49329,45.1451],[21.35346,44.98981],[21.51634,44.9339],[21.36855,44.86486],[21.65628,44.68766],[22.00427,44.65154],[22.18514,44.51511],[22.42605,44.73365],[22.76515,44.58281],[22.48414,44.49977],[22.50512,44.40406],[22.69164,44.22844],[23.03098,44.09307],[22.88587,43.99453],[22.91956,43.83423],[23.32515,43.88659],[24.15938,43.75294],[24.50014,43.7995],[24.7056,43.74377],[24.96368,43.74961],[25.35962,43.65429],[25.78114,43.73201],[26.15073,44.01241],[26.61417,44.08486],[27.02748,44.17705],[27.25113,44.12237],[27.38384,44.01509],[27.65628,44.02388],[27.7217,43.94874],[27.91207,43.99334],[27.98101,43.84934],[28.22125,43.76198],[28.57838,43.74128],[28.67124,44.00332],[28.64088,44.32856],[28.90968,44.58422],[28.74562,44.48615],[28.73268,44.56786],[28.92416,44.68207],[28.86354,44.89155],[28.97283,45.01097],[29.09816,44.77538],[29.56178,44.82026],[29.61785,44.86148],[29.65903,45.21589],[29.65026,45.34612],[29.32212,45.44384],[28.96648,45.31987],[28.78975,45.32142],[28.77869,45.23109],[28.33024,45.32292],[28.1995,45.46177],[28.06214,45.5936],[28.16798,45.63246],[28.08612,46.00055],[28.24606,46.42787],[28.23412,46.66242],[28.02804,47.03297],[27.80655,47.14462],[27.57235,47.3752],[27.56315,47.46834],[27.30405,47.66655],[27.16979,47.97379],[26.99761,48.16657],[26.80491,48.25827],[26.61789,48.25897],[26.30349,48.21205],[26.17306,47.99314],[25.75252,47.9346],[25.26174,47.89858],[25.12191,47.77032],[24.8966,47.71006],[24.56163,47.94054],[24.23101,47.89703],[23.78008,47.98751],[23.36005,47.99314],[23.11862,48.09154],[22.8776,47.94674]]]},"properties":{"ISO_A2":"RO","ISO_A2_EH":"RO","ADM0_A3":"ROU","ISO_A3":"ROU","ADMIN":"Romania"}},
{"type":"Feature","geometry":{"type":"Polygon","coordinates":[[[22.8776,47.94674],[22.74572,48.11629],[22.6001,48.10112],[22.48145,48.24259],[22.35712,48.2431],[22.27185,48.40346],[22.13284,48.4048],[21.7277,48.3409],[21.42456,48.56128],[21.10934,48.48911],[20.78409,48.56905],[20.48167,48.52608],[20.32427,48.27995],[19.8843,48.12962],[19.62323,48.22701],[19.48174,48.11133],[19.22253,48.06058],[18.83847,48.04002],[18.74318,47.97105],[18.81645,47.83256],[18.23592,47.75388],[17.82571,47.75001],[17.5726,47.82954],[17.33789,47.99873],[17.14834,48.00544],[17.00406,47.86328],[17.07537,47.70848],[16.79746,47.67546],[16.60977,47.75063],[16.40782,47.66133],[16.63023,47.622],[16.64088,47.45292],[16.42497,47.35112],[16.48636,46.99855],[16.2749,47.00432],[16.09404,46.86277],[16.27201,46.86396],[16.5153,46.50171],[16.86546,46.35914],[16.97481,46.21057],[17.19733,46.12117],[17.34533,45.9557],[17.5911,45.93622],[17.65652,45.84542],[17.87005,45.77349],[18.21122,45.78537],[18.41172,45.7432],[18.67434,45.91038],[18.90131,45.9312],[19.06543,46.01203],[19.26345,45.98143],[19.54995,46.16416],[19.92915,46.16354],[20.24283,46.10809],[20.46855,46.17413],[20.60756,46.12949],[20.83969,46.27108],[21.13487,46.27852],[21.31625,46.61664],[21.50518,46.72325],[21.63282,47.02269],[21.77049,47.11403],[21.86216,47.29742],[22.00158,47.39383],[21.98887,47.49294],[22.26172,47.71585],[22.74583,47.82499],[22.8776,47.94674]]]},"properties":{"ISO_A2":"HU","ISO_A2_EH":"HU","ADM0_A3":"HUN","ISO_A3":"HUN","ADMIN":"Hungary"}},
{"type":"Feature","geometry":{"type":"Polygon","coordinates":[[[22.53964,49.0722],[22.01243,49.21105],[21.81958,49.37725],[21.26054,49.44944],[21.03327,49.39967],[20.94242,49.29586],[20.68952,49.4005],[20.30742,49.3866],[20.13017,49.30392],[20.05049,49.17323],[19.74777,49.20589],[19.76926,49.39311],[19.62704,49.40187],[19.44339,49.60178],[19.24867,49.51626],[19.1725,49.40226],[18.96228,49.38918],[18.8332,49.51026],[18.53564,49.48168],[18.3246,49.31126],[18.19003,49.27694],[18.10291,49.09225],[17.86034,48.92172],[17.53508,48.81299],[17.16746,48.85976],[16.94504,48.60417],[16.84448,48.3656],[17.14834,48.00544],[17.33789,47.99873],[17.5726,47.82954],[17.82571,47.75001],[18.23592,47.75388],[18.81645,47.83256],[18.74318,47.97105],[18.83847,48.04002],[19.22253,48.06058],[19.48174,48.11133],[19.62323,48.22701],[19.8843,48.12962],[20.32427,48.27995],[20.48167,48.52608],[20.78409,48.56905],[21.10934,48.48911],[21.42456,48.56128],[21.7277,48.3409],[22.13284,48.4048],[22.15372,48.58587],[22.32249,48.70034],[22.36228,48.84426],[22.53964,49.0722]]]},"properties":{"ISO_A2":"SK","ISO_A2_EH":"SK","ADM0_A3":"SVK","ISO_A3":"SVK","ADMIN":"Slovakia"}},
{"type":"Feature","geometry":{"type":"Polygon","coordinates":[[[18.8332,49.51026],[18.96228,49.38918],[19.1725,49.40226],[19.24867,49.51626],[19.44339,49.60178],[19.62704,49.40187],[19.76926,49.39311],[19.74777,49.20589],[20.05049,49.17323],[20.13017,49.30392],[20.30742,49.3866],[20.68952,49.4005],[20.94242,49.29586],[21.03327,49.39967],[21.26054,49.44944],[21.81958,49.37725],[22.01243,49.21105],[22.53964,49.0722],[22.85528,48.99401],[22.70573,49.16884],[22.72423,49.36707],[22.64092,49.52876],[23.10146,49.95711],[23.74752,50.38938],[23.98131,50.40478],[24.10771,50.54084],[24.08104,50.71298],[23.96994,50.82517],[24.13086,50.83907],[23.91175,51.00681],[23.87475,51.13613],[23.63404,51.3393],[23.60624,51.5174],[23.56035,51.75454],[23.67642,51.99409],[23.63745,52.08447],[23.16565,52.28939],[23.3923,52.50964],[23.86896,52.67004],[23.9225,52.7426],[23.89366,53.15195],[23.59094,53.61125],[23.48563,53.93929],[23.4325,54.16931],[22.85889,54.39921],[22.76722,54.35627],[22.69839,54.34294],[20.92961,54.39782],[19.68028,54.43668],[19.60955,54.45673],[19.37721,54.37763],[19.00213,54.34492],[18.58806,54.43366],[18.57065,54.55036],[18.3169,54.83832],[17.88543,54.82412],[17.33741,54.74901],[16.93995,54.60602],[16.56959,54.5572],[16.13771,54.29027],[14.78191,54.03461],[14.36704,53.91698],[14.21005,53.93846],[14.20082,53.87816],[14.63063,53.85151],[14.51238,53.66645],[14.2639,53.69998],[14.40938,53.27243],[14.34334,53.04862],[14.14449,52.95992],[14.12392,52.85065],[14.64482,52.57692],[14.53982,52.42187],[14.69691,52.25348],[14.7614,52.07667],[14.58581,51.80389],[14.71955,51.67563],[14.73216,51.51582],[14.94506,51.44919],[15.02206,51.23677],[14.81039,50.85845],[14.98206,50.85907],[14.96098,50.99265],[15.2698,50.95265],[15.34969,50.78372],[15.44178,50.80021],[16.08649,50.64678],[16.33164,50.64404],[16.3826,50.51418],[16.19015,50.42416],[16.33423,50.37186],[16.70123,50.09493],[16.96034,50.23197],[16.86577,50.4224],[17.17593,50.38075],[17.33479,50.27001],[17.6064,50.25823],[17.58945,50.16324],[17.83936,49.97364],[18.03748,50.00723],[18.55921,49.90719],[18.63734,49.70033],[18.77346,49.67583],[18.8332,49.51026]]]},"properties":{"ISO_A2":"PL","ISO_A2_EH":"PL","ADM0_A3":"POL","ISO_A3":"POL","ADMIN":"Poland"}},
{"type":"Feature","geometry":{"type":"MultiPolygon","coordinates":[[[[-7.2471,55.06932],[-6.94278,55.21857],[-7.38443,55.38638],[-7.52432,55.29027],[-7.46911,55.04385],[-7.64395,55.27277],[-7.79174,55.206],[-8.27847,55.16055],[-8.46345,54.94082],[-8.32567,54.83832],[-8.55435,54.82754],[-8.79552,54.69843],[-8.6726,54.61945],[-8.12084,54.64655],[-8.27098,54.52367],[-8.66389,54.35928],[-8.47029,54.2766],[-9.05126,54.2895],[-9.135,54.1457],[-9.21963,54.28059],[-9.84398,54.32876],[-10.01089,54.21833],[-9.81164,53.94172],[-9.91076,53.85871],[-9.5664,53.89932],[-9.5664,53.79629],[-9.90844,53.76211],[-9.8544,53.61811],[-10.18029,53.55549],[-10.02575,53.3854],[-9.78551,53.39277],[-9.88659,53.31721],[-9.60115,53.3649],[-9.61229,53.23615],[-8.94262,53.26862],[-8.93639,53.14574],[-9.27221,53.14667],[-9.47765,52.94033],[-9.35407,52.9335],[-9.49865,52.75251],[-9.82409,52.59516],[-9.5528,52.63931],[-9.1468,52.62377],[-9.00023,52.76044],[-8.95995,52.65229],[-9.27213,52.57722],[-9.61791,52.57722],[-9.6774,52.48314],[-9.94994,52.4121],[-9.83446,52.37523],[-9.87222,52.23265],[-10.17186,52.28681],[-10.46129,52.18],[-10.46076,52.10301],[-9.90844,52.13093],[-9.9296,52.07193],[-10.26622,51.98847],[-10.38195,51.87767],[-10.08454,51.75593],[-9.73766,51.83674],[-10.08812,51.67162],[-10.0288,51.5965],[-9.52546,51.72687],[-9.54589,51.61079],[-9.82022,51.44571],[-9.40184,51.54597],[-9.27213,51.50837],[-8.85387,51.59593],[-8.69616,51.57665],[-8.2462,51.80272],[-8.00414,51.8299],[-7.82933,51.95344],[-7.58991,51.99116],[-7.43545,52.12568],[-7.0172,52.13837],[-6.83226,52.24079],[-6.36986,52.18],[-6.39004,52.35883],[-6.2091,52.54584],[-6.21532,52.66596],[-5.99657,52.96491],[-6.12279,53.39277],[-6.0924,53.57714],[-6.22277,53.64606],[-6.24323,53.86514],[-6.34781,54.00361],[-6.11099,54.00129],[-6.26989,54.09793],[-6.61646,54.03727],[-6.64034,54.16801],[-6.78782,54.203],[-6.8797,54.34159],[-7.04925,54.41151],[-7.31032,54.11468],[-7.83696,54.20434],[-8.17384,54.46174],[-7.75355,54.6145],[-7.8459,54.73103],[-7.54307,54.74167],[-7.40525,55.00357],[-7.2471,55.06932]]],[[[-9.96361,53.95384],[-9.9759,54.02115],[-10.26594,53.98184],[-9.96361,53.95384]]]]},"properties":{"ISO_A2":"IE","ISO_A2_EH":"IE","ADM0_A3":"IRL","ISO_A3":"IRL","ADMIN":"Ireland"}},
{"type":"Feature","geometry":{"type":"MultiPolygon","coordinates":[[[[-7.2471,55.06932],[-7.40525,55.00357],[-7.54307,54.74167],[-7.8459,54.73103],[-7.75355,54.6145],[-8.17384,54.46174],[-7.83696,54.20434],[-7.31032,54.11468],[-7.04925,54.41151],[-6.8797,54.34159],[-6.78782,54.203],[-6.64034,54.16801],[-6.61646,54.03727],[-6.26989,54.09793],[-6.04052,54.03644],[-5.86205,54.23054],[-5.55305,54.29853],[-5.70885,54.35175],[-5.57531,54.529],[-5.50202,54.33967],[-5.43346,54.46625],[-5.53661,54.65746],[-5.72932,54.7285],[-6.10098,55.21239],[-6.47594,55.24868],[-6.75451,55.1778],[-6.96255,55.19465],[-7.06505,55.04385],[-7.2471,55.06932]]],[[[-2.66535,51.61726],[-2.71642,51.49958],[-3.01061,51.31098],[-3.02184,51.19245],[-3.385,51.18623],[-3.76915,51.24771],[-4.15233,51.21162],[-4.33772,50.99665],[-4.52644,51.01496],[-4.55012,50.80956],[-4.79247,50.5952],[-5.02526,50.52424],[-5.05028,50.4287],[-5.43798,50.19432],[-5.68464,50.16153],[-5.70515,50.05231],[-5.47484,50.13044],[-5.19115,49.95913],[-5.05651,50.06061],[-5.05297,50.19579],[-4.80016,50.22956],[-4.7521,50.33031],[-4.16552,50.37637],[-3.78897,50.21239],[-3.64562,50.22602],[-3.48746,50.41157],[-3.49486,50.54816],[-3.25984,50.67455],[-2.86482,50.73379],[-2.46565,50.58515],[-2.4359,50.63752],[-1.98371,50.59663],[-1.94001,50.69082],[-1.02074,50.84366],[-0.81281,50.73477],[-0.56896,50.80207],[-0.17317,50.82901],[0.27101,50.74738],[0.36525,50.819],[0.80226,50.9392],[0.97983,50.91816],[1.0276,51.04165],[1.35719,51.13101],[1.42384,51.39208],[0.97722,51.34919],[0.55454,51.41218],[0.69484,51.47704],[0.45607,51.50556],[0.8733,51.55948],[0.97706,51.82461],[1.13543,51.78172],[1.19955,51.87767],[1.58229,52.08149],[1.63054,52.27045],[1.77117,52.48591],[1.64422,52.77582],[1.27467,52.92919],[0.96608,52.97443],[0.56959,52.96931],[0.37924,52.79084],[0.01027,52.88646],[0.32985,53.08649],[0.34213,53.2263],[0.15187,53.47582],[-0.18863,53.62043],[-0.30517,53.73969],[-0.04503,53.62556],[0.13347,53.64265],[-0.15111,53.89932],[-0.21947,54.02277],[-0.07551,54.11213],[-0.39757,54.26919],[-0.56298,54.47736],[-1.10363,54.62466],[-1.29678,54.77993],[-1.52212,55.16747],[-1.63085,55.58511],[-1.81648,55.63288],[-2.14684,55.9173],[-2.63512,56.05805],[-2.8028,56.06485],[-3.09073,55.94819],[-3.57738,56.01704],[-3.17837,56.05809],[-2.96434,56.20563],[-2.7836,56.19196],[-2.57681,56.28392],[-2.83755,56.36591],[-2.885,56.45799],[-2.53002,56.58076],[-2.44075,56.73485],[-2.21988,56.87263],[-1.98029,57.31928],[-1.75935,57.47358],[-1.93248,57.68236],[-2.52611,57.66861],[-2.91609,57.70283],[-3.07868,57.66942],[-3.49185,57.71312],[-3.59097,57.64143],[-4.24893,57.49746],[-3.79003,57.83072],[-4.03991,57.81818],[-4.07763,57.94306],[-3.22053,58.30557],[-3.08633,58.41421],[-3.01911,58.64033],[-3.41291,58.65559],[-3.81013,58.57307],[-4.66002,58.55585],[-4.98819,58.62832],[-5.17321,58.35395],[-5.09642,58.27676],[-5.39289,58.2447],[-5.30077,58.07014],[-5.44701,58.08438],[-5.09716,57.87092],[-5.3662,57.94306],[-5.45499,57.85371],[-5.61262,57.92878],[-5.80736,57.84394],[-5.65355,57.53156],[-5.83918,57.57929],[-5.80777,57.35493],[-5.59944,57.27924],[-5.87487,56.88715],[-5.8522,56.74698],[-6.18053,56.75463],[-6.22277,56.69546],[-5.8968,56.67512],[-6.00341,56.61872],[-5.66739,56.49848],[-5.26846,56.71308],[-5.59805,56.25861],[-5.50963,56.18838],[-5.69644,55.98216],[-5.61262,55.76386],[-5.78287,55.31354],[-5.51496,55.37368],[-5.4901,55.6446],[-5.31778,55.78303],[-5.33483,55.89667],[-5.17154,55.93553],[-4.98314,55.87104],[-4.85167,56.11262],[-4.7858,55.95698],[-4.89265,55.89289],[-4.92052,55.70856],[-4.61779,55.49559],[-5.0078,55.14118],[-5.12824,54.84894],[-4.85912,54.63296],[-4.95368,54.81],[-4.85912,54.86628],[-4.3719,54.68228],[-4.4029,54.90729],[-4.17394,54.7923],[-3.96418,54.77192],[-3.84431,54.86628],[-3.59838,54.878],[-3.57055,54.99543],[-3.13541,54.96809],[-3.38793,54.88337],[-3.63418,54.51289],[-3.47427,54.3935],[-3.24096,54.11213],[-3.02448,54.22158],[-2.79597,54.12519],[-3.01757,53.93195],[-3.04918,53.76952],[-2.89904,53.73542],[-3.09659,53.54434],[-3.05826,53.43476],[-3.18521,53.37727],[-3.12222,53.26227],[-3.33031,53.35179],[-4.15152,53.2281],[-4.35822,53.02847],[-4.59606,52.92841],[-4.76285,52.7895],[-4.51647,52.7895],[-4.40661,52.89252],[-4.10049,52.91413],[-4.05313,52.54243],[-4.19713,52.27928],[-4.83226,52.01899],[-5.08121,52.02119],[-5.28893,51.91694],[-5.10709,51.78807],[-5.23013,51.73005],[-5.00992,51.70637],[-4.94103,51.5965],[-4.67821,51.71743],[-4.39297,51.76374],[-4.28991,51.55557],[-3.9746,51.56297],[-3.85489,51.62385],[-3.73762,51.49087],[-3.53917,51.39851],[-3.1848,51.39761],[-2.97468,51.56297],[-2.66535,51.61726]]],[[[-1.08275,50.71332],[-1.29577,50.77318],[-1.49743,50.67231],[-1.16845,50.60346],[-1.08275,50.71332]]],[[[-4.09813,53.30964],[-4.27672,53.40103],[-4.57103,53.39277],[-4.57103,53.27546],[-4.41283,53.13207],[-4.09805,53.25015],[-4.09813,53.30964]]],[[[-5.07079,55.50935],[-5.15998,55.67622],[-5.35521,55.6896],[-5.34569,55.48265],[-5.16356,55.43488],[-5.07079,55.50935]]],[[[-6.03038,55.72907],[-6.14013,55.94135],[-6.45279,55.84089],[-6.50353,55.68134],[-6.34903,55.77342],[-6.24323,55.66014],[-6.03038,55.72907]]],[[[-5.7976,56.11262],[-6.07518,55.91596],[-5.96207,55.80476],[-5.74022,56.07648],[-5.7976,56.11262]]],[[[-5.6883,56.4348],[-5.95214,56.52416],[-6.05826,56.6402],[-6.32518,56.60611],[-6.12743,56.47435],[-6.3275,56.27725],[-5.8087,56.31892],[-5.6883,56.4348]]],[[[-7.24376,57.32551],[-7.42813,57.3876],[-7.45543,57.23672],[-7.35302,57.09956],[-7.24376,57.32551]]],[[[-7.12938,57.6529],[-7.47655,57.66193],[-7.54483,57.59296],[-7.15754,57.51105],[-7.12938,57.6529]]],[[[-6.56412,57.34658],[-6.31835,57.16104],[-6.02351,57.19575],[-6.00674,57.02839],[-5.64737,57.26464],[-5.90062,57.24291],[-6.15925,57.40738],[-6.15388,57.58955],[-6.3109,57.70283],[-6.38695,57.51728],[-6.64045,57.60733],[-6.56412,57.50361],[-6.78384,57.45645],[-6.56412,57.34658]]],[[[-6.95515,57.74384],[-6.35245,58.03864],[-6.40026,58.20995],[-6.16747,58.3465],[-6.2674,58.51203],[-6.81859,58.2851],[-6.70938,58.18944],[-7.03087,58.2447],[-7.11278,57.99022],[-6.8391,57.93561],[-7.10188,57.81147],[-6.95515,57.74384]]],[[[-2.72765,58.97089],[-3.1317,59.00507],[-2.9945,59.07331],[-3.3238,59.12743],[-3.36669,59.0161],[-3.20279,58.91592],[-2.98119,58.96011],[-2.83934,58.88264],[-2.72765,58.97089]]],[[[-1.09703,60.41649],[-1.44595,60.49226],[-1.364,60.32095],[-1.65738,60.30622],[-1.45543,60.1562],[-1.26773,60.24519],[-1.37597,59.90864],[-1.27457,59.88207],[-1.1647,60.06025],[-1.19945,60.20425],[-1.09703,60.41649]]],[[[-0.98717,60.6977],[-1.17138,60.64598],[-1.03173,60.50068],[-0.98717,60.6977]]],[[[-0.90469,60.68403],[-0.76073,60.80012],[-0.8815,60.84504],[-0.90469,60.68403]]]]},"properties":{"ISO_A2":"GB","ISO_A2_EH":"GB","ADM0_A3":"GBR","ISO_A3":"GBR","ADMIN":"United Kingdom"}},
{"type":"Feature","geometry":{"type":"MultiPolygon","coordinates":[[[[20.96526,40.84939],[21.03668,40.63974],[20.91193,40.45955],[20.82667,40.46482],[20.64022,40.09011],[20.31001,39.98986],[20.393,39.83545],[20.16376,39.6443],[19.99985,39.69351],[20.18181,39.62446],[20.13356,39.52973],[20.36557,39.28766],[20.68653,39.07246],[20.73512,38.9501],[20.83416,39.10847],[21.15992,38.99775],[21.08522,38.86433],[21.02735,38.9326],[20.81707,38.92137],[20.72934,38.80353],[20.85987,38.80353],[21.08668,38.53644],[21.15561,38.3039],[21.36988,38.40819],[21.52394,38.2958],[21.76254,38.32836],[21.98764,38.41059],[22.38234,38.34268],[22.40162,38.45344],[22.54567,38.30264],[22.69142,38.32217],[23.12843,38.17227],[23.21665,38.10334],[22.85402,38.0351],[22.8672,37.93952],[22.68043,38.0666],[22.22657,38.18594],[21.9559,38.33674],[21.76417,38.2958],[21.60304,38.1518],[21.37428,38.22065],[21.36704,38.12108],[21.12208,37.83739],[21.29526,37.77167],[21.34327,37.66934],[21.54998,37.56147],[21.67482,37.39598],[21.6823,37.28392],[21.56756,37.15632],[21.70265,36.95726],[21.70737,36.81802],[21.87403,36.72671],[21.93735,36.97997],[22.15317,37.02119],[22.35857,36.70209],[22.3545,36.51191],[22.51149,36.46662],[22.48406,36.60663],[22.5774,36.78303],[22.76515,36.80418],[22.81935,36.66523],[23.19606,36.43252],[23.02565,36.71564],[23.11411,36.78132],[22.95639,37.12397],[22.75799,37.39826],[22.72316,37.54165],[22.96388,37.5218],[23.13201,37.44864],[23.07309,37.35521],[23.20362,37.30268],[23.23024,37.38459],[23.52565,37.4392],[23.16863,37.61416],[23.18238,37.80915],[23.01254,37.84756],[23.22682,37.97362],[23.58131,38.04629],[23.7645,37.81599],[23.90252,37.78189],[24.03273,37.65152],[24.08188,37.75251],[24.01173,37.89175],[23.98902,38.12263],[24.08058,38.166],[23.95102,38.29092],[23.67286,38.35643],[23.51938,38.49067],[23.3506,38.50186],[23.32097,38.64326],[23.09051,38.64912],[23.05942,38.72773],[22.76954,38.78482],[22.62159,38.9145],[22.792,38.878],[23.07309,39.04247],[22.85402,39.15913],[22.84254,39.28848],[22.93588,39.36058],[23.15138,39.28486],[23.21225,39.1905],[23.1006,39.10456],[23.34376,39.17963],[23.10182,39.49738],[22.92514,39.59951],[22.85865,39.77326],[22.5713,40.05427],[22.5525,40.16657],[22.66114,40.36905],[22.57911,40.46821],[22.91049,40.6446],[22.98317,40.55268],[22.82163,40.50214],[23.02915,40.32575],[23.29908,40.23542],[23.36061,39.96109],[23.70314,39.91266],[23.49887,40.0423],[23.33766,40.20844],[23.39829,40.27774],[23.67547,40.21792],[23.78517,40.06721],[23.99122,39.9536],[23.99122,40.11872],[23.77858,40.2027],[23.69972,40.32636],[23.92262,40.36933],[24.16896,40.2753],[24.29998,40.12808],[24.38331,40.17915],[24.0114,40.44916],[23.96388,40.37946],[23.81902,40.48774],[23.90724,40.52538],[23.69174,40.69538],[23.80926,40.78042],[24.11012,40.72785],[24.34067,40.83129],[24.39178,40.93647],[24.56666,40.95173],[24.63543,40.85859],[24.80201,40.85346],[25.03907,41.00605],[25.53777,40.87043],[25.95167,40.84553],[26.04396,40.73847],[26.35909,40.96468],[26.33171,41.25412],[26.6366,41.37846],[26.59546,41.61245],[26.33336,41.71304],[26.04811,41.68908],[26.16448,41.51773],[26.12087,41.35779],[25.88202,41.30404],[25.55149,41.31567],[25.28572,41.2394],[24.88637,41.40063],[24.77444,41.34807],[24.59584,41.42977],[24.51016,41.56165],[24.04735,41.52573],[23.61244,41.37102],[23.28771,41.3982],[23.11521,41.31267],[22.91698,41.33577],[22.7513,41.31521],[22.72722,41.16581],[22.42181,41.11465],[22.18317,41.15992],[21.90908,41.09749],[21.78371,40.96417],[21.58156,40.86629],[20.96526,40.84939]]],[[[26.32114,35.31525],[26.15512,35.19794],[26.06739,35.2333],[25.81764,35.11595],[25.71274,35.18285],[25.76637,35.33568],[25.48194,35.29743],[25.37599,35.34317],[25.05535,35.35521],[24.9712,35.42451],[24.72096,35.42723],[24.27312,35.36489],[24.18295,35.5856],[24.0005,35.51992],[23.81715,35.53482],[23.74155,35.68696],[23.71844,35.51284],[23.60475,35.61262],[23.51824,35.29413],[23.58717,35.23949],[23.82667,35.25259],[24.03142,35.1977],[24.40211,35.19111],[24.70753,35.09614],[24.73854,34.93163],[25.09742,34.93789],[25.60125,35.01358],[25.98487,35.03913],[26.14723,35.00227],[26.29396,35.13646],[26.32114,35.31525]]],[[[27.21193,35.5207],[27.15854,35.61205],[27.23243,35.82233],[27.06788,35.58894],[27.15805,35.4156],[27.21193,35.5207]]],[[[23.01173,36.3083],[22.89967,36.32819],[22.9087,36.20596],[23.05201,36.14484],[23.10385,36.23721],[23.01173,36.3083]]],[[[28.23976,36.43252],[27.89967,36.34016],[27.68426,36.15815],[27.75709,36.08438],[27.78045,35.89004],[28.13054,36.18545],[28.23976,36.43252]]],[[[26.36215,36.63788],[26.30096,36.51325],[26.45948,36.59667],[26.36215,36.63788]]],[[[24.47438,36.74714],[24.35426,36.75397],[24.327,36.65095],[24.54607,36.68879],[24.47438,36.74714]]],[[[27.28094,36.9079],[27.06121,36.83934],[26.91774,36.71613],[27.35581,36.86323],[27.28094,36.9079]]],[[[25.2798,37.04881],[25.15008,37.11054],[25.10336,37.01288],[25.2798,37.04881]]],[[[25.52613,37.19623],[25.34181,37.07673],[25.44988,36.91844],[25.59506,37.09968],[25.52613,37.19623]]],[[[25.09132,37.58259],[25.21599,37.5329],[25.24562,37.62421],[25.05323,37.67886],[25.09132,37.58259]]],[[[26.36215,37.68627],[26.07423,37.63788],[25.97975,37.54865],[26.23064,37.57136],[26.36215,37.68627]]],[[[27.04754,37.72724],[26.84205,37.80915],[26.58025,37.74079],[26.86085,37.64338],[27.04754,37.72724]]],[[[20.90138,37.79243],[20.68572,37.92959],[20.61948,37.82282],[20.81511,37.65152],[20.90138,37.79243]]],[[[24.99171,37.76822],[24.95387,37.90599],[24.75701,37.99657],[24.68385,37.93269],[24.91603,37.71979],[24.99171,37.76822]]],[[[20.73357,38.06241],[20.7977,38.13129],[20.57179,38.47394],[20.48902,38.31273],[20.39991,38.36408],[20.50978,38.11079],[20.73357,38.06241]]],[[[26.16359,38.54279],[25.99537,38.60423],[25.84889,38.58039],[25.9922,38.34357],[25.86752,38.25971],[26.00978,38.15672],[26.16359,38.30264],[26.16359,38.54279]]],[[[20.58546,38.61791],[20.72071,38.63841],[20.68629,38.85008],[20.56235,38.69123],[20.58546,38.61791]]],[[[24.67652,38.80976],[24.49147,38.98102],[24.5324,38.79609],[24.67652,38.80976]]],[[[24.58766,38.15925],[24.34441,38.15925],[24.18507,38.40762],[24.23146,38.52237],[24.07309,38.67939],[23.8576,38.68252],[23.59132,38.77416],[23.29908,39.04247],[23.13803,39.00898],[22.96941,38.88911],[23.20232,38.8299],[23.63551,38.52855],[23.63852,38.41551],[24.03891,38.39541],[24.0254,38.33051],[24.20875,38.17862],[24.37176,37.97191],[24.55209,37.97818],[24.58766,38.15925]]],[[[26.61232,39.04926],[26.34303,39.383],[25.85865,39.25922],[25.83465,39.17963],[26.04298,39.09321],[26.17335,39.19501],[26.29347,39.17715],[26.10922,39.09268],[26.1657,39.02241],[26.42416,38.96735],[26.61232,39.04926]]],[[[20.09205,39.43354],[19.93247,39.47871],[19.85182,39.82453],[19.62648,39.74824],[19.84083,39.55199],[19.86557,39.46857],[20.10572,39.36465],[20.09205,39.43354]]],[[[25.44988,40.0362],[25.28712,39.96109],[25.03338,39.99527],[25.04705,39.83759],[25.19711,39.89281],[25.34897,39.78766],[25.44988,40.0362]]],[[[25.69068,40.4477],[25.46168,40.48159],[25.58912,40.39814],[25.69068,40.4477]]],[[[24.78639,40.73505],[24.64226,40.80394],[24.51678,40.63911],[24.64226,40.57062],[24.7824,40.62019],[24.78639,40.73505]]]]},"properties":{"ISO_A2":"GR","ISO_A2_EH":"GR","ADM0_A3":"GRC","ISO_A3":"GRC","ADMIN":"Greece"}},
{"type":"Feature","geometry":{"type":"Polygon","coordinates":[[[32.92086,-9.4079],[32.71323,-9.28584],[32.51805,-9.25824],[32.38302,-9.13391],[32.21129,-9.12678],[32.13414,-9.06415],[31.98056,-9.0719],[31.93663,-8.93258],[31.67267,-8.91305],[31.55335,-8.80907],[31.53904,-8.70355],[31.35331,-8.58717],[31.11984,-8.61663],[30.95954,-8.55048],[30.82828,-8.38812],[30.75211,-8.19412],[29.85811,-8.32983],[28.91527,-8.47287],[28.8931,-8.76577],[28.59906,-9.09639],[28.3723,-9.23509],[28.36853,-9.30858],[28.51596,-9.37834],[28.67807,-9.80385],[28.62387,-9.95102],[28.63492,-10.51946],[28.69962,-10.64317],[28.56351,-10.81195],[28.47679,-11.07798],[28.43959,-11.34825],[28.35701,-11.44695],[28.50785,-11.87276],[28.75988,-12.03523],[28.94467,-12.20608],[29.03035,-12.37619],[29.25499,-12.36617],[29.49968,-12.45309],[29.47425,-12.24266],[29.7993,-12.15409],[29.79764,-13.42424],[29.62608,-13.42982],[29.66752,-13.29195],[29.5744,-13.22539],[29.16895,-13.43386],[28.99397,-13.39592],[28.90343,-13.1623],[28.66789,-12.84934],[28.58397,-12.88872],[28.474,-12.73648],[28.5123,-12.66837],[28.33975,-12.4505],[27.95869,-12.36782],[27.83141,-12.25992],[27.63819,-12.29361],[27.52047,-12.17962],[27.42073,-11.92196],[27.23418,-11.8091],[27.18013,-11.56963],[27.01027,-11.60983],[26.96733,-11.87038],[26.8742,-11.96433],[26.69706,-12.01746],[26.41459,-11.91183],[26.29801,-11.94118],[25.99405,-11.9048],[25.8507,-11.7938],[25.62146,-11.72889],[25.51522,-11.77582],[25.35197,-11.64611],[25.279,-11.39631],[25.2788,-11.19993],[25.12429,-11.25916],[24.71253,-11.32603],[24.56473,-11.44467],[24.4465,-11.46359],[24.28547,-11.38122],[24.39224,-11.2791],[24.3818,-11.12056],[24.29385,-11.05028],[24.12424,-11.04325],[24.11422,-10.91923],[23.96746,-10.87231],[24.01118,-11.2729],[24.06109,-11.39496],[23.95991,-11.61717],[23.9596,-12.19667],[24.03081,-12.38508],[23.9287,-12.56161],[23.86565,-12.78971],[24.00063,-13.00148],[23.2227,-13.00148],[21.97988,-13.00148],[21.98081,-14.35762],[21.98133,-15.11117],[21.98381,-16.16589],[22.10814,-16.54395],[22.23774,-16.66549],[22.33365,-16.67366],[22.49974,-16.89349],[22.71048,-17.05544],[22.75585,-17.15487],[22.99863,-17.29377],[23.20699,-17.5412],[23.38165,-17.64114],[24.22046,-17.4795],[24.40702,-17.47454],[24.58075,-17.53283],[24.63946,-17.49242],[24.95799,-17.55174],[25.25978,-17.79411],[25.49558,-17.85488],[25.68141,-17.81147],[25.97855,-17.99895],[26.20303,-17.88723],[26.4086,-17.93901],[26.71194,-18.06582],[27.04846,-17.94428],[27.15708,-17.7693],[27.57731,-17.36312],[27.7773,-17.00118],[28.11392,-16.82755],[28.28011,-16.70652],[28.73285,-16.55811],[28.85724,-16.3882],[28.86034,-16.04941],[29.18631,-15.81283],[29.40697,-15.71423],[29.83733,-15.61481],[30.01065,-15.64623],[30.39626,-15.63599],[30.36919,-15.37472],[30.28795,-15.27891],[30.21447,-14.98146],[30.81577,-14.76824],[31.41088,-14.63358],[31.65841,-14.51958],[32.22737,-14.33902],[33.20271,-14.01387],[33.15454,-13.93656],[32.99983,-14.05046],[32.97626,-13.94452],[32.8078,-13.69916],[32.67509,-13.62806],[32.81307,-13.52822],[32.99507,-13.19087],[33.00504,-12.89296],[32.95807,-12.72522],[33.04954,-12.58683],[33.16302,-12.62042],[33.37324,-12.51851],[33.52558,-12.33527],[33.38461,-12.34002],[33.25273,-12.13952],[33.31267,-11.8987],[33.30265,-11.60973],[33.21263,-11.56384],[33.2303,-11.41656],[33.39091,-11.16479],[33.30368,-11.03457],[33.31908,-10.81815],[33.43401,-10.80812],[33.6742,-10.57703],[33.55917,-10.40432],[33.53328,-10.23121],[33.31753,-10.08207],[33.36559,-9.89883],[33.21671,-9.72705],[33.17542,-9.60231],[33.08044,-9.66225],[32.97471,-9.60127],[32.92086,-9.4079]]]},"properties":{"ISO_A2":"ZM","ISO_A2_EH":"ZM","ADM0_A3":"ZMB","ISO_A3":"ZMB","ADMIN":"Zambia"}},
{"type":"Feature","geometry":{"type":"MultiPolygon","coordinates":[[[[-10.28224,8.48462],[-10.41406,8.47018],[-10.51928,8.33479],[-10.725,8.31986],[-10.63885,8.5199],[-10.48186,8.67247],[-10.6002,8.81902],[-10.59178,9.03906],[-10.74634,9.08381],[-10.67513,9.30646],[-10.85486,9.45526],[-11.0101,9.74274],[-11.27267,9.99601],[-11.91009,9.99252],[-11.92177,9.92221],[-12.14135,9.87488],[-12.25359,9.92841],[-12.50833,9.86038],[-12.52246,9.73447],[-12.63855,9.58942],[-12.7016,9.42023],[-12.83583,9.28197],[-12.95791,9.27243],[-13.02886,9.09598],[-13.3011,9.04149],[-13.28844,8.96947],[-13.14265,8.91673],[-13.24022,8.82583],[-13.2412,8.67219],[-13.15429,8.51455],[-12.93643,8.607],[-13.11612,8.47297],[-13.28677,8.50023],[-13.1577,8.17129],[-12.97208,8.25385],[-12.87588,8.10301],[-12.91177,8.03067],[-12.82128,7.91743],[-12.9591,7.9112],[-12.71141,7.71198],[-12.40355,7.54751],[-12.50658,7.38984],[-11.83959,7.14899],[-11.47619,6.91942],[-11.37323,7.13884],[-11.12632,7.36803],[-10.8746,7.53086],[-10.73058,7.70547],[-10.61519,7.76904],[-10.61767,8.01078],[-10.52925,8.12429],[-10.36492,8.14821],[-10.28224,8.48462]]],[[[-12.49299,7.56802],[-12.62141,7.63972],[-12.89806,7.61075],[-12.95165,7.56802],[-12.60554,7.47866],[-12.51964,7.40412],[-12.49299,7.56802]]]]},"properties":{"ISO_A2":"SL","ISO_A2_EH":"SL","ADM0_A3":"SLE","ISO_A3":"SLE","ADMIN":"Sierra Leone"}},
{"type":"Feature","geometry":{"type":"Polygon","coordinates":[[[-13.3011,9.04149],[-13.02886,9.09598],[-12.95791,9.27243],[-12.83583,9.28197],[-12.7016,9.42023],[-12.63855,9.58942],[-12.52246,9.73447],[-12.50833,9.86038],[-12.25359,9.92841],[-12.14135,9.87488],[-11.92177,9.92221],[-11.91009,9.99252],[-11.27267,9.99601],[-11.0101,9.74274],[-10.85486,9.45526],[-10.67513,9.30646],[-10.74634,9.08381],[-10.59178,9.03906],[-10.6002,8.81902],[-10.48186,8.67247],[-10.63885,8.5199],[-10.725,8.31986],[-10.51928,8.33479],[-10.41406,8.47018],[-10.28224,8.48462],[-10.09108,8.5101],[-10.07501,8.42664],[-9.80681,8.50625],[-9.77359,8.56302],[-9.67726,8.39153],[-9.49913,8.34347],[-9.53014,8.1855],[-9.42234,8.01579],[-9.43867,7.86624],[-9.35547,7.74191],[-9.35351,7.62243],[-9.46621,7.43345],[-9.23434,7.38131],[-9.12541,7.19021],[-8.85783,7.27305],[-8.86537,7.34689],[-8.72962,7.50869],[-8.68657,7.69436],[-8.56741,7.68821],[-8.48545,7.55799],[-8.4148,7.61292],[-8.22898,7.5443],[-8.12738,7.71302],[-8.12888,7.88257],[-8.06909,8.02928],[-7.96264,8.01517],[-8.0217,8.11772],[-8.26598,8.24598],[-8.24887,8.45357],[-7.97054,8.49695],[-7.82383,8.47786],[-7.66245,8.37487],[-7.69159,8.60614],[-7.80368,8.74905],[-7.95891,8.782],[-7.91675,9.01235],[-7.74678,9.07645],[-7.92956,9.18389],[-7.86538,9.40992],[-8.07043,9.39754],[-8.16159,9.57564],[-8.1235,9.84485],[-8.17384,9.94188],[-7.98966,10.16199],[-7.9646,10.25894],[-8.13544,10.42732],[-8.22887,10.42342],[-8.29553,10.53745],[-8.31114,11.0008],[-8.50576,11.05279],[-8.68094,10.9523],[-8.61541,11.13405],[-8.37532,11.36765],[-8.65675,11.49643],[-8.71287,11.64007],[-8.84723,11.65795],[-8.797,11.91323],[-8.9263,12.06428],[-8.99384,12.38751],[-9.32152,12.4966],[-9.41257,12.45537],[-9.3085,12.34504],[-9.62817,12.17016],[-9.72299,12.02542],[-9.87074,12.05208],[-10.26694,12.21781],[-10.51163,12.11807],[-10.51509,12.05291],[-10.71136,11.89039],[-10.80494,12.09596],[-10.90979,12.20014],[-11.05232,12.20251],[-11.19117,12.01441],[-11.31514,12.01333],[-11.50779,12.19161],[-11.38842,12.4039],[-11.51539,12.43165],[-11.7578,12.38333],[-12.07918,12.40813],[-12.36092,12.30561],[-12.50507,12.39025],[-12.77327,12.43506],[-12.91313,12.53634],[-12.98104,12.46699],[-13.08271,12.51567],[-13.07646,12.63592],[-13.72828,12.67339],[-13.6634,12.47578],[-13.71182,12.26752],[-13.84,12.27713],[-13.97253,12.15156],[-13.72394,12.00278],[-13.72993,11.70983],[-13.87005,11.74368],[-14.01513,11.63712],[-14.27874,11.66508],[-14.52094,11.51289],[-14.68677,11.51072],[-14.82821,11.33479],[-15.02098,10.96748],[-15.08112,10.87824],[-14.95958,10.76826],[-14.97789,10.87788],[-14.87462,10.97329],[-14.8087,10.9396],[-14.79284,10.74502],[-14.69982,10.64313],[-14.61522,10.69131],[-14.65779,10.47956],[-14.53502,10.50821],[-14.46264,10.22517],[-14.35237,10.22622],[-14.15319,10.05565],[-14.04381,10.13325],[-14.05834,10.0253],[-13.84284,9.86079],[-13.682,9.91348],[-13.59431,9.77424],[-13.7224,9.50581],[-13.58845,9.56908],[-13.34577,9.34317],[-13.3153,9.18207],[-13.23282,9.2674],[-13.3011,9.04149]]]},"properties":{"ISO_A2":"GN","ISO_A2_EH":"GN","ADM0_A3":"GIN","ISO_A3":"GIN","ADMIN":"Guinea"}},
{"type":"Feature","geometry":{"type":"Polygon","coordinates":[[[-11.47619,6.91942],[-11.36828,6.81135],[-11.35318,6.70116],[-11.05362,6.58417],[-10.82433,6.43773],[-10.78832,6.29296],[-10.65941,6.22748],[-10.39562,6.17699],[-10.04621,5.89643],[-10.03995,5.85432],[-9.49747,5.38939],[-9.27872,5.14574],[-9.0148,4.97846],[-8.60753,4.78693],[-8.25731,4.57998],[-7.83287,4.45222],[-7.71272,4.36152],[-7.54067,4.35285],[-7.57377,4.37539],[-7.57248,4.72336],[-7.6055,4.89743],[-7.57816,5.05473],[-7.48892,5.14067],[-7.38412,5.56896],[-7.44654,5.84595],[-7.79965,5.97447],[-7.84414,6.18397],[-7.91437,6.27174],[-8.17058,6.27401],[-8.35295,6.36106],[-8.46751,6.48707],[-8.61872,6.49284],[-8.35176,6.75535],[-8.30261,7.1376],[-8.48545,7.55799],[-8.56741,7.68821],[-8.68657,7.69436],[-8.72962,7.50869],[-8.86537,7.34689],[-8.85783,7.27305],[-9.12541,7.19021],[-9.23434,7.38131],[-9.46621,7.43345],[-9.35351,7.62243],[-9.35547,7.74191],[-9.43867,7.86624],[-9.42234,8.01579],[-9.53014,8.1855],[-9.49913,8.34347],[-9.67726,8.39153],[-9.77359,8.56302],[-9.80681,8.50625],[-10.07501,8.42664],[-10.09108,8.5101],[-10.28224,8.48462],[-10.36492,8.14821],[-10.52925,8.12429],[-10.61767,8.01078],[-10.61519,7.76904],[-10.73058,7.70547],[-10.8746,7.53086],[-11.12632,7.36803],[-11.37323,7.13884],[-11.47619,6.91942]]]},"properties":{"ISO_A2":"LR","ISO_A2_EH":"LR","ADM0_A3":"LBR","ISO_A3":"LBR","ADMIN":"Liberia"}},
{"type":"Feature","geometry":{"type":"Polygon","coordinates":[[[22.86106,10.91915],[22.46047,11.00083],[22.25304,10.9153],[22.17635,10.81621],[22.04861,10.83699],[22.00386,10.74327],[21.72263,10.63672],[21.75105,10.41182],[21.65628,10.23367],[21.54497,10.22],[21.3395,9.95991],[21.27129,9.98725],[21.01735,9.74359],[20.99606,9.6483],[20.82615,9.41808],[20.54183,9.32163],[20.43517,9.13813],[20.1096,9.15117],[19.88946,9.04637],[19.36939,9.00038],[19.10057,9.01527],[18.86968,8.86411],[19.12414,8.67508],[18.81304,8.27642],[18.67259,8.20751],[18.58928,8.04788],[18.07045,8.0192],[17.89785,7.96747],[17.67978,7.9852],[17.25086,7.82283],[17.1163,7.68687],[16.88065,7.63287],[16.76862,7.55024],[16.62455,7.66868],[16.54869,7.87001],[16.4074,7.79606],[16.37081,7.6725],[16.02634,7.57489],[15.7939,7.458],[15.66853,7.51629],[15.48105,7.52326],[15.40323,7.38637],[15.22391,7.24752],[15.04221,6.79078],[14.93245,6.71029],[14.71903,6.25786],[14.53496,6.19009],[14.39771,6.01917],[14.48214,5.90964],[14.58477,5.92341],[14.63108,5.73805],[14.59728,5.41148],[14.51987,5.29058],[14.62446,5.22405],[14.71727,4.62202],[15.00056,4.4032],[15.0912,4.12179],[15.19208,4.05223],[15.02599,4.02609],[15.1713,3.75897],[15.78563,3.10798],[15.914,3.09795],[16.09238,2.86329],[16.06262,2.7032],[16.09032,2.51049],[16.19667,2.23645],[16.47913,2.83631],[16.49081,3.06782],[16.5677,3.46439],[16.63943,3.5286],[16.96861,3.53348],[17.33437,3.61851],[17.45891,3.70828],[17.55048,3.64815],[17.80835,3.60859],[17.84215,3.54015],[18.08203,3.56345],[18.15985,3.48031],[18.24853,3.5749],[18.47208,3.63205],[18.62639,3.47687],[18.593,3.70978],[18.6453,3.98245],[18.61967,4.16957],[18.53709,4.30607],[18.72106,4.37736],[18.82824,4.55998],[19.01158,4.76503],[19.08331,4.90934],[19.40898,5.13039],[19.71955,5.13597],[19.89091,5.00213],[20.00398,4.97448],[20.33894,4.77191],[20.46307,4.60094],[20.45232,4.52892],[20.60311,4.40973],[20.87152,4.45337],[21.08422,4.38824],[21.21093,4.29157],[21.29889,4.33023],[21.53815,4.24465],[21.72294,4.29514],[22.00892,4.24238],[22.20725,4.15032],[22.42264,4.13479],[22.54615,4.23718],[22.58697,4.44939],[22.6895,4.49167],[22.78603,4.72465],[22.89837,4.82358],[23.01733,4.75051],[23.16875,4.73811],[23.38837,4.58727],[23.56655,4.72444],[23.81667,4.82061],[23.94834,4.81769],[24.1629,4.90779],[24.48722,5.1008],[24.67077,4.95722],[24.78942,4.91986],[24.95809,4.99135],[25.0848,4.95422],[25.12945,5.01864],[25.30763,5.03228],[25.36365,5.31056],[25.58126,5.37492],[25.8261,5.1947],[26.02692,5.18997],[26.12996,5.25888],[26.46265,5.05964],[26.76062,5.08811],[26.86707,5.03755],[26.96164,5.15119],[27.11636,5.2003],[27.4413,5.07073],[27.30131,5.20519],[27.22013,5.44088],[27.26074,5.55026],[27.1238,5.76875],[26.98107,5.8592],[26.81891,5.89463],[26.80506,5.95718],[26.60218,6.01062],[26.48105,6.10495],[26.50896,6.20546],[26.28964,6.38721],[26.37801,6.65329],[26.08097,6.84235],[26.02609,6.99668],[25.36003,7.33557],[25.16521,7.5799],[25.27942,7.65948],[25.21689,7.86407],[25.08956,7.8849],[24.95262,7.99657],[24.83211,8.16573],[24.4311,8.27141],[24.33209,8.24573],[24.13137,8.34306],[24.24372,8.57018],[24.17033,8.68933],[23.61337,8.73223],[23.48232,8.78339],[23.56014,8.99645],[23.43571,9.01893],[23.47426,9.17068],[23.63218,9.27757],[23.60614,9.53717],[23.67404,9.69034],[23.62402,9.90777],[23.29122,10.43973],[23.00555,10.68682],[22.86106,10.91915]]]},"properties":{"ISO_A2":"CF","ISO_A2_EH":"CF","ADM0_A3":"CAF","ISO_A3":"CAF","ADMIN":"Central African Republic"}},
{"type":"Feature","geometry":{"type":"Polygon","coordinates":[[[22.86106,10.91915],[23.00555,10.68682],[23.29122,10.43973],[23.62402,9.90777],[23.67404,9.69034],[23.60614,9.53717],[23.63218,9.27757],[23.47426,9.17068],[23.43571,9.01893],[23.56014,8.99645],[23.48232,8.78339],[23.61337,8.73223],[24.17033,8.68933],[24.38009,8.84422],[24.55838,8.88675],[24.56535,9.01485],[24.66095,9.18228],[24.68018,9.37336],[24.78524,9.49751],[24.79268,9.79837],[24.97628,9.96735],[25.08408,10.29322],[25.47951,10.34381],[25.84305,10.41781],[25.90093,10.19106],[26.17947,9.95898],[26.55686,9.52045],[26.69432,9.47694],[27.08039,9.60683],[27.89507,9.59541],[28.04511,9.33141],[28.84384,9.32455],[28.82875,9.42747],[29.00947,9.60324],[29.25235,9.71116],[29.48309,9.76168],[29.61388,9.91446],[29.61543,10.05815],[30.01298,10.27049],[30.48458,9.97203],[30.74927,9.73576],[31.16438,9.764],[31.23482,9.79232],[31.66482,10.21424],[31.86418,10.47213],[31.94289,10.65555],[32.41407,11.05085],[32.36415,11.24001],[32.34524,11.70911],[32.08221,11.99981],[32.74666,12.00273],[32.73178,12.21616],[33.20922,12.21037],[33.14498,11.93467],[33.13243,11.68621],[33.08292,11.58457],[33.18209,10.84324],[33.14002,10.73904],[33.3706,10.6509],[33.469,10.54391],[33.9021,10.19204],[33.96679,10.04727],[33.96912,9.83834],[33.90489,9.7107],[33.90086,9.45529],[34.0707,9.45459],[34.09821,9.67972],[34.22192,10.02603],[34.30347,10.11354],[34.32486,10.26865],[34.27949,10.56551],[34.43731,10.79567],[34.58707,10.87929],[34.83852,10.72914],[34.95066,10.86918],[34.91428,10.96396],[34.98032,11.15526],[34.94715,11.27487],[35.07314,11.54896],[35.04823,11.77138],[35.21556,11.89659],[35.61688,12.57515],[35.72839,12.67437],[36.09943,12.69566],[36.11442,12.93389],[36.23358,13.36164],[36.3821,13.57103],[36.45817,13.82014],[36.43657,13.99121],[36.52638,14.26352],[36.42365,15.11151],[36.62787,15.44562],[36.67097,15.72312],[36.75954,15.83748],[36.88594,16.18485],[36.94403,16.25286],[36.87726,16.52731],[36.98496,16.7657],[37.00046,17.0726],[37.13399,17.01643],[37.40343,17.02992],[37.501,17.19508],[37.50679,17.31848],[37.87203,17.43728],[38.01539,17.53996],[38.07647,17.47986],[38.20969,17.52229],[38.34374,17.65593],[38.45929,17.89074],[38.60157,18.00483],[38.54282,18.11839],[38.07612,18.34812],[38.12186,18.4133],[37.92551,18.58504],[37.67473,18.74095],[37.55104,18.70995],[37.43434,18.86172],[37.33351,19.15965],[37.23829,19.65526],[37.25945,19.82071],[37.19614,19.97915],[37.22489,20.11953],[37.17514,20.34919],[37.22804,20.56501],[37.14731,20.94086],[37.08668,21.05712],[37.11362,21.27806],[36.88787,21.65013],[36.88364,21.99571],[35.48644,21.99556],[34.08418,21.99545],[33.99912,21.76735],[33.86646,21.74972],[33.55844,21.71096],[33.18114,21.99541],[32.136,21.9954],[31.43548,21.99535],[31.49056,22.14821],[31.40406,22.22376],[31.24841,21.99437],[30.43151,21.99447],[29.45823,21.99463],[28.29035,21.99478],[27.31697,21.99494],[26.3438,21.99509],[24.98125,21.99535],[24.98114,21.37244],[24.98052,20.00206],[23.98131,19.99542],[23.98131,19.49612],[23.98275,17.87023],[23.98348,16.94114],[23.98441,15.72116],[23.5927,15.74901],[23.32057,15.68132],[23.09464,15.70426],[22.92566,15.56394],[22.96566,15.2239],[22.90551,15.11257],[22.7389,14.97981],[22.65084,14.81615],[22.66635,14.68174],[22.46543,14.62929],[22.36352,14.54353],[22.42492,14.47044],[22.44104,14.24986],[22.53147,14.12263],[22.24353,13.97543],[22.07372,13.77136],[22.19589,13.58046],[22.26761,13.33456],[22.13997,13.19351],[21.93513,13.05915],[21.80945,12.79367],[21.93595,12.63954],[22.05874,12.6367],[22.20488,12.74336],[22.44569,12.61107],[22.37283,12.46312],[22.48145,12.17667],[22.45809,12.03043],[22.6124,12.0728],[22.53705,11.68089],[22.62811,11.50984],[22.78179,11.39889],[22.91481,11.3961],[22.95646,11.2088],[22.86106,10.91915]]]},"properties":{"ISO_A2":"SD","ISO_A2_EH":"SD","ADM0_A3":"SDN","ISO_A3":"SDN","ADMIN":"Sudan"}},
{"type":"Feature","geometry":{"type":"Polygon","coordinates":[[[43.24073,11.48786],[43.12306,11.58149],[42.73976,11.56338],[42.59156,11.47248],[42.52687,11.58247],[42.68409,11.58226],[42.75408,11.70795],[43.04152,11.79853],[43.20655,11.95783],[43.37713,12.00483],[43.41139,12.24177],[43.32936,12.48876],[43.11769,12.70791],[42.90036,12.61639],[42.78522,12.51722],[42.79225,12.42917],[42.67825,12.36002],[42.52157,12.49624],[42.37946,12.46591],[41.93639,11.82745],[41.80823,11.73624],[41.74911,11.53795],[41.78797,11.25973],[41.76131,10.9962],[41.95416,10.94127],[42.0694,10.9815],[42.39176,11.00589],[42.61562,11.08966],[42.77179,10.99646],[42.92372,10.99879],[43.24073,11.48786]]]},"properties":{"ISO_A2":"DJ","ISO_A2_EH":"DJ","ADM0_A3":"DJI","ISO_A3":"DJI","ADMIN":"Djibouti"}},
{"type":"Feature","geometry":{"type":"MultiPolygon","coordinates":[[[[43.11769,12.70791],[43.00099,12.9003],[42.96323,12.81045],[42.77394,12.86213],[42.73764,13.01773],[42.52068,13.2355],[42.37941,13.22264],[42.28842,13.57461],[42.11695,13.64077],[41.98097,13.8378],[41.806,13.92967],[41.67652,13.94025],[41.62094,14.06363],[41.1561,14.64159],[40.76645,14.6953],[40.73374,14.81818],[40.52703,14.99702],[40.38982,15.00324],[40.28679,14.91348],[40.15943,14.98225],[40.02662,15.23721],[40.07244,15.35074],[39.87526,15.5041],[39.77573,15.40274],[39.85678,15.19294],[39.81129,15.07893],[39.69825,15.1236],[39.71827,15.2639],[39.58717,15.5314],[39.45753,15.5246],[39.47787,15.66112],[39.42701,15.82038],[39.31349,15.89395],[39.23561,16.10871],[39.16334,16.62816],[39.05592,17.03413],[38.92905,17.39712],[38.60157,18.00483],[38.45929,17.89074],[38.34374,17.65593],[38.20969,17.52229],[38.07647,17.47986],[38.01539,17.53996],[37.87203,17.43728],[37.50679,17.31848],[37.501,17.19508],[37.40343,17.02992],[37.13399,17.01643],[37.00046,17.0726],[36.98496,16.7657],[36.87726,16.52731],[36.94403,16.25286],[36.88594,16.18485],[36.75954,15.83748],[36.67097,15.72312],[36.62787,15.44562],[36.42365,15.11151],[36.52638,14.26352],[36.74807,14.33207],[37.0727,14.28531],[37.12107,14.42083],[37.29377,14.45744],[37.56497,14.11669],[37.89146,14.87953],[38.0067,14.7244],[38.22933,14.67973],[38.42683,14.41718],[38.86608,14.49366],[39.07547,14.6374],[39.20818,14.44018],[39.51503,14.56782],[39.76691,14.50478],[39.91119,14.42341],[40.10456,14.46597],[40.27705,14.40457],[40.42165,14.27376],[40.8332,14.10596],[41.04362,13.87249],[41.19204,13.61586],[41.7118,13.24793],[41.94662,12.87617],[42.1373,12.77333],[42.37946,12.46591],[42.52157,12.49624],[42.67825,12.36002],[42.79225,12.42917],[42.78522,12.51722],[42.90036,12.61639],[43.11769,12.70791]]],[[[40.3864,15.64126],[40.24448,15.70209],[40.16383,15.64436],[40.13649,15.80622],[40.02622,15.88264],[39.93043,15.73957],[40.08131,15.66112],[40.0608,15.59223],[40.28736,15.57298],[40.3864,15.64126]]]]},"properties":{"ISO_A2":"ER","ISO_A2_EH":"ER","ADM0_A3":"ERI","ISO_A3":"ERI","ADMIN":"Eritrea"}},
{"type":"Feature","geometry":{"type":"Polygon","coordinates":[[[16.94504,48.60417],[16.87301,48.71899],[16.43572,48.79454],[16.35831,48.72726],[16.03233,48.75806],[15.8185,48.87232],[15.68135,48.85847],[15.26287,48.98259],[14.98206,49.00791],[14.91933,48.76157],[14.80037,48.77651],[14.69567,48.58954],[14.45817,48.64318],[14.31575,48.55792],[14.07483,48.59171],[13.81573,48.76643],[13.71651,48.52169],[13.5207,48.58458],[13.40557,48.37658],[13.03278,48.26357],[12.74504,48.12063],[12.99123,47.84711],[12.89201,47.72355],[13.01986,47.71293],[13.03732,47.49305],[12.77894,47.55483],[12.76199,47.66686],[12.49658,47.6289],[12.42413,47.69156],[12.1766,47.70582],[12.16565,47.60397],[11.62046,47.58965],[11.25883,47.40073],[10.97946,47.39055],[10.79033,47.51607],[10.41423,47.57302],[10.45195,47.43876],[10.30591,47.30218],[10.15988,47.27112],[10.19088,47.37923],[9.94873,47.52423],[9.75267,47.58206],[9.54748,47.53455],[9.64952,47.40972],[9.52116,47.2628],[9.5812,47.05687],[9.85798,47.01548],[9.86243,46.93977],[10.1113,46.84712],[10.36793,46.99551],[10.45381,46.86443],[10.99693,46.76911],[11.09191,46.91244],[11.31381,46.98726],[11.74645,46.97246],[12.2042,47.07969],[12.11118,46.993],[12.40501,46.69012],[13.23111,46.55217],[13.70095,46.51975],[14.40649,46.43934],[14.54033,46.37864],[14.78859,46.50665],[14.85039,46.60114],[15.06195,46.64956],[15.46265,46.61465],[15.63598,46.71756],[16.01456,46.69371],[15.98758,46.83001],[16.09404,46.86277],[16.2749,47.00432],[16.48636,46.99855],[16.42497,47.35112],[16.64088,47.45292],[16.63023,47.622],[16.40782,47.66133],[16.60977,47.75063],[16.79746,47.67546],[17.07537,47.70848],[17.00406,47.86328],[17.14834,48.00544],[16.84448,48.3656],[16.94504,48.60417]]]},"properties":{"ISO_A2":"AT","ISO_A2_EH":"AT","ADM0_A3":"AUT","ISO_A3":"AUT","ADMIN":"Austria"}},
{"type":"Feature","geometry":{"type":"Polygon","coordinates":[[[44.76614,37.14192],[44.57824,37.16642],[44.30663,36.97723],[44.18002,37.08761],[44.22317,37.25406],[43.99037,37.3125],[43.89363,37.22491],[43.4796,37.24336],[43.33615,37.32023],[43.08371,37.36883],[42.93705,37.32015],[42.72218,37.35891],[42.56126,37.14662],[42.35724,37.10998],[42.37719,37.06224],[41.84378,36.61787],[41.41487,36.52738],[41.27699,36.35479],[41.24061,36.04302],[41.34366,35.85766],[41.3635,35.65524],[41.26108,35.49417],[41.19152,35.18214],[41.19566,34.76847],[40.98802,34.42852],[40.69047,34.3315],[39.88039,33.9256],[38.77451,33.37169],[39.05718,32.4966],[38.97863,32.47569],[39.04633,32.30849],[39.23577,32.35286],[39.292,32.24452],[39.14638,32.11814],[40.02932,31.99438],[40.42413,31.92053],[41.54757,31.34873],[42.0754,31.07986],[42.85871,30.49468],[43.89007,29.76738],[44.69183,29.20184],[45.43493,29.13621],[46.35746,29.06314],[46.53244,29.09575],[46.85345,29.44456],[47.11049,29.96091],[47.35823,30.09212],[47.67418,30.09822],[47.94801,29.99405],[48.20924,30.02448],[48.33546,29.96141],[48.53102,29.96133],[48.45315,30.00143],[48.39703,30.221],[48.15766,30.42631],[48.01359,30.46388],[48.01545,30.97625],[47.67294,30.9947],[47.67893,31.40785],[47.83132,31.76184],[47.66808,32.01241],[47.49134,32.14863],[47.50767,32.19984],[47.34334,32.45869],[47.12103,32.46104],[46.71589,32.75601],[46.47931,32.89179],[46.27343,32.95949],[46.09701,32.95432],[46.0303,33.10568],[46.16719,33.16834],[45.88596,33.63092],[45.73455,33.58312],[45.48578,33.93865],[45.38036,33.97356],[45.53436,34.1282],[45.56102,34.2646],[45.41705,34.44436],[45.50066,34.59169],[45.69559,34.55024],[45.62738,34.72083],[45.75512,34.90996],[45.83501,34.89017],[45.9132,35.08732],[46.14311,35.09951],[46.16925,35.21625],[45.964,35.49417],[45.99588,35.65839],[46.23788,35.71555],[46.28139,35.82831],[46.06042,35.85724],[45.71874,35.82831],[45.64686,35.93321],[45.45312,36.01165],[45.35959,35.97688],[45.23887,36.403],[45.11082,36.40253],[44.99139,36.53374],[44.9962,36.74169],[44.83125,36.79192],[44.88075,37.02493],[44.76614,37.14192]]]},"properties":{"ISO_A2":"IQ","ISO_A2_EH":"IQ","ADM0_A3":"IRQ","ISO_A3":"IRQ","ADMIN":"Iraq"}},
{"type":"Feature","geometry":{"type":"MultiPolygon","coordinates":[[[[7.02208,45.92526],[6.8008,45.82646],[6.79595,45.71814],[6.96338,45.64073],[6.98281,45.51113],[7.16068,45.41092],[7.10838,45.2592],[6.84411,45.13012],[6.60273,45.10345],[6.72794,44.92873],[6.93268,44.86166],[7.05516,44.68487],[6.84638,44.54746],[6.86612,44.37213],[7.03345,44.24293],[7.38082,44.12294],[7.65564,44.17606],[7.69191,44.08465],[7.47787,43.86552],[7.50229,43.79222],[7.95973,43.85285],[8.16798,43.95649],[8.23317,44.10358],[8.40821,44.19351],[8.46608,44.30427],[8.72478,44.42398],[9.23064,44.35371],[9.81984,44.06338],[9.84474,44.10863],[10.10581,44.01675],[10.26401,43.80939],[10.32635,43.47687],[10.43702,43.38858],[10.54656,43.14712],[10.51857,42.92528],[10.77768,42.89472],[10.73129,42.80443],[10.99,42.71027],[11.18686,42.52082],[11.09449,42.40274],[11.39617,42.40038],[11.65821,42.27936],[11.82749,42.03417],[12.14747,41.90347],[12.23902,41.73627],[12.44801,41.63076],[12.63527,41.4475],[12.89357,41.39932],[13.04461,41.22753],[13.32439,41.29483],[13.57545,41.20808],[13.72185,41.25239],[13.85173,41.14732],[14.09596,40.83381],[14.2942,40.83877],[14.47413,40.72968],[14.32985,40.58446],[14.75221,40.6767],[14.99827,40.39756],[14.91114,40.24165],[15.12721,40.16962],[15.34316,40.00415],[15.6102,40.07319],[15.78191,39.8686],[15.86752,39.56391],[15.9954,39.43877],[16.08302,39.07526],[16.22006,38.89908],[16.17921,38.74828],[15.84449,38.66039],[15.9048,38.47394],[15.78647,38.27802],[15.65056,38.24103],[15.66578,37.96686],[15.76149,37.92524],[16.09002,37.94921],[16.16944,38.14322],[16.33985,38.30085],[16.56959,38.42951],[16.53883,38.72333],[16.61061,38.81656],[16.83855,38.9182],[17.10402,38.89908],[17.20639,39.02949],[17.12224,39.12104],[17.1587,39.40619],[16.74977,39.62002],[16.51564,39.6896],[16.49171,39.80549],[16.6316,39.96621],[16.60475,40.08446],[16.91212,40.44522],[17.04957,40.51911],[17.22755,40.47443],[17.2129,40.40619],[17.51206,40.3037],[17.84767,40.29003],[17.99724,40.12043],[18.07154,39.91153],[18.36834,39.79662],[18.43409,40.02253],[18.51743,40.11416],[18.43727,40.26789],[18.23829,40.45767],[18.03745,40.55695],[18.00701,40.6507],[17.47609,40.83015],[17.05714,41.08185],[16.59392,41.20698],[16.02166,41.4278],[15.91179,41.50288],[15.9253,41.64004],[16.19288,41.79092],[16.14047,41.91991],[16.02711,41.94408],[15.44606,41.90693],[15.12338,41.93427],[14.74073,42.08462],[14.07537,42.59882],[13.94467,42.79829],[13.83481,43.12727],[13.61695,43.53132],[13.25327,43.70319],[12.94728,43.89761],[12.7103,43.9829],[12.36883,44.25068],[12.2837,44.48762],[12.29233,44.84325],[12.44459,44.8205],[12.53387,44.97004],[12.32846,45.10102],[12.20875,45.30907],[12.27272,45.46361],[12.5066,45.57331],[12.41033,45.43623],[13.08497,45.64191],[13.22185,45.77607],[13.42262,45.72407],[13.55128,45.79243],[13.72625,45.70376],[13.71176,45.59321],[13.89469,45.63184],[13.77872,45.74341],[13.58127,45.80925],[13.62282,45.96639],[13.46179,46.00639],[13.63739,46.18039],[13.36526,46.2903],[13.70095,46.51975],[13.23111,46.55217],[12.40501,46.69012],[12.11118,46.993],[12.2042,47.07969],[11.74645,46.97246],[11.31381,46.98726],[11.09191,46.91244],[10.99693,46.76911],[10.45381,46.86443],[10.36917,46.6724],[10.42591,46.53533],[10.19212,46.62682],[10.08784,46.60439],[10.04205,46.43272],[10.15894,46.26245],[10.04267,46.22049],[9.96402,46.35609],[9.5597,46.29273],[9.43785,46.49205],[9.26319,46.48512],[9.26897,46.30937],[8.98269,45.97198],[9.05927,45.88196],[8.9,45.8264],[8.83438,46.06639],[8.60183,46.12282],[8.42717,46.25144],[8.44163,46.43495],[8.07308,46.25361],[8.1106,46.12695],[7.83123,45.91446],[7.54112,45.98412],[7.18373,45.88046],[7.02208,45.92526]],[[12.42945,43.89206],[12.38563,43.92453],[12.48216,43.98257],[12.42945,43.89206]],[[12.45314,41.90275],[12.45303,41.90392],[12.45398,41.90386],[12.45314,41.90275]]],[[[15.52866,38.30264],[15.0879,38.12824],[14.90707,38.18769],[14.63461,38.08149],[14.2732,38.01512],[14.02052,38.04938],[13.79078,37.97362],[13.39137,38.10318],[13.31813,38.22065],[13.10092,38.19009],[13.02735,38.06241],[12.90113,38.02806],[12.76092,38.18098],[12.50416,38.01122],[12.42742,37.80927],[12.48902,37.68269],[12.65935,37.56513],[12.94264,37.56851],[13.17408,37.48701],[13.45265,37.29881],[13.89438,37.10082],[14.08863,37.11774],[14.27882,37.04401],[14.48732,36.79336],[14.78077,36.69937],[14.88217,36.73066],[15.07358,36.65913],[15.17465,36.94408],[15.33237,37.01162],[15.11069,37.32185],[15.09669,37.49445],[15.20655,37.74775],[15.50034,38.08495],[15.58375,38.24042],[15.52866,38.30264]]],[[[8.4559,39.07355],[8.36036,39.11815],[8.40984,38.96182],[8.4559,39.07355]]],[[[9.79225,40.55695],[9.65789,40.79987],[9.72397,40.84492],[9.55747,40.93122],[9.56642,41.11933],[9.44288,41.13296],[9.23064,41.26264],[8.76442,40.9138],[8.52052,40.82697],[8.23317,40.9101],[8.1338,40.72891],[8.16179,40.56379],[8.31202,40.57807],[8.4629,40.31452],[8.49,40.10448],[8.39829,39.90534],[8.54526,39.87857],[8.37403,39.37885],[8.37176,39.23062],[8.55958,39.05671],[8.59986,38.89908],[8.85328,38.878],[9.01515,38.98965],[9.07895,39.21235],[9.29217,39.22126],[9.44288,39.12442],[9.55779,39.13972],[9.64487,39.48395],[9.73227,40.08393],[9.62615,40.26309],[9.74936,40.37727],[9.79225,40.55695]]],[[[10.44337,42.84545],[10.15821,42.81729],[10.10678,42.75739],[10.43068,42.72211],[10.44337,42.84545]]]]},"properties":{"ISO_A2":"IT","ISO_A2_EH":"IT","ADM0_A3":"ITA","ISO_A3":"ITA","ADMIN":"Italy"}},
{"type":"Feature","geometry":{"type":"Polygon","coordinates":[[[10.45381,46.86443],[10.36793,46.99551],[10.1113,46.84712],[9.86243,46.93977],[9.85798,47.01548],[9.5812,47.05687],[9.47702,47.0639],[9.52116,47.2628],[9.64952,47.40972],[9.54748,47.53455],[9.27321,47.65009],[8.90621,47.6518],[8.60162,47.7946],[8.3913,47.66546],[8.56824,47.66293],[8.44887,47.58428],[8.17902,47.6158],[8.08724,47.56738],[7.58603,47.58462],[7.37855,47.43065],[7.00978,47.49925],[6.86664,47.35417],[7.0443,47.3405],[6.5987,46.98654],[6.44264,46.94416],[6.4292,46.76082],[6.13185,46.59561],[6.05424,46.41942],[6.1364,46.35934],[5.95884,46.13047],[6.2812,46.24007],[6.21412,46.31547],[6.48294,46.44859],[6.76267,46.42926],[6.85393,46.12261],[7.02208,45.92526],[7.18373,45.88046],[7.54112,45.98412],[7.83123,45.91446],[8.1106,46.12695],[8.07308,46.25361],[8.44163,46.43495],[8.42717,46.25144],[8.60183,46.12282],[8.83438,46.06639],[8.9,45.8264],[9.05927,45.88196],[8.98269,45.97198],[9.26897,46.30937],[9.26319,46.48512],[9.43785,46.49205],[9.5597,46.29273],[9.96402,46.35609],[10.04267,46.22049],[10.15894,46.26245],[10.04205,46.43272],[10.08784,46.60439],[10.19212,46.62682],[10.42591,46.53533],[10.36917,46.6724],[10.45381,46.86443]]]},"properties":{"ISO_A2":"CH","ISO_A2_EH":"CH","ADM0_A3":"CHE","ISO_A3":"CHE","ADMIN":"Switzerland"}},
{"type":"Feature","geometry":{"type":"MultiPolygon","coordinates":[[[[44.80699,39.6399],[44.56573,39.76589],[44.45949,39.69846],[44.40481,39.43439],[44.26953,39.38287],[44.06137,39.40028],[44.0777,39.20006],[44.18664,39.14513],[44.1392,38.99395],[44.275,38.84357],[44.28952,38.38226],[44.45918,38.32242],[44.22147,37.96882],[44.21961,37.87531],[44.37794,37.85413],[44.59612,37.71638],[44.56594,37.44717],[44.80159,37.29269],[44.76614,37.14192],[44.88075,37.02493],[44.83125,36.79192],[44.9962,36.74169],[44.99139,36.53374],[45.11082,36.40253],[45.23887,36.403],[45.35959,35.97688],[45.45312,36.01165],[45.64686,35.93321],[45.71874,35.82831],[46.06042,35.85724],[46.28139,35.82831],[46.23788,35.71555],[45.99588,35.65839],[45.964,35.49417],[46.16925,35.21625],[46.14311,35.09951],[45.9132,35.08732],[45.83501,34.89017],[45.75512,34.90996],[45.62738,34.72083],[45.69559,34.55024],[45.50066,34.59169],[45.41705,34.44436],[45.56102,34.2646],[45.53436,34.1282],[45.38036,33.97356],[45.48578,33.93865],[45.73455,33.58312],[45.88596,33.63092],[46.16719,33.16834],[46.0303,33.10568],[46.09701,32.95432],[46.27343,32.95949],[46.47931,32.89179],[46.71589,32.75601],[47.12103,32.46104],[47.34334,32.45869],[47.50767,32.19984],[47.49134,32.14863],[47.66808,32.01241],[47.83132,31.76184],[47.67893,31.40785],[47.67294,30.9947],[48.01545,30.97625],[48.01359,30.46388],[48.15766,30.42631],[48.39703,30.221],[48.45315,30.00143],[48.53102,29.96133],[48.93483,30.07974],[48.86232,30.34561],[48.93483,30.41865],[49.01735,30.41494],[48.98146,30.51561],[49.21119,30.50633],[49.20289,30.34663],[49.06202,30.40811],[48.94858,30.40107],[49.00367,30.30939],[49.24513,30.15648],[49.47983,30.15607],[49.60076,30.0301],[49.91456,30.20393],[50.07342,30.19575],[50.14487,29.93806],[50.39698,29.65473],[50.65528,29.44912],[50.68946,29.29084],[50.64381,29.14346],[50.84034,29.14061],[50.93238,29.03148],[50.813,28.9147],[51.05885,28.73591],[51.14186,28.40078],[51.26482,28.27045],[51.26482,28.16055],[51.38027,27.99142],[51.58513,27.84931],[52.01124,27.83271],[52.24488,27.68138],[52.42311,27.64663],[52.67897,27.42528],[52.57911,27.39277],[53.07203,27.09687],[53.41212,26.99356],[53.49155,26.85432],[53.71608,26.70856],[53.99513,26.74559],[54.30812,26.71499],[54.38942,26.60513],[54.56129,26.58466],[54.61997,26.50825],[54.80152,26.49824],[55.27084,26.79255],[55.48406,26.76752],[55.68483,27.003],[55.9393,27.02668],[56.12371,27.16063],[56.35304,27.20161],[56.80885,27.13955],[56.84409,27.04023],[57.02491,26.85098],[57.09002,26.6188],[57.07635,26.44746],[57.2129,26.16625],[57.16456,26.09492],[57.32618,25.777],[57.73471,25.74771],[57.77174,25.63557],[57.96323,25.69318],[58.04624,25.57494],[58.17042,25.54409],[58.41896,25.61201],[58.81373,25.56363],[59.02418,25.40323],[59.4539,25.46161],[59.53799,25.39975],[59.77487,25.38987],[59.90381,25.32986],[60.27125,25.37958],[60.46725,25.29028],[60.39527,25.37788],[60.54965,25.44693],[60.63347,25.27497],[61.03061,25.20978],[61.41172,25.05941],[61.4826,25.19367],[61.58823,25.20209],[61.62004,25.28549],[61.66035,25.76918],[61.76009,25.8376],[61.8099,26.16745],[61.85713,26.24238],[62.24342,26.35064],[62.29199,26.50123],[62.75356,26.64416],[63.14134,26.6254],[63.18227,26.83025],[63.26485,26.89004],[63.22992,27.05406],[63.31963,27.11731],[63.16698,27.2587],[62.80064,27.22516],[62.75605,27.3481],[62.8147,27.49496],[62.73568,27.99499],[62.7393,28.25833],[62.57564,28.22903],[62.36279,28.41889],[61.89279,28.5426],[61.56651,28.87098],[61.48775,29.08066],[61.34233,29.25452],[61.27918,29.40663],[60.84438,29.85818],[61.7852,30.8314],[61.82633,31.03459],[61.66118,31.38191],[60.82174,31.49467],[60.77493,32.02719],[60.83032,32.24889],[60.57752,32.99434],[60.5676,33.15129],[60.81864,33.40489],[60.87962,33.5487],[60.65555,33.55989],[60.51179,33.63839],[60.52802,33.84145],[60.48678,34.09428],[60.64367,34.30664],[60.89047,34.31891],[60.69969,34.5164],[60.94753,34.63799],[61.06545,34.81472],[61.11589,35.05988],[61.10834,35.27795],[61.29004,35.54806],[61.26968,35.6185],[61.24735,35.87621],[61.17397,36.00649],[61.22275,36.11754],[61.15247,36.40631],[61.18596,36.57767],[61.07548,36.64779],[60.34229,36.63714],[60.01921,37.0258],[59.57273,37.18339],[59.37036,37.31943],[59.35165,37.49384],[58.80109,37.69465],[58.70425,37.64463],[58.51429,37.69147],[58.37177,37.63037],[58.20681,37.67874],[58.18118,37.77485],[57.69119,37.92027],[57.3524,37.96753],[57.34433,38.08106],[57.21835,38.26508],[57.03841,38.18728],[56.739,38.2696],[56.43648,38.25508],[56.29706,38.16579],[56.29975,38.08024],[55.97842,38.06589],[55.70867,38.11866],[55.42311,38.07589],[55.13031,37.95231],[54.85663,37.76113],[54.78366,37.51745],[54.18659,37.32374],[53.91375,37.34276],[54.03354,36.94912],[54.01433,36.82111],[53.70102,36.8166],[53.49236,36.88788],[52.77931,36.74038],[51.90903,36.58271],[51.08863,36.73701],[50.47885,37.03498],[50.32228,37.15327],[50.14877,37.40388],[49.93531,37.45356],[49.44174,37.49486],[49.1325,37.62336],[49.0145,37.73916],[48.9402,37.92499],[48.87428,38.43407],[48.60787,38.39598],[48.41527,38.61811],[48.31031,38.60015],[48.21037,38.72976],[48.01297,38.82156],[48.05854,38.94837],[48.3068,39.0454],[48.14216,39.1812],[48.12459,39.2976],[48.33894,39.37894],[48.05203,39.65009],[47.84688,39.68528],[47.29136,39.37961],[47.10222,39.3084],[47.02047,39.18996],[46.86616,39.16536],[46.51404,38.88218],[46.39188,38.92235],[46.13587,38.8637],[45.4386,39.00424],[45.34822,39.16392],[45.15273,39.21352],[45.09604,39.34111],[44.95703,39.43449],[44.80699,39.6399]]],[[[56.21241,27.003],[55.89772,26.90681],[55.75799,26.95405],[55.77418,26.79694],[55.3519,26.64745],[55.29835,26.54365],[55.50294,26.59488],[55.87664,26.74291],[55.94703,26.69628],[56.08082,26.78535],[56.21241,27.003]]]]},"properties":{"ISO_A2":"IR","ISO_A2_EH":"IR","ADM0_A3":"IRN","ISO_A3":"IRN","ADMIN":"Iran"}},
{"type":"Feature","geometry":{"type":"MultiPolygon","coordinates":[[[[7.19459,53.24502],[6.73024,53.46064],[5.98081,53.40607],[5.59156,53.3028],[5.37924,53.09736],[4.9131,52.90559],[4.74545,52.9676],[4.59693,52.50658],[4.50815,52.33637],[4.14186,52.0056],[4.01002,51.98013],[3.96266,51.84736],[4.17693,51.68586],[3.98813,51.59028],[4.23976,51.5185],[4.12875,51.44135],[3.82887,51.61274],[3.45753,51.55508],[3.53541,51.45922],[3.82716,51.39106],[3.94313,51.45039],[4.26107,51.36938],[4.39222,51.35041],[4.48306,51.47433],[4.63014,51.41821],[4.76418,51.49624],[4.91033,51.3919],[5.01213,51.47433],[5.21542,51.25873],[5.47164,51.28809],[5.82913,51.15647],[5.68837,50.76083],[5.99491,50.74993],[6.06374,50.90754],[5.91957,51.0297],[6.14725,51.15225],[6.06519,51.23163],[6.20782,51.38767],[6.09919,51.64447],[5.92804,51.80674],[6.127,51.89673],[6.38248,51.82759],[6.81073,51.96058],[6.67502,52.03481],[7.02632,52.23064],[6.9733,52.45137],[6.69507,52.47561],[6.77052,52.64103],[7.03666,52.64738],[7.07986,52.85442],[7.18362,52.96612],[7.19459,53.24502]]],[[[3.34942,51.37522],[3.39166,51.24677],[3.63505,51.28783],[3.80869,51.20533],[4.11895,51.2724],[4.22149,51.368],[3.98414,51.41047],[3.85817,51.34545],[3.54135,51.41673],[3.34942,51.37522]]],[[[-68.21154,12.2281],[-68.37662,12.31005],[-68.25967,12.02806],[-68.21154,12.2281]]],[[[4.03663,51.68586],[3.68946,51.72504],[3.97804,51.62328],[4.03663,51.68586]]]]},"properties":{"ISO_A2":"NL","ISO_A2_EH":"NL","ADM0_A3":"NLD","ISO_A3":"NLD","ADMIN":"Netherlands"}},
{"type":"Feature","geometry":{"type":"Polygon","coordinates":[[[9.52116,47.2628],[9.47702,47.0639],[9.5812,47.05687],[9.52116,47.2628]]]},"properties":{"ISO_A2":"LI","ISO_A2_EH":"LI","ADM0_A3":"LIE","ISO_A3":"LIE","ADMIN":"Liechtenstein"}},
{"type":"Feature","geometry":{"type":"Polygon","coordinates":[[[-7.98966,10.16199],[-8.17384,9.94188],[-8.1235,9.84485],[-8.16159,9.57564],[-8.07043,9.39754],[-7.86538,9.40992],[-7.92956,9.18389],[-7.74678,9.07645],[-7.91675,9.01235],[-7.95891,8.782],[-7.80368,8.74905],[-7.69159,8.60614],[-7.66245,8.37487],[-7.82383,8.47786],[-7.97054,8.49695],[-8.24887,8.45357],[-8.26598,8.24598],[-8.0217,8.11772],[-7.96264,8.01517],[-8.06909,8.02928],[-8.12888,7.88257],[-8.12738,7.71302],[-8.22898,7.5443],[-8.4148,7.61292],[-8.48545,7.55799],[-8.30261,7.1376],[-8.35176,6.75535],[-8.61872,6.49284],[-8.46751,6.48707],[-8.35295,6.36106],[-8.17058,6.27401],[-7.91437,6.27174],[-7.84414,6.18397],[-7.79965,5.97447],[-7.44654,5.84595],[-7.38412,5.56896],[-7.48892,5.14067],[-7.57816,5.05473],[-7.6055,4.89743],[-7.57248,4.72336],[-7.57377,4.37539],[-7.54067,4.35285],[-7.45678,4.34406],[-7.17345,4.51879],[-7.05822,4.53901],[-6.91417,4.65571],[-6.58385,4.7604],[-5.85131,5.02998],[-5.49568,5.09528],[-5.00243,5.12865],[-4.62051,5.18073],[-3.99576,5.23168],[-4.06045,5.28335],[-4.44164,5.22504],[-4.80382,5.20441],[-4.68716,5.28018],[-4.61213,5.23851],[-4.32144,5.31098],[-4.0609,5.29955],[-3.98705,5.24396],[-3.31216,5.11994],[-3.26207,5.34089],[-3.12776,5.35961],[-3.20507,5.21866],[-3.13915,5.14232],[-2.8437,5.14912],[-2.75701,5.17987],[-2.78957,5.34686],[-2.73267,5.35572],[-2.78181,5.57889],[-2.9695,5.62144],[-3.11807,6.16348],[-3.1836,6.26391],[-3.26251,6.61714],[-3.22494,6.8494],[-3.1096,7.04639],[-3.04593,7.07125],[-2.94152,7.57716],[-2.84,7.82025],[-2.61945,8.1231],[-2.50633,8.20927],[-2.61945,8.92362],[-2.77484,9.05498],[-2.65981,9.2729],[-2.68921,9.48872],[-2.76368,9.39188],[-2.91015,9.54273],[-2.98999,9.70843],[-3.09456,9.73385],[-3.20256,9.90823],[-3.66166,9.94893],[-3.88971,9.89446],[-4.05367,9.79762],[-4.25309,9.75005],[-4.32255,9.6089],[-4.50171,9.65502],[-4.50396,9.74202],[-4.68108,9.68207],[-4.83846,9.86945],[-4.96607,9.90103],[-4.97452,10.05554],[-5.21758,10.31994],[-5.40253,10.30056],[-5.52258,10.42549],[-5.80628,10.41347],[-6.01593,10.18987],[-6.18088,10.21584],[-6.24331,10.28901],[-6.18579,10.48133],[-6.26129,10.51409],[-6.24584,10.72074],[-6.40981,10.69439],[-6.42149,10.55659],[-6.66917,10.65416],[-6.70034,10.34167],[-6.97314,10.33229],[-6.95939,10.1855],[-7.34696,10.2479],[-7.46618,10.42949],[-7.66441,10.43714],[-7.829,10.21165],[-7.98966,10.16199]]]},"properties":{"ISO_A2":"CI","ISO_A2_EH":"CI","ADM0_A3":"CIV","ISO_A3":"CIV","ADMIN":"Ivory Coast"}},
{"type":"Feature","geometry":{"type":"Polygon","coordinates":[[[20.24283,46.10809],[19.92915,46.16354],[19.54995,46.16416],[19.26345,45.98143],[19.06543,46.01203],[18.90131,45.9312],[18.8487,45.80956],[19.0181,45.5674],[18.97553,45.39113],[19.10415,45.29873],[19.3973,45.22329],[19.39068,45.16934],[19.12186,45.1958],[19.06006,45.14686],[19.07866,44.91085],[19.01582,44.86564],[19.17426,44.92542],[19.36867,44.88713],[19.32836,44.73396],[19.12992,44.51832],[19.17716,44.28696],[19.61888,44.03571],[19.55222,43.98342],[19.22935,43.95768],[19.46169,43.76214],[19.48174,43.56083],[19.34655,43.60884],[19.19535,43.5328],[19.61868,43.16825],[19.78177,43.09647],[19.92915,43.11391],[20.11694,42.97665],[20.33708,42.90697],[20.34535,42.82744],[20.4763,42.85553],[20.4764,42.96637],[20.66916,43.1098],[20.59753,43.18496],[20.81943,43.25741],[20.83855,43.17047],[21.09259,43.09068],[21.26054,42.88656],[21.39893,42.85457],[21.37867,42.74414],[21.76439,42.66962],[21.56407,42.24629],[21.67689,42.23495],[21.94153,42.3331],[22.09553,42.30582],[22.25976,42.3691],[22.34502,42.31344],[22.50884,42.40493],[22.42533,42.57286],[22.50605,42.87012],[22.72702,42.88689],[22.93527,43.08556],[22.98137,43.19899],[22.51886,43.47425],[22.34947,43.80792],[22.39959,43.99334],[22.60475,44.07938],[22.69164,44.22844],[22.50512,44.40406],[22.48414,44.49977],[22.76515,44.58281],[22.42605,44.73365],[22.18514,44.51511],[22.00427,44.65154],[21.65628,44.68766],[21.36855,44.86486],[21.51634,44.9339],[21.35346,44.98981],[21.49329,45.1451],[20.98149,45.33279],[20.76073,45.49335],[20.78574,45.75256],[20.71339,45.73333],[20.57211,45.88769],[20.33863,45.9928],[20.24283,46.10809]]]},"properties":{"ISO_A2":"RS","ISO_A2_EH":"RS","ADM0_A3":"SRB","ISO_A3":"SRB","ADMIN":"Republic of Serbia"}},
{"type":"Feature","geometry":{"type":"Polygon","coordinates":[[[-12.26413,14.77494],[-12.16594,14.62518],[-12.23643,14.51945],[-12.22173,14.39124],[-12.03448,14.25027],[-12.02523,14.02674],[-11.96291,13.90915],[-12.01231,13.75118],[-12.09763,13.70441],[-11.88348,13.45355],[-11.82814,13.30728],[-11.75651,13.3998],[-11.61311,13.36081],[-11.53306,13.11181],[-11.38444,12.93311],[-11.40217,12.73173],[-11.4678,12.54353],[-11.38842,12.4039],[-11.50779,12.19161],[-11.31514,12.01333],[-11.19117,12.01441],[-11.05232,12.20251],[-10.90979,12.20014],[-10.80494,12.09596],[-10.71136,11.89039],[-10.51509,12.05291],[-10.51163,12.11807],[-10.26694,12.21781],[-9.87074,12.05208],[-9.72299,12.02542],[-9.62817,12.17016],[-9.3085,12.34504],[-9.41257,12.45537],[-9.32152,12.4966],[-8.99384,12.38751],[-8.9263,12.06428],[-8.797,11.91323],[-8.84723,11.65795],[-8.71287,11.64007],[-8.65675,11.49643],[-8.37532,11.36765],[-8.61541,11.13405],[-8.68094,10.9523],[-8.50576,11.05279],[-8.31114,11.0008],[-8.29553,10.53745],[-8.22887,10.42342],[-8.13544,10.42732],[-7.9646,10.25894],[-7.98966,10.16199],[-7.829,10.21165],[-7.66441,10.43714],[-7.46618,10.42949],[-7.34696,10.2479],[-6.95939,10.1855],[-6.97314,10.33229],[-6.70034,10.34167],[-6.66917,10.65416],[-6.42149,10.55659],[-6.40981,10.69439],[-6.24584,10.72074],[-6.26129,10.51409],[-6.18579,10.48133],[-6.24331,10.28901],[-6.18088,10.21584],[-6.01593,10.18987],[-5.80628,10.41347],[-5.52258,10.42549],[-5.43142,10.84469],[-5.50733,11.05695],[-5.32233,11.13555],[-5.21831,11.4222],[-5.27954,11.73903],[-5.41235,11.82853],[-5.28249,11.83644],[-5.16782,11.94367],[-4.95375,12.00511],[-4.80681,11.99627],[-4.56047,12.14949],[-4.48817,12.3207],[-4.40613,12.30747],[-4.45164,12.43531],[-4.38689,12.53019],[-4.48525,12.71468],[-4.29723,12.71215],[-4.21188,12.81919],[-4.22932,12.94895],[-4.35107,13.11832],[-3.97161,13.46995],[-3.98404,13.39647],[-3.79863,13.34715],[-3.59688,13.1994],[-3.46159,13.16576],[-3.44854,13.26578],[-3.24863,13.29278],[-3.28395,13.5422],[-3.26706,13.71705],[-3.06751,13.60677],[-2.89524,13.65165],[-2.92806,13.79962],[-2.84085,14.04299],[-2.59738,14.22231],[-2.46168,14.28091],[-2.15188,14.15614],[-2.02341,14.19864],[-1.96703,14.48374],[-1.69692,14.49612],[-1.35027,14.71497],[-1.04332,14.81791],[-0.75289,15.06973],[-0.4679,15.07991],[-0.42573,15.0026],[-0.2367,15.06562],[0.21847,14.91098],[0.22126,14.99593],[0.51483,14.99356],[0.67007,14.93974],[0.97372,14.99126],[1.33153,15.28362],[3.00016,15.33912],[3.07302,15.4272],[3.5071,15.35397],[3.52653,15.49595],[3.69221,15.63145],[3.87122,15.7148],[3.90346,15.88632],[4.06056,16.29833],[4.18396,16.41605],[4.182,16.80962],[4.23564,16.99586],[4.23192,18.15311],[4.22861,19.14224],[3.30836,18.98168],[3.10268,19.15356],[3.251,19.36546],[3.19829,19.5924],[3.21679,19.79406],[2.946,19.94165],[2.4004,20.05656],[2.18243,20.27851],[2.07122,20.21326],[1.89139,20.23179],[1.64923,20.41209],[1.64396,20.52268],[1.2967,20.73346],[1.16854,20.73346],[1.14652,21.10171],[-0.01041,21.85815],[-0.96358,22.48127],[-1.83004,23.04782],[-2.52323,23.501],[-3.44854,24.10602],[-4.82161,24.99507],[-6.59311,24.99413],[-6.49844,24.20837],[-6.37472,23.15029],[-6.21938,21.82286],[-6.1137,20.91955],[-5.96353,19.62061],[-5.85754,18.6608],[-5.75647,17.74104],[-5.62335,16.52783],[-5.35329,16.31198],[-5.51095,15.4942],[-6.67393,15.49466],[-8.32701,15.49528],[-9.34922,15.49564],[-9.33242,15.68757],[-9.45185,15.55921],[-9.42389,15.44053],[-9.67212,15.43066],[-9.8356,15.3711],[-10.1316,15.37263],[-10.30875,15.43521],[-10.73637,15.42263],[-10.91517,15.1029],[-11.04539,15.27021],[-11.29819,15.45105],[-11.40956,15.6022],[-11.72706,15.54117],[-11.84565,15.17908],[-11.82038,14.89997],[-12.07039,14.7344],[-12.26413,14.77494]]]},"properties":{"ISO_A2":"ML","ISO_A2_EH":"ML","ADM0_A3":"MLI","ISO_A3":"MLI","ADMIN":"Mali"}},
{"type":"Feature","geometry":{"type":"Polygon","coordinates":[[[-12.26413,14.77494],[-12.38249,14.84602],[-12.47151,14.998],[-12.77976,15.14639],[-12.96432,15.50916],[-13.08958,15.49704],[-13.12222,15.60349],[-13.23784,15.62344],[-13.31373,15.92213],[-13.48493,16.15498],[-13.67593,16.10693],[-13.71058,16.18888],[-13.81132,16.12207],[-13.96408,16.23007],[-14.0156,16.35585],[-14.34325,16.63666],[-14.93094,16.64338],[-15.42688,16.55315],[-15.67219,16.48137],[-15.81296,16.51377],[-16.05377,16.49543],[-16.13227,16.55475],[-16.3274,16.47455],[-16.38109,16.24666],[-16.46599,16.17405],[-16.54235,15.80882],[-16.53893,15.77436],[-16.87824,15.2331],[-17.13866,14.92772],[-17.37096,14.80028],[-17.53604,14.75739],[-17.45295,14.66206],[-17.33056,14.73631],[-17.17821,14.65314],[-17.05948,14.45393],[-16.93957,14.35586],[-16.76456,13.97061],[-16.6317,14.01008],[-16.46874,14.19383],[-16.42935,14.16096],[-16.63793,13.96166],[-16.74682,13.95136],[-16.70006,13.76903],[-16.6271,13.77045],[-16.5614,13.58691],[-15.51819,13.5831],[-15.39407,13.77151],[-15.26725,13.7418],[-15.0977,13.81998],[-14.84397,13.75268],[-14.72858,13.61933],[-14.58554,13.66046],[-14.34728,13.45236],[-13.98849,13.57915],[-13.81871,13.42936],[-13.85104,13.33575],[-14.20169,13.22956],[-14.39498,13.24297],[-14.59215,13.35314],[-15.01507,13.49574],[-15.13765,13.58997],[-15.22777,13.42518],[-15.37924,13.36252],[-15.51954,13.3866],[-15.82267,13.31942],[-15.83332,13.15685],[-16.67353,13.16431],[-16.75365,13.06501],[-16.79454,12.83877],[-16.7731,12.58295],[-16.56566,12.6739],[-16.37096,12.56452],[-16.0489,12.6564],[-15.95328,12.62539],[-16.38834,12.55158],[-16.57974,12.6328],[-16.80297,12.48542],[-16.72844,12.33253],[-16.4123,12.36173],[-16.23288,12.45288],[-15.67705,12.43929],[-15.19511,12.67943],[-13.72828,12.67339],[-13.07646,12.63592],[-13.08271,12.51567],[-12.98104,12.46699],[-12.91313,12.53634],[-12.77327,12.43506],[-12.50507,12.39025],[-12.36092,12.30561],[-12.07918,12.40813],[-11.7578,12.38333],[-11.51539,12.43165],[-11.38842,12.4039],[-11.4678,12.54353],[-11.40217,12.73173],[-11.38444,12.93311],[-11.53306,13.11181],[-11.61311,13.36081],[-11.75651,13.3998],[-11.82814,13.30728],[-11.88348,13.45355],[-12.09763,13.70441],[-12.01231,13.75118],[-11.96291,13.90915],[-12.02523,14.02674],[-12.03448,14.25027],[-12.22173,14.39124],[-12.23643,14.51945],[-12.16594,14.62518],[-12.26413,14.77494]]]},"properties":{"ISO_A2":"SN","ISO_A2_EH":"SN","ADM0_A3":"SEN","ISO_A3":"SEN","ADMIN":"Senegal"}},
{"type":"Feature","geometry":{"type":"MultiPolygon","coordinates":[[[[3.5964,11.69577],[3.50493,11.55656],[3.48333,11.3923],[3.72208,11.11235],[3.73128,10.82503],[3.83742,10.5999],[3.75691,10.40526],[3.65211,10.4358],[3.57242,10.2857],[3.65562,10.17478],[3.5996,9.9687],[3.5131,9.84661],[3.31714,9.78173],[3.33864,9.67822],[3.12863,9.42958],[3.15136,9.28863],[3.09132,9.12642],[2.9831,9.06061],[2.76916,9.05705],[2.72286,8.77231],[2.74477,8.49829],[2.69713,8.32071],[2.73495,8.2119],[2.67222,7.8896],[2.7272,7.79332],[2.72059,7.58657],[2.79232,7.47763],[2.74116,7.40818],[2.77578,7.03053],[2.71511,6.97983],[2.73113,6.64184],[2.70384,6.36835],[3.38453,6.39769],[3.40235,6.55215],[3.51531,6.52709],[3.77369,6.62238],[3.85792,6.6022],[3.57081,6.50935],[3.44361,6.41035],[3.87029,6.43163],[4.40553,6.35887],[4.71705,6.16364],[4.88592,6.00654],[5.26319,5.43651],[5.43385,5.39558],[5.54103,5.51048],[5.52963,5.38638],[5.34018,5.34394],[5.47543,4.84748],[5.5949,4.63646],[5.9463,4.33519],[6.18873,4.28099],[6.33253,4.43659],[6.27052,4.29263],[6.43434,4.34724],[6.69508,4.34724],[6.66033,4.45087],[6.71713,4.58462],[6.71559,4.35468],[6.83758,4.39289],[6.71559,4.83446],[6.74969,4.83446],[6.86085,4.41572],[7.02369,4.39814],[7.17823,4.50145],[7.1364,4.66181],[7.28102,4.50487],[7.31202,4.6079],[7.55844,4.52534],[7.72291,4.51171],[8.03199,4.55878],[8.27906,4.54682],[8.35646,4.62556],[8.23024,4.93366],[8.40919,4.74934],[8.51832,4.70405],[8.59417,4.81529],[8.60225,4.88133],[8.79893,5.15964],[8.8937,5.62175],[8.81929,5.70345],[8.85587,5.8475],[8.98847,5.93729],[9.60301,6.51519],[9.69303,6.53131],[9.76982,6.77372],[9.87462,6.7877],[10.11947,6.99441],[10.23842,6.871],[10.49598,6.87467],[10.57866,7.13083],[10.60254,7.05807],[10.83188,6.94521],[10.87745,6.8161],[11.05595,6.70037],[11.09708,6.44912],[11.3195,6.43728],[11.50977,6.61231],[11.56175,6.87607],[11.88132,7.10205],[11.73663,7.26328],[12.02498,7.59659],[12.05495,7.78392],[12.19779,7.97517],[12.22704,8.38631],[12.40387,8.49654],[12.36884,8.60958],[12.55797,8.60568],[12.6604,8.65932],[12.80571,8.8315],[12.82214,9.09681],[12.89935,9.30202],[12.86204,9.38289],[12.98244,9.47459],[13.19545,9.54221],[13.26294,9.80173],[13.21271,9.87015],[13.24796,10.07941],[13.43492,10.15341],[13.50127,10.49634],[13.56628,10.67901],[13.74441,10.9305],[13.75485,11.01672],[13.98233,11.27626],[14.16547,11.23833],[14.59377,11.49643],[14.62136,11.62978],[14.54653,11.71861],[14.62343,11.91654],[14.60431,12.03043],[14.66994,12.16742],[14.51439,12.32354],[14.17984,12.3856],[14.17736,12.54559],[14.06491,13.07799],[13.60731,13.7041],[13.35999,13.71441],[13.22811,13.54804],[13.02926,13.53918],[12.8702,13.46125],[12.72437,13.32229],[12.56107,13.24276],[12.47271,13.06417],[12.20141,13.12543],[12.05764,13.11677],[11.8528,13.24539],[11.44,13.36443],[10.67499,13.3751],[10.16153,13.2672],[9.93012,13.14597],[9.64073,12.82253],[9.26939,12.80979],[8.94279,12.8472],[8.67935,12.92358],[8.53352,13.06463],[8.39781,13.07541],[8.07752,13.31002],[7.75558,13.32715],[7.39198,13.11253],[7.1982,13.11739],[7.09009,13.00639],[6.90664,13.00686],[6.77869,13.13029],[6.67254,13.32118],[6.36894,13.62628],[6.12038,13.65408],[5.55432,13.87342],[5.37407,13.85525],[5.27351,13.75252],[4.92511,13.73309],[4.85689,13.7741],[4.50673,13.69467],[4.24845,13.49414],[4.12577,13.47298],[4.08877,12.99624],[3.92909,12.75039],[3.6457,12.52854],[3.65149,12.26902],[3.60395,11.90558],[3.66699,11.7597],[3.5964,11.69577]]],[[[7.27418,4.49189],[7.2295,4.53278],[7.13803,4.39704],[7.30779,4.42451],[7.27418,4.49189]]]]},"properties":{"ISO_A2":"NG","ISO_A2_EH":"NG","ADM0_A3":"NGA","ISO_A3":"NGA","ADMIN":"Nigeria"}},
{"type":"Feature","geometry":{"type":"Polygon","coordinates":[[[3.5964,11.69577],[3.50349,11.82998],[3.29275,11.91865],[3.25513,12.01875],[2.8443,12.39924],[2.66385,12.29155],[2.36123,12.21889],[2.45528,12.00867],[2.39017,11.89654],[2.29105,11.67479],[2.01076,11.4269],[1.87981,11.44486],[1.60159,11.38869],[1.43963,11.47377],[1.26838,11.24789],[1.15634,11.28554],[1.11862,11.04824],[0.97692,11.07837],[0.90147,10.99274],[0.86292,10.79609],[0.78128,10.69304],[0.76877,10.36709],[1.33101,9.99647],[1.35127,9.59507],[1.42527,9.2845],[1.60117,9.04953],[1.62133,7.99657],[1.62567,6.99678],[1.53193,6.99193],[1.58805,6.88124],[1.56603,6.67815],[1.74411,6.42573],[1.78235,6.27727],[1.61964,6.21389],[1.88453,6.27481],[2.70384,6.36835],[2.73113,6.64184],[2.71511,6.97983],[2.77578,7.03053],[2.74116,7.40818],[2.79232,7.47763],[2.72059,7.58657],[2.7272,7.79332],[2.67222,7.8896],[2.73495,8.2119],[2.69713,8.32071],[2.74477,8.49829],[2.72286,8.77231],[2.76916,9.05705],[2.9831,9.06061],[3.09132,9.12642],[3.15136,9.28863],[3.12863,9.42958],[3.33864,9.67822],[3.31714,9.78173],[3.5131,9.84661],[3.5996,9.9687],[3.65562,10.17478],[3.57242,10.2857],[3.65211,10.4358],[3.75691,10.40526],[3.83742,10.5999],[3.73128,10.82503],[3.72208,11.11235],[3.48333,11.3923],[3.50493,11.55656],[3.5964,11.69577]]]},"properties":{"ISO_A2":"BJ","ISO_A2_EH":"BJ","ADM0_A3":"BEN","ISO_A3":"BEN","ADMIN":"Benin"}},
{"type":"Feature","geometry":{"type":"MultiPolygon","coordinates":[[[[13.0737,-4.63532],[12.85429,-4.40309],[12.76168,-4.3912],[12.6081,-4.56504],[12.38703,-4.60545],[12.33235,-4.76586],[12.18756,-4.76803],[12.13082,-4.91293],[12.00961,-5.01963],[12.12461,-5.18483],[12.23219,-5.47959],[12.14723,-5.61793],[12.21054,-5.76344],[12.50898,-5.72626],[12.53069,-5.16268],[12.44439,-5.05509],[12.6789,-4.9243],[12.8332,-4.72266],[13.0737,-4.63532]]],[[[23.96746,-10.87231],[23.83372,-11.02847],[23.49482,-10.96429],[23.37328,-10.97514],[23.19675,-11.07188],[23.01434,-11.10247],[22.82923,-11.05214],[22.72774,-11.09679],[22.53757,-11.03715],[22.46936,-11.12242],[22.23764,-11.24954],[22.24384,-11.07829],[22.1655,-10.85236],[22.30968,-10.76978],[22.3134,-10.36856],[22.20281,-10.13065],[22.15992,-9.93149],[22.05584,-9.87536],[21.8541,-9.61781],[21.79333,-9.39353],[21.84108,-9.27581],[21.85989,-8.84638],[21.93595,-8.41302],[21.8512,-8.14348],[21.7585,-8.01512],[21.77049,-7.80676],[21.8541,-7.586],[21.84242,-7.36988],[21.78495,-7.28338],[20.52054,-7.28638],[20.52446,-7.14313],[20.61149,-6.91596],[20.33109,-6.91679],[20.2943,-7.00195],[19.52184,-7.00195],[19.47636,-7.31593],[19.51316,-7.47944],[19.35565,-7.57411],[19.35554,-8.00199],[18.77377,-8.00199],[18.73853,-7.93233],[18.51652,-7.93223],[18.50764,-7.99755],[18.1766,-7.9992],[18.09815,-8.10927],[17.90137,-8.04809],[17.54428,-8.08478],[17.21779,-7.586],[17.0825,-7.34229],[16.9961,-7.29795],[16.92913,-7.06065],[16.92696,-6.88857],[16.7681,-6.70832],[16.69297,-6.39837],[16.72676,-6.18918],[16.60429,-6.06185],[16.59736,-5.9247],[16.31573,-5.85463],[14.70373,-5.8814],[14.57661,-5.90465],[14.02119,-5.87251],[13.94357,-5.84161],[13.64152,-5.86579],[13.18385,-5.85646],[12.98588,-5.90114],[12.92757,-5.98122],[12.74254,-6.04936],[12.27506,-6.11477],[12.62043,-6.73482],[12.77963,-6.91473],[12.82879,-6.90455],[12.84996,-7.26592],[13.27687,-8.17889],[13.3694,-8.3235],[13.34205,-8.46746],[13.4061,-8.63714],[13.38014,-8.75506],[13.19801,-8.82318],[12.99635,-9.09384],[13.17067,-9.40252],[13.22389,-9.61419],[13.19858,-9.70867],[13.32716,-9.886],[13.31739,-9.97633],[13.50896,-10.27703],[13.52263,-10.38779],[13.75294,-10.64617],[13.73927,-10.78338],[13.82862,-10.91367],[13.84653,-11.1137],[13.7942,-11.34148],[13.79461,-11.7702],[13.76645,-11.9205],[13.63982,-12.24871],[13.50563,-12.37135],[13.36402,-12.59271],[13.17856,-12.60174],[12.93946,-12.81666],[12.94484,-12.98235],[12.63445,-13.34336],[12.51271,-13.44207],[12.50245,-13.85524],[12.40724,-13.89056],[12.32879,-14.09222],[12.33131,-14.43353],[12.27272,-14.75058],[12.20777,-14.83327],[12.05641,-15.23309],[11.99204,-15.61728],[11.84425,-15.79355],[11.7518,-15.79909],[11.80698,-16.01881],[11.77915,-16.09987],[11.82195,-16.4791],[11.82047,-16.78147],[11.76814,-16.76825],[11.76612,-17.2527],[12.02891,-17.14898],[12.16151,-17.14629],[12.24264,-17.22484],[12.55456,-17.23559],[12.81832,-17.10485],[12.88715,-17.02981],[13.16631,-16.95106],[13.36371,-16.96418],[13.49466,-17.02402],[13.52132,-17.1219],[13.88435,-17.33853],[13.94275,-17.40819],[14.20743,-17.38803],[15.0572,-17.38834],[16.33981,-17.38865],[17.62262,-17.38896],[18.45358,-17.38989],[18.76199,-17.7477],[19.02058,-17.82232],[19.17209,-17.80124],[19.42127,-17.85943],[19.67263,-17.84268],[20.03426,-17.89591],[20.33615,-17.85488],[20.56549,-17.98521],[20.8062,-18.0314],[21.21662,-17.93064],[21.38115,-18.01259],[22.23051,-17.85756],[23.38165,-17.64114],[23.20699,-17.5412],[22.99863,-17.29377],[22.75585,-17.15487],[22.71048,-17.05544],[22.49974,-16.89349],[22.33365,-16.67366],[22.23774,-16.66549],[22.10814,-16.54395],[21.98381,-16.16589],[21.98133,-15.11117],[21.98081,-14.35762],[21.97988,-13.00148],[23.2227,-13.00148],[24.00063,-13.00148],[23.86565,-12.78971],[23.9287,-12.56161],[24.03081,-12.38508],[23.9596,-12.19667],[23.95991,-11.61717],[24.06109,-11.39496],[24.01118,-11.2729],[23.96746,-10.87231]]]]},"properties":{"ISO_A2":"AO","ISO_A2_EH":"AO","ADM0_A3":"AGO","ISO_A3":"AGO","ADMIN":"Angola"}},
{"type":"Feature","geometry":{"type":"MultiPolygon","coordinates":[[[[16.5153,46.50171],[16.34415,46.54698],[16.23491,46.49334],[16.28028,46.37621],[16.05797,46.37753],[16.03895,46.30844],[15.6613,46.21532],[15.58988,46.11352],[15.69799,46.03621],[15.66605,45.83167],[15.45128,45.81514],[15.25088,45.70765],[15.36137,45.48203],[15.13926,45.43005],[14.90444,45.51443],[14.66849,45.53397],[14.55615,45.6567],[14.3728,45.47785],[13.97189,45.51423],[13.889,45.42364],[13.58953,45.48884],[13.50709,45.51191],[13.61256,45.11787],[13.96388,44.81184],[14.32976,45.35399],[14.58221,45.28535],[14.8274,45.11396],[14.92164,44.95881],[14.90138,44.69017],[15.30795,44.3544],[15.11036,44.26435],[15.46608,43.9217],[15.93116,43.6765],[15.97348,43.50312],[16.33676,43.55117],[16.62582,43.44904],[16.88063,43.40595],[17.0735,43.23896],[17.31625,43.12727],[17.58066,42.94208],[17.58738,43.08213],[17.44207,43.15243],[17.26761,43.35332],[17.28642,43.43738],[17.08457,43.51324],[16.7126,43.77152],[16.6786,43.84068],[16.21579,44.20816],[16.11646,44.52147],[15.8956,44.71856],[15.71731,44.78647],[15.77344,44.84502],[15.78005,45.16029],[15.9975,45.21853],[16.21299,45.03146],[16.34064,45.00594],[16.48192,45.19952],[16.78629,45.17885],[16.92437,45.28452],[17.1871,45.14856],[17.26895,45.18954],[17.5724,45.1204],[17.68474,45.16396],[17.83574,45.06443],[18.01909,45.14944],[18.23788,45.15745],[18.54112,45.05529],[18.68902,45.08025],[18.88963,44.86119],[19.01582,44.86564],[19.07866,44.91085],[19.06006,45.14686],[19.12186,45.1958],[19.39068,45.16934],[19.3973,45.22329],[19.10415,45.29873],[18.97553,45.39113],[19.0181,45.5674],[18.8487,45.80956],[18.90131,45.9312],[18.67434,45.91038],[18.41172,45.7432],[18.21122,45.78537],[17.87005,45.77349],[17.65652,45.84542],[17.5911,45.93622],[17.34533,45.9557],[17.19733,46.12117],[16.97481,46.21057],[16.86546,46.35914],[16.5153,46.50171]]],[[[18.43736,42.55921],[18.22414,42.62807],[17.85847,42.81697],[17.81176,42.90986],[17.65333,42.89094],[17.20192,42.98432],[17.44044,42.87336],[17.80665,42.81192],[18.49643,42.41633],[18.43736,42.55921]]],[[[17.13185,42.96955],[16.63844,42.93476],[16.85141,42.9007],[17.20021,42.92178],[17.13185,42.96955]]],[[[16.69313,43.12727],[17.19337,43.12727],[16.75123,43.16193],[16.52052,43.22899],[16.37159,43.1955],[16.69313,43.12727]]],[[[16.50074,43.28425],[16.81316,43.26777],[16.89234,43.3122],[16.68767,43.37702],[16.42628,43.39411],[16.50074,43.28425]]],[[[14.87696,44.55976],[14.89747,44.49091],[15.25441,44.34003],[14.90406,44.61001],[14.87696,44.55976]]],[[[14.51393,44.66218],[14.46608,44.98371],[14.27768,45.128],[14.39031,44.9604],[14.30152,44.94343],[14.42791,44.65656],[14.51393,44.66218]]],[[[14.7234,44.94335],[14.81495,44.97748],[14.56332,45.24974],[14.42506,45.08735],[14.62631,45.03726],[14.7234,44.94335]]]]},"properties":{"ISO_A2":"HR","ISO_A2_EH":"HR","ADM0_A3":"HRV","ISO_A3":"HRV","ADMIN":"Croatia"}},
{"type":"Feature","geometry":{"type":"Polygon","coordinates":[[[13.58953,45.48884],[13.889,45.42364],[13.97189,45.51423],[14.3728,45.47785],[14.55615,45.6567],[14.66849,45.53397],[14.90444,45.51443],[15.13926,45.43005],[15.36137,45.48203],[15.25088,45.70765],[15.45128,45.81514],[15.66605,45.83167],[15.69799,46.03621],[15.58988,46.11352],[15.6613,46.21532],[16.03895,46.30844],[16.05797,46.37753],[16.28028,46.37621],[16.23491,46.49334],[16.34415,46.54698],[16.5153,46.50171],[16.27201,46.86396],[16.09404,46.86277],[15.98758,46.83001],[16.01456,46.69371],[15.63598,46.71756],[15.46265,46.61465],[15.06195,46.64956],[14.85039,46.60114],[14.78859,46.50665],[14.54033,46.37864],[14.40649,46.43934],[13.70095,46.51975],[13.36526,46.2903],[13.63739,46.18039],[13.46179,46.00639],[13.62282,45.96639],[13.58127,45.80925],[13.77872,45.74341],[13.89469,45.63184],[13.71176,45.59321],[13.58953,45.48884]]]},"properties":{"ISO_A2":"SI","ISO_A2_EH":"SI","ADM0_A3":"SVN","ISO_A3":"SVN","ADMIN":"Slovenia"}},
{"type":"Feature","geometry":{"type":"Polygon","coordinates":[[[50.80787,24.74665],[50.97888,24.56773],[51.21526,24.62585],[51.44361,24.67976],[51.58693,24.95344],[51.59002,25.28376],[51.51881,25.29707],[51.47193,25.52139],[51.50514,25.68716],[51.59156,25.74665],[51.57749,25.88085],[51.40398,25.95409],[51.34685,26.10489],[51.25123,26.1601],[51.04737,26.05305],[50.9017,25.78954],[50.89869,25.53221],[50.75099,25.4947],[50.77573,25.09186],[50.85109,24.89082],[50.80787,24.74665]]]},"properties":{"ISO_A2":"QA","ISO_A2_EH":"QA","ADM0_A3":"QAT","ISO_A3":"QAT","ADMIN":"Qatar"}},
{"type":"Feature","geometry":{"type":"MultiPolygon","coordinates":[[[[50.80787,24.74665],[50.54542,25.1186],[50.4629,25.44693],[50.34799,25.48212],[50.14471,25.73334],[50.24724,25.67943],[50.11834,25.86787],[50.10133,25.98949],[49.97584,26.13959],[50.06568,26.17373],[50.14137,26.03596],[50.202,26.17137],[50.19158,26.40355],[50.03061,26.49462],[49.98374,26.7082],[50.14194,26.68134],[49.94215,26.85834],[49.69947,26.95824],[49.52443,27.13272],[49.3226,27.20572],[49.23976,27.54511],[48.8733,27.61249],[48.78004,27.7141],[48.87794,27.83682],[48.60646,28.12645],[48.53549,28.40762],[48.43278,28.54048],[47.66813,28.53351],[47.59682,28.60882],[47.43409,28.99459],[46.53244,29.09575],[46.35746,29.06314],[45.43493,29.13621],[44.69183,29.20184],[43.89007,29.76738],[42.85871,30.49468],[42.0754,31.07986],[41.54757,31.34873],[40.42413,31.92053],[40.02932,31.99438],[39.14638,32.11814],[38.96334,31.99438],[38.40017,31.85537],[36.95953,31.491],[37.48002,31.00726],[37.98107,30.49948],[37.63453,30.31278],[37.4702,29.99455],[36.75624,29.86552],[36.47708,29.49461],[36.06946,29.20003],[36.01644,29.18995],[34.94939,29.35169],[34.85255,29.04507],[34.77847,28.6645],[34.80378,28.52713],[34.67457,28.27725],[34.64715,28.09911],[35.05193,28.11957],[35.21632,28.05439],[35.25522,27.95279],[35.49195,27.63239],[35.55958,27.45563],[35.81284,27.19107],[35.83172,27.09272],[36.03199,26.90681],[36.09767,26.75397],[36.22983,26.62556],[36.53663,26.08242],[36.69606,26.02228],[36.66342,25.85566],[36.93629,25.64615],[37.10532,25.32217],[37.23048,25.19367],[37.27996,24.9641],[37.14861,24.85102],[37.45667,24.44125],[37.52272,24.26773],[37.67609,24.29124],[37.86563,24.14989],[38.07914,24.07039],[38.45265,23.784],[38.54006,23.54325],[38.60018,23.56825],[38.81422,22.98273],[38.91285,22.86197],[39.08152,22.54679],[39.00569,22.00201],[38.9496,21.92192],[39.07936,21.70637],[39.17107,21.40412],[39.08074,21.31501],[39.29713,20.92398],[39.50603,20.74641],[39.6465,20.46158],[39.92319,20.26358],[40.06764,20.28653],[40.26783,20.12531],[40.52263,19.97248],[40.62867,19.79214],[40.79086,19.71406],[40.78468,19.59634],[40.94467,19.50568],[40.9559,19.34333],[41.06861,19.12539],[41.17652,19.06737],[41.13722,18.95771],[41.24903,18.83417],[41.21022,18.69794],[41.43816,18.46418],[41.47218,18.2792],[41.71925,17.90925],[41.86948,17.8205],[42.30152,17.4536],[42.33912,17.17357],[42.5442,17.00434],[42.54176,16.878],[42.73732,16.67113],[42.78948,16.37096],[43.03627,16.5363],[43.08495,16.67257],[43.20861,16.7734],[43.10872,16.92698],[43.15616,17.2097],[43.24861,17.25192],[43.16504,17.32592],[43.39103,17.51196],[43.50337,17.51345],[43.75064,17.34566],[44.10447,17.35197],[44.40414,17.41873],[45.16539,17.42839],[45.43038,17.31202],[46.32263,17.22407],[46.7101,17.27538],[46.97034,16.95685],[47.1909,16.95891],[47.42758,17.09183],[47.58901,17.46328],[48.16195,18.14892],[49.03585,18.57972],[49.12882,18.6121],[49.73844,18.69416],[51.01981,18.86658],[51.97862,18.99564],[52.77438,19.26079],[53.63004,19.54599],[54.97838,19.99542],[55.30291,20.97149],[55.63757,21.97897],[55.62671,22.02377],[55.18684,22.70358],[55.1053,22.62095],[54.1343,22.74032],[52.58307,22.93111],[52.53848,22.95475],[51.59352,24.07833],[51.56935,24.25617],[51.41285,24.32347],[51.28224,24.30297],[51.30641,24.40599],[51.4437,24.55476],[51.30242,24.51716],[51.21526,24.62585],[50.97888,24.56773],[50.80787,24.74665]]],[[[42.18644,16.70553],[42.04786,16.81208],[41.90514,16.74758],[41.97553,16.66355],[42.08575,16.69353],[42.15584,16.58498],[42.18644,16.70553]]],[[[41.91889,16.79116],[41.92848,16.9549],[41.83497,16.89175],[41.91889,16.79116]]],[[[36.94215,25.41836],[36.77613,25.48916],[36.89975,25.36103],[36.94215,25.41836]]]]},"properties":{"ISO_A2":"SA","ISO_A2_EH":"SA","ADM0_A3":"SAU","ISO_A3":"SAU","ADMIN":"Saudi Arabia"}},
{"type":"Feature","geometry":{"type":"Polygon","coordinates":[[[25.25978,-17.79411],[25.00708,-17.82573],[24.95334,-17.78842],[24.72534,-17.89591],[24.50562,-18.06034],[24.42159,-17.95647],[24.18305,-18.02944],[23.59218,-18.4782],[23.50154,-18.23749],[23.31148,-18.0098],[22.98137,-18.02004],[21.47572,-18.2995],[20.97508,-18.31935],[20.97798,-19.87584],[20.98025,-20.62577],[20.9848,-21.96398],[20.97198,-22.00067],[19.97835,-22.00067],[19.98031,-23.72057],[19.98145,-24.75249],[20.11891,-24.88737],[20.36489,-25.0332],[20.612,-25.431],[20.64332,-25.61322],[20.79411,-25.89392],[20.84145,-26.13132],[20.62254,-26.42753],[20.6089,-26.68612],[20.69076,-26.89179],[20.85188,-26.80653],[21.12246,-26.86534],[21.38084,-26.82399],[21.68718,-26.85521],[21.78061,-26.67816],[22.0577,-26.6176],[22.25728,-26.34092],[22.54511,-26.20739],[22.71937,-25.98425],[22.74645,-25.75533],[22.84463,-25.48113],[23.007,-25.3108],[23.26569,-25.26399],[23.45927,-25.28218],[23.74266,-25.46997],[23.92477,-25.62924],[24.2277,-25.64898],[24.29674,-25.72349],[24.66499,-25.82333],[24.79862,-25.82922],[25.05173,-25.73786],[25.38649,-25.74354],[25.58725,-25.61952],[25.69547,-25.30998],[25.87675,-24.88602],[25.86837,-24.74815],[26.27879,-24.62847],[26.40436,-24.63281],[26.53118,-24.45866],[26.84971,-24.24813],[27.00417,-23.64584],[27.12742,-23.52502],[27.34999,-23.39149],[27.54889,-23.36079],[27.60801,-23.21672],[27.75363,-23.22075],[27.7742,-23.12515],[27.89554,-23.07947],[27.9375,-22.96382],[28.33856,-22.58461],[28.52248,-22.58482],[28.91253,-22.45367],[29.04782,-22.2203],[29.35007,-22.18671],[29.23933,-22.0726],[29.07076,-22.051],[29.03872,-21.79789],[28.6297,-21.65134],[28.4646,-21.66033],[28.28487,-21.59687],[28.03289,-21.57785],[27.8944,-21.32433],[27.67478,-21.09013],[27.69813,-20.50908],[27.59085,-20.47332],[27.26839,-20.49575],[27.284,-20.35147],[27.21491,-20.11045],[27.02665,-20.01009],[26.73096,-19.93589],[26.31217,-19.65136],[26.29264,-19.5725],[26.13027,-19.50108],[25.95653,-19.12209],[25.94072,-18.92127],[25.81525,-18.81399],[25.76192,-18.63033],[25.5085,-18.39913],[25.38753,-18.139],[25.22609,-17.93188],[25.25978,-17.79411]]]},"properties":{"ISO_A2":"BW","ISO_A2_EH":"BW","ADM0_A3":"BWA","ISO_A3":"BWA","ADMIN":"Botswana"}},
{"type":"Feature","geometry":{"type":"Polygon","coordinates":[[[25.25978,-17.79411],[25.22609,-17.93188],[25.38753,-18.139],[25.5085,-18.39913],[25.76192,-18.63033],[25.81525,-18.81399],[25.94072,-18.92127],[25.95653,-19.12209],[26.13027,-19.50108],[26.29264,-19.5725],[26.31217,-19.65136],[26.73096,-19.93589],[27.02665,-20.01009],[27.21491,-20.11045],[27.284,-20.35147],[27.26839,-20.49575],[27.59085,-20.47332],[27.69813,-20.50908],[27.67478,-21.09013],[27.8944,-21.32433],[28.03289,-21.57785],[28.28487,-21.59687],[28.4646,-21.66033],[28.6297,-21.65134],[29.03872,-21.79789],[29.07076,-22.051],[29.23933,-22.0726],[29.35007,-22.18671],[29.75889,-22.1309],[30.13509,-22.29357],[30.30077,-22.33698],[30.63242,-22.33068],[30.83789,-22.28231],[31.28892,-22.39734],[31.43382,-22.30205],[32.40854,-21.29033],[32.33981,-21.13406],[32.49722,-20.8981],[32.46911,-20.68685],[32.51314,-20.56458],[32.64646,-20.55797],[32.84521,-20.28667],[32.88531,-20.10301],[33.00727,-20.03201],[33.0328,-19.78417],[32.96096,-19.6588],[32.83105,-19.68515],[32.82537,-19.47917],[32.76335,-19.46398],[32.86226,-19.11806],[32.81999,-19.02835],[32.69106,-19.01429],[32.69142,-18.83425],[32.88521,-18.78784],[32.87074,-18.53577],[32.99641,-18.46714],[33.03497,-18.33288],[32.95228,-18.23305],[32.93688,-17.87503],[32.9991,-17.79431],[33.00665,-17.58099],[32.93657,-17.49831],[33.02246,-17.36147],[32.82878,-16.93514],[32.96851,-16.68162],[32.69866,-16.68678],[32.67178,-16.59976],[32.29046,-16.45176],[31.91028,-16.42892],[31.68611,-16.20723],[31.40457,-16.16227],[31.25998,-16.02347],[31.1141,-15.9969],[30.97308,-16.06202],[30.85742,-15.99814],[30.40257,-16.00124],[30.39626,-15.63599],[30.01065,-15.64623],[29.83733,-15.61481],[29.40697,-15.71423],[29.18631,-15.81283],[28.86034,-16.04941],[28.85724,-16.3882],[28.73285,-16.55811],[28.28011,-16.70652],[28.11392,-16.82755],[27.7773,-17.00118],[27.57731,-17.36312],[27.15708,-17.7693],[27.04846,-17.94428],[26.71194,-18.06582],[26.4086,-17.93901],[26.20303,-17.88723],[25.97855,-17.99895],[25.68141,-17.81147],[25.49558,-17.85488],[25.25978,-17.79411]]]},"properties":{"ISO_A2":"ZW","ISO_A2_EH":"ZW","ADM0_A3":"ZWE","ISO_A3":"ZWE","ADMIN":"Zimbabwe"}},
{"type":"Feature","geometry":{"type":"Polygon","coordinates":[[[76.77735,35.64611],[76.57076,35.75126],[76.53717,35.90251],[76.40312,35.83099],[76.16603,35.80624],[76.06143,35.9916],[75.89431,36.09738],[76.01441,36.2304],[75.97658,36.46263],[75.79055,36.68784],[75.57051,36.76675],[75.41052,36.74732],[75.3513,36.91578],[75.10015,36.99412],[74.9105,36.96255],[74.66245,37.05448],[74.54235,37.02167],[74.39404,36.99402],[74.09432,36.83124],[73.64008,36.89664],[72.56521,36.8206],[72.21361,36.72644],[71.73632,36.39592],[71.62915,36.45953],[71.16592,36.04571],[71.34157,35.94726],[71.59349,35.54936],[71.62243,35.42962],[71.52983,35.30089],[71.63369,35.20312],[71.45996,34.94267],[71.28948,34.87503],[71.0806,34.67292],[70.97084,34.46888],[71.12205,34.35682],[71.06262,34.05425],[70.86222,33.96478],[70.52198,33.93871],[70.00284,34.04379],[69.84109,33.94181],[69.95752,33.7527],[70.10815,33.7273],[70.15497,33.50661],[70.29445,33.31895],[69.88093,33.08925],[69.54752,33.07501],[69.4685,32.99429],[69.47729,32.85683],[69.37631,32.77188],[69.42913,32.66736],[69.228,32.4213],[69.29885,31.93769],[69.00404,31.65109],[68.77728,31.61859],[68.67579,31.7747],[68.52748,31.82297],[68.49802,31.72525],[68.15913,31.82591],[68.04658,31.6884],[67.7267,31.53141],[67.56898,31.52986],[67.59699,31.42568],[67.77036,31.39467],[67.74944,31.32801],[67.3462,31.20776],[67.02287,31.23939],[66.94328,31.31473],[66.69699,31.19582],[66.55003,30.97697],[66.36626,30.92287],[66.26798,30.60139],[66.32182,30.43737],[66.30089,30.2256],[66.22524,30.04442],[66.34053,29.95657],[66.19563,29.83534],[65.03637,29.54016],[64.4777,29.57037],[64.1726,29.4843],[64.08609,29.38661],[63.56861,29.49748],[62.47751,29.40782],[61.61343,29.6385],[60.84438,29.85818],[61.27918,29.40663],[61.34233,29.25452],[61.48775,29.08066],[61.56651,28.87098],[61.89279,28.5426],[62.36279,28.41889],[62.57564,28.22903],[62.7393,28.25833],[62.73568,27.99499],[62.8147,27.49496],[62.75605,27.3481],[62.80064,27.22516],[63.16698,27.2587],[63.31963,27.11731],[63.22992,27.05406],[63.26485,26.89004],[63.18227,26.83025],[63.14134,26.6254],[62.75356,26.64416],[62.29199,26.50123],[62.24342,26.35064],[61.85713,26.24238],[61.8099,26.16745],[61.76009,25.8376],[61.66035,25.76918],[61.62004,25.28549],[61.58823,25.20209],[61.77955,25.19107],[61.72006,25.03744],[61.88111,25.10301],[62.09718,25.10712],[62.14519,25.21841],[62.34311,25.15546],[62.47718,25.25906],[62.77052,25.26191],[63.02784,25.22036],[63.17848,25.25804],[63.5005,25.19367],[63.57252,25.36498],[63.80494,25.37499],[64.5184,25.27558],[64.66863,25.20673],[64.71852,25.3144],[65.15528,25.29609],[65.39536,25.39228],[65.67164,25.3474],[65.85841,25.41755],[66.2518,25.47289],[66.4839,25.40054],[66.33644,25.55337],[66.09441,25.47484],[66.25815,25.61201],[66.43702,25.59772],[66.58709,25.42622],[66.54786,25.36563],[66.71754,25.23119],[66.6797,24.83055],[66.95769,24.84357],[67.25294,24.74038],[67.15699,24.66291],[67.28598,24.32958],[67.35402,24.07087],[67.50978,24.05207],[67.49106,23.88312],[67.6316,23.80345],[67.86891,23.85049],[68.15748,23.69623],[68.14422,23.74315],[68.18304,23.84211],[68.43156,23.96714],[68.72447,23.96518],[68.72591,24.28922],[68.8903,24.31947],[68.96264,24.25723],[69.56307,24.27676],[69.67056,24.18871],[69.97204,24.16522],[70.10971,24.3049],[70.52095,24.42492],[70.56022,24.28725],[70.75545,24.23144],[70.91772,24.36172],[71.08277,24.41151],[70.97714,24.46494],[70.95482,24.58452],[71.06386,24.68258],[70.89333,25.00189],[70.85989,25.13945],[70.64662,25.43137],[70.63231,25.70138],[70.26458,25.6973],[70.06464,25.98033],[70.13203,26.18047],[70.15807,26.53011],[70.05606,26.58908],[69.81556,26.58029],[69.50416,26.73517],[69.46509,26.80777],[69.57558,27.18842],[69.84802,27.41037],[70.01689,27.60059],[70.09069,27.79355],[70.34194,28.01147],[70.45625,28.03979],[70.63319,27.93163],[70.71039,27.74115],[70.83157,27.70146],[71.31144,27.86171],[71.56073,27.86853],[71.86086,27.95021],[71.89156,28.0971],[72.14994,28.35377],[72.2565,28.64559],[72.38218,28.78401],[72.90152,29.02262],[73.23287,29.5366],[73.37033,29.92732],[73.73972,30.04845],[73.94435,30.18829],[73.84234,30.35298],[74.05753,30.53137],[74.32976,30.89961],[74.40128,30.8931],[74.65883,31.08379],[74.50639,31.17541],[74.61191,31.4402],[74.48944,31.71119],[74.56561,31.84054],[74.82864,32.02544],[75.04083,32.09799],[75.17415,32.08683],[75.35905,32.26167],[75.19616,32.3973],[75.02367,32.46626],[74.72498,32.46081],[74.62958,32.58809],[74.68529,32.83123],[74.52096,32.74529],[74.3065,32.80991],[74.32201,32.97205],[74.15385,33.04018],[74.00234,33.17769],[74.10548,33.3452],[74.14155,33.54937],[73.9767,33.64839],[74.03458,33.82861],[74.27229,33.96214],[74.22837,34.01289],[73.9458,34.00979],[73.88441,34.0842],[73.9983,34.1968],[73.93774,34.30421],[73.77486,34.37095],[73.92596,34.56497],[73.91934,34.64254],[74.28583,34.76889],[75.01778,34.62972],[75.21291,34.64497],[75.34809,34.55722],[75.77711,34.50381],[76.0234,34.67716],[76.26204,34.68465],[76.39991,34.75075],[76.55319,34.72584],[76.74387,34.81927],[76.78201,34.93089],[76.92112,34.92071],[77.04897,35.11044],[76.77735,35.64611]]]},"properties":{"ISO_A2":"PK","ISO_A2_EH":"PK","ADM0_A3":"PAK","ISO_A3":"PAK","ADMIN":"Pakistan"}},
{"type":"Feature","geometry":{"type":"Polygon","coordinates":[[[26.33336,41.71304],[26.37553,41.81662],[26.52611,41.82424],[26.54709,41.9269],[26.9389,41.99622],[27.02262,42.07389],[27.27335,42.09175],[27.54641,41.90116],[27.808,41.99348],[28.01678,41.97256],[27.98658,42.07209],[27.75115,42.27705],[27.62941,42.45865],[27.45338,42.46524],[27.74318,42.71605],[27.89226,42.71052],[27.88543,43.00861],[27.94435,43.15713],[28.15724,43.40778],[28.32163,43.42829],[28.47316,43.36685],[28.60353,43.53815],[28.57838,43.74128],[28.22125,43.76198],[27.98101,43.84934],[27.91207,43.99334],[27.7217,43.94874],[27.65628,44.02388],[27.38384,44.01509],[27.25113,44.12237],[27.02748,44.17705],[26.61417,44.08486],[26.15073,44.01241],[25.78114,43.73201],[25.35962,43.65429],[24.96368,43.74961],[24.7056,43.74377],[24.50014,43.7995],[24.15938,43.75294],[23.32515,43.88659],[22.91956,43.83423],[22.88587,43.99453],[23.03098,44.09307],[22.69164,44.22844],[22.60475,44.07938],[22.39959,43.99334],[22.34947,43.80792],[22.51886,43.47425],[22.98137,43.19899],[22.93527,43.08556],[22.72702,42.88689],[22.50605,42.87012],[22.42533,42.57286],[22.50884,42.40493],[22.34502,42.31344],[22.53106,42.12911],[22.8437,42.01447],[23.00958,41.71637],[22.93372,41.5846],[22.91698,41.33577],[23.11521,41.31267],[23.28771,41.3982],[23.61244,41.37102],[24.04735,41.52573],[24.51016,41.56165],[24.59584,41.42977],[24.77444,41.34807],[24.88637,41.40063],[25.28572,41.2394],[25.55149,41.31567],[25.88202,41.30404],[26.12087,41.35779],[26.16448,41.51773],[26.04811,41.68908],[26.33336,41.71304]]]},"properties":{"ISO_A2":"BG","ISO_A2_EH":"BG","ADM0_A3":"BGR","ISO_A3":"BGR","ADMIN":"Bulgaria"}},
{"type":"Feature","geometry":{"type":"MultiPolygon","coordinates":[[[[102.91359,11.6459],[102.9138,11.76554],[102.69996,12.13874],[102.76513,12.41635],[102.48639,12.66119],[102.49016,12.99608],[102.3282,13.27516],[102.33223,13.5646],[102.51321,13.56716],[102.69862,13.7618],[102.77283,13.93608],[102.86977,14.02062],[102.91861,14.18549],[103.08501,14.29582],[103.67148,14.42956],[103.68223,14.3838],[104.00138,14.34507],[104.24747,14.40109],[104.46198,14.35711],[104.77167,14.43987],[104.97383,14.38065],[105.04731,14.21407],[105.18431,14.34574],[105.41597,14.42816],[105.51013,14.59358],[105.48915,14.78633],[105.59307,14.99079],[105.45194,15.09477],[105.56398,15.27253],[105.48625,15.3749],[105.58837,15.42379],[105.651,15.6346],[105.61291,15.72147],[105.44796,15.76488],[105.36063,15.91939],[105.40492,16.01882],[105.04246,16.14145],[105.01548,16.27673],[104.75452,16.52892],[104.77834,16.71583],[104.74532,17.0248],[104.80991,17.17167],[104.81642,17.37279],[104.71452,17.51526],[104.4812,17.64042],[104.28757,17.85674],[104.00004,18.31844],[103.88594,18.287],[103.60714,18.4004],[103.38664,18.44146],[103.26076,18.4002],[103.29042,18.30514],[103.07994,18.13479],[103.03793,17.99069],[102.93861,18.00893],[102.66761,17.85007],[102.56752,17.97084],[102.30671,18.05146],[102.17193,18.20029],[102.0785,18.2138],[101.9043,18.03712],[101.79041,18.07358],[101.72907,17.91219],[101.57755,17.86811],[101.46831,17.72037],[101.40185,17.73375],[101.13231,17.46167],[100.88566,17.59588],[101.00828,17.89524],[101.16517,18.05342],[101.15541,18.32289],[101.0303,18.42779],[101.2401,18.67364],[101.23292,18.89272],[101.31788,19.05013],[101.22915,19.14359],[101.19287,19.45279],[101.2462,19.57028],[100.8746,19.61291],[100.753,19.48243],[100.46196,19.5371],[100.38352,19.76386],[100.47426,19.86535],[100.54867,20.15802],[100.46103,20.19071],[100.30652,20.39969],[100.10296,20.2636],[100.0993,20.31781],[99.94204,20.44403],[99.65193,20.30682],[99.42063,20.37555],[99.52584,20.19618],[99.4414,20.10162],[99.29568,20.0625],[99.1175,20.11779],[99.01683,20.041],[99.00877,19.84592],[98.88371,19.74546],[98.80785,19.80654],[98.53262,19.67585],[98.30731,19.68999],[98.02454,19.80298],[98.00831,19.63911],[97.83985,19.55532],[97.76709,19.39753],[97.8108,19.11222],[97.65784,18.92572],[97.71913,18.86464],[97.74569,18.57106],[97.50953,18.49128],[97.3791,18.52078],[97.45258,18.33361],[97.56059,18.32826],[97.75406,17.96903],[97.67614,17.83033],[97.76895,17.67918],[97.98278,17.50544],[98.10061,17.30261],[98.43619,17.01157],[98.52053,16.81412],[98.45666,16.72322],[98.63163,16.46313],[98.68238,16.27348],[98.81043,16.43962],[98.90335,16.36345],[98.83545,16.14455],[98.65871,16.11628],[98.58378,15.97696],[98.54306,15.73537],[98.56714,15.45255],[98.53355,15.32597],[98.39692,15.35573],[98.39227,15.25824],[98.28302,15.28997],[98.165,15.1258],[98.24334,14.80512],[98.41821,14.60756],[98.54771,14.37768],[98.94531,14.06914],[99.15253,13.71488],[99.19015,13.2295],[99.1021,13.17134],[99.21413,12.73465],[99.39376,12.58978],[99.38704,12.46591],[99.46631,12.12603],[99.63002,11.81577],[99.21299,11.10826],[99.00153,10.95763],[98.97445,10.8242],[98.76672,10.68875],[98.79131,10.52042],[98.74741,10.35053],[98.72047,10.22793],[98.51271,9.83686],[98.51417,9.65473],[98.32838,9.16437],[98.38201,9.07193],[98.26157,8.85065],[98.19947,8.53437],[98.2776,8.24071],[98.39129,8.13654],[98.44565,8.3251],[98.65545,8.37963],[98.74415,8.21491],[98.74741,8.06826],[98.90528,8.04841],[99.06227,7.85936],[99.03321,7.72281],[99.12428,7.76724],[99.26832,7.6164],[99.3366,7.38361],[99.47071,7.27998],[99.50815,7.38496],[99.61411,7.13666],[99.74806,7.12604],[99.67921,7.02676],[99.6858,6.87735],[99.79721,6.82168],[100.12729,6.44229],[100.16684,6.69512],[100.28078,6.68892],[100.38739,6.52208],[100.80561,6.4148],[100.82215,6.25988],[101.08166,6.24647],[101.07112,5.91985],[100.9672,5.78102],[101.10544,5.63764],[101.24899,5.78699],[101.53466,5.90602],[101.65036,5.78265],[101.80048,5.73991],[101.91293,5.85931],[101.95939,6.0116],[102.06,6.0948],[102.07309,6.25751],[101.77166,6.50072],[101.56625,6.83222],[101.32081,6.94929],[101.35133,6.87592],[100.99757,6.85668],[100.76515,6.98314],[100.58542,7.2244],[100.48603,7.1399],[100.39235,7.22256],[100.1854,7.51423],[100.14291,7.70002],[100.30698,7.75788],[100.32556,7.57448],[100.40602,7.52766],[100.43898,7.29414],[100.56721,7.22949],[100.4402,7.477],[100.2715,8.31708],[100.10434,8.41767],[99.95924,8.63764],[99.91627,9.102],[99.85353,9.29466],[99.68946,9.31586],[99.47478,9.201],[99.25506,9.23249],[99.23024,9.31977],[99.32358,9.39155],[99.18141,9.64326],[99.15992,10.12832],[99.24171,10.2145],[99.15162,10.35737],[99.27817,10.35737],[99.24676,10.44392],[99.30242,10.63105],[99.51157,10.86636],[99.49415,11.11457],[99.58619,11.21385],[99.56935,11.33397],[99.7518,11.70987],[99.81707,11.74144],[99.85532,11.96841],[100.02003,12.19269],[99.96095,12.62539],[99.98764,12.79047],[100.10434,13.05732],[99.96713,13.25902],[100.03883,13.40274],[100.23715,13.47736],[100.55592,13.51089],[100.96339,13.47138],[100.98129,13.35904],[100.87827,13.09833],[100.93312,13.02644],[100.86866,12.90624],[100.91847,12.82632],[100.83741,12.70791],[100.97771,12.63923],[101.08774,12.68061],[101.44288,12.62482],[101.83025,12.6728],[101.91407,12.55512],[102.11232,12.53726],[102.07195,12.48851],[102.26319,12.28954],[102.29591,12.19001],[102.57163,12.09097],[102.56186,12.20209],[102.74969,12.04027],[102.77703,11.90253],[102.90675,11.74144],[102.91359,11.6459]]],[[[99.67237,6.51655],[99.65699,6.72382],[99.60027,6.58344],[99.67237,6.51655]]],[[[98.41863,7.90375],[98.43849,8.06574],[98.28142,8.1918],[98.25416,7.92829],[98.30909,7.76773],[98.41863,7.90375]]],[[[100.07016,9.58641],[99.92628,9.56599],[99.94663,9.4182],[100.06088,9.46381],[100.07016,9.58641]]],[[[100.03541,9.7956],[99.98764,9.71992],[100.0901,9.66527],[100.03541,9.7956]]],[[[102.39967,12.04316],[102.24952,12.15302],[102.29038,11.97484],[102.4275,11.96137],[102.39967,12.04316]]]]},"properties":{"ISO_A2":"TH","ISO_A2_EH":"TH","ADM0_A3":"THA","ISO_A3":"THA","ADMIN":"Thailand"}},
{"type":"Feature","geometry":{"type":"Polygon","coordinates":[[[12.42945,43.89206],[12.48216,43.98257],[12.38563,43.92453],[12.42945,43.89206]]]},"properties":{"ISO_A2":"SM","ISO_A2_EH":"SM","ADM0_A3":"SMR","ISO_A3":"SMR","ADMIN":"San Marino"}},
{"type":"Feature","geometry":{"type":"MultiPolygon","coordinates":[[[[-71.75744,19.71011],[-71.82144,19.65668],[-72.02766,19.69961],[-72.77603,19.94392],[-73.07433,19.91234],[-73.1671,19.93769],[-73.43244,19.77896],[-73.4095,19.63597],[-73.2211,19.64964],[-73.01887,19.60074],[-72.69913,19.44587],[-72.80337,19.23192],[-72.71646,19.10395],[-72.81835,19.07856],[-72.54955,18.78563],[-72.32506,18.67137],[-72.37141,18.52558],[-72.62829,18.55414],[-72.75499,18.42939],[-73.52668,18.52351],[-73.60473,18.49828],[-74.15998,18.65917],[-74.42626,18.60822],[-74.48917,18.42939],[-74.33092,18.28604],[-74.18342,18.29328],[-73.96776,18.14143],[-73.87328,18.02619],[-73.84488,18.11469],[-73.64631,18.25873],[-73.31045,18.25129],[-72.88589,18.14143],[-72.54955,18.18236],[-72.5563,18.22085],[-72.07177,18.23754],[-71.92809,18.18378],[-71.77623,18.03925],[-71.70934,18.31325],[-71.91217,18.43074],[-72.00984,18.59881],[-71.84158,18.61799],[-71.71885,18.78423],[-71.7837,18.99631],[-71.63911,19.21211],[-71.77652,19.3275],[-71.70386,19.41463],[-71.75744,19.71011]]],[[[-72.85058,20.08853],[-72.96036,20.06123],[-72.6389,19.98485],[-72.85058,20.08853]]],[[[-73.25866,18.87849],[-73.03742,18.75959],[-72.80875,18.7204],[-72.8461,18.82709],[-73.20079,18.9687],[-73.25866,18.87849]]]]},"properties":{"ISO_A2":"HT","ISO_A2_EH":"HT","ADM0_A3":"HTI","ISO_A3":"HTI","ADMIN":"Haiti"}},
{"type":"Feature","geometry":{"type":"Polygon","coordinates":[[[-71.75744,19.71011],[-71.70386,19.41463],[-71.77652,19.3275],[-71.63911,19.21211],[-71.7837,18.99631],[-71.71885,18.78423],[-71.84158,18.61799],[-72.00984,18.59881],[-71.91217,18.43074],[-71.70934,18.31325],[-71.77623,18.03925],[-71.6588,17.95332],[-71.67931,17.76529],[-71.51488,17.73778],[-71.41723,17.6048],[-71.28209,17.85399],[-71.06111,18.14208],[-71.04825,18.31],[-70.93248,18.26154],[-70.70385,18.43012],[-70.60143,18.41185],[-70.55285,18.20425],[-70.17178,18.23143],[-70.01659,18.41136],[-69.88366,18.47102],[-69.61681,18.45734],[-69.52526,18.40843],[-69.23632,18.45051],[-68.8496,18.37482],[-68.76024,18.21035],[-68.65844,18.21092],[-68.58894,18.38227],[-68.45568,18.35786],[-68.33406,18.5773],[-68.35619,18.65656],[-68.73973,18.96442],[-68.97936,19.03286],[-69.05443,18.97748],[-69.60847,19.09345],[-69.60293,19.22899],[-69.25365,19.18354],[-69.1643,19.30703],[-69.23127,19.36335],[-69.3356,19.2934],[-69.53942,19.33942],[-69.73347,19.28657],[-69.86799,19.42528],[-69.89794,19.63597],[-70.0421,19.67845],[-70.13142,19.62214],[-70.30134,19.65766],[-70.4337,19.77521],[-70.62369,19.76655],[-70.83096,19.90253],[-71.01842,19.93549],[-71.17223,19.83405],[-71.50463,19.91035],[-71.66674,19.88569],[-71.75744,19.71011]]]},"properties":{"ISO_A2":"DO","ISO_A2_EH":"DO","ADM0_A3":"DOM","ISO_A3":"DOM","ADMIN":"Dominican Republic"}},
{"type":"Feature","geometry":{"type":"Polygon","coordinates":[[[14.06491,13.07799],[14.41817,13.08114],[14.58488,12.74636],[14.81918,12.63882],[14.90827,12.3269],[14.9031,12.14588],[15.04945,12.08459],[15.04201,11.90238],[15.11094,11.7829],[15.0694,11.66079],[15.13564,11.53082],[15.06061,11.41613],[15.02123,11.18255],[15.06588,10.79312],[15.30142,10.31175],[15.53614,10.08052],[15.68124,9.99128],[15.38297,9.9302],[15.21492,9.9841],[14.73247,9.92381],[14.44049,9.99531],[14.1817,9.97818],[13.9476,9.63776],[14.32133,9.24316],[14.34954,9.16836],[14.95509,8.67622],[15.03126,8.65875],[15.1837,8.47915],[15.34535,8.13599],[15.44074,7.83942],[15.56291,7.79245],[15.48105,7.52326],[15.66853,7.51629],[15.7939,7.458],[16.02634,7.57489],[16.37081,7.6725],[16.4074,7.79606],[16.54869,7.87001],[16.62455,7.66868],[16.76862,7.55024],[16.88065,7.63287],[17.1163,7.68687],[17.25086,7.82283],[17.67978,7.9852],[17.89785,7.96747],[18.07045,8.0192],[18.58928,8.04788],[18.67259,8.20751],[18.81304,8.27642],[19.12414,8.67508],[18.86968,8.86411],[19.10057,9.01527],[19.36939,9.00038],[19.88946,9.04637],[20.1096,9.15117],[20.43517,9.13813],[20.54183,9.32163],[20.82615,9.41808],[20.99606,9.6483],[21.01735,9.74359],[21.27129,9.98725],[21.3395,9.95991],[21.54497,10.22],[21.65628,10.23367],[21.75105,10.41182],[21.72263,10.63672],[22.00386,10.74327],[22.04861,10.83699],[22.17635,10.81621],[22.25304,10.9153],[22.46047,11.00083],[22.86106,10.91915],[22.95646,11.2088],[22.91481,11.3961],[22.78179,11.39889],[22.62811,11.50984],[22.53705,11.68089],[22.6124,12.0728],[22.45809,12.03043],[22.48145,12.17667],[22.37283,12.46312],[22.44569,12.61107],[22.20488,12.74336],[22.05874,12.6367],[21.93595,12.63954],[21.80945,12.79367],[21.93513,13.05915],[22.13997,13.19351],[22.26761,13.33456],[22.19589,13.58046],[22.07372,13.77136],[22.24353,13.97543],[22.53147,14.12263],[22.44104,14.24986],[22.42492,14.47044],[22.36352,14.54353],[22.46543,14.62929],[22.66635,14.68174],[22.65084,14.81615],[22.7389,14.97981],[22.90551,15.11257],[22.96566,15.2239],[22.92566,15.56394],[23.09464,15.70426],[23.32057,15.68132],[23.5927,15.74901],[23.98441,15.72116],[23.98348,16.94114],[23.98275,17.87023],[23.98131,19.49612],[23.24016,19.8621],[22.25211,20.35008],[21.63447,20.65497],[20.52281,21.20393],[19.16413,21.87489],[18.17598,22.36282],[17.43483,22.7288],[15.9851,23.44472],[14.97991,22.99566],[15.17202,21.99339],[15.1804,21.50727],[15.30101,21.40133],[15.60931,20.95066],[15.5442,20.79899],[15.95399,20.37457],[15.96298,20.31923],[15.73602,19.90354],[15.65158,18.94939],[15.58316,18.17388],[15.47195,16.91675],[15.45242,16.87623],[14.36897,15.74963],[13.83392,15.0196],[13.76053,14.86636],[13.76436,14.71908],[13.64628,14.63906],[13.62426,14.52131],[13.48226,14.48359],[13.44918,14.38013],[13.60731,13.7041],[14.06491,13.07799]]]},"properties":{"ISO_A2":"TD","ISO_A2_EH":"TD","ADM0_A3":"TCD","ISO_A3":"TCD","ADMIN":"Chad"}},
{"type":"Feature","geometry":{"type":"MultiPolygon","coordinates":[[[[47.94801,29.99405],[47.67418,30.09822],[47.35823,30.09212],[47.11049,29.96091],[46.85345,29.44456],[46.53244,29.09575],[47.43409,28.99459],[47.59682,28.60882],[47.66813,28.53351],[48.43278,28.54048],[48.39357,28.74339],[48.32879,28.75996],[48.15846,29.01728],[48.10027,29.34995],[47.98574,29.39376],[47.70472,29.36363],[47.96553,29.5763],[48.18092,29.56222],[48.02174,29.77973],[47.94801,29.99405]]],[[[48.35271,29.70978],[48.18873,29.98355],[48.04607,29.80048],[48.22902,29.59992],[48.35271,29.70978]]]]},"properties":{"ISO_A2":"KW","ISO_A2_EH":"KW","ADM0_A3":"KWT","ISO_A3":"KWT","ADMIN":"Kuwait"}},
{"type":"Feature","geometry":{"type":"Polygon","coordinates":[[[-90.09831,13.7314],[-89.83715,13.59683],[-89.80805,13.52686],[-89.25145,13.47232],[-88.78567,13.24527],[-88.43484,13.18366],[-87.92821,13.15864],[-87.79808,13.26565],[-87.81717,13.40656],[-87.70361,13.815],[-87.80846,13.90864],[-88.01532,13.86636],[-88.08754,13.98054],[-88.49682,13.8512],[-88.49542,13.97514],[-88.83876,14.10041],[-88.95717,14.18518],[-89.10748,14.39597],[-89.15398,14.3513],[-89.36162,14.41548],[-89.39818,14.44537],[-89.59835,14.32799],[-89.53094,14.22557],[-89.70987,14.14872],[-89.76227,14.03],[-89.83585,14.05909],[-90.09904,13.85851],[-90.09831,13.7314]]]},"properties":{"ISO_A2":"SV","ISO_A2_EH":"SV","ADM0_A3":"SLV","ISO_A3":"SLV","ADMIN":"El Salvador"}},
{"type":"Feature","geometry":{"type":"Polygon","coordinates":[[[-89.36162,14.41548],[-89.24568,14.57299],[-89.16039,14.58128],[-89.1445,14.7083],[-89.23145,14.86731],[-89.14052,15.07639],[-88.97343,15.1404],[-88.39899,15.5728],[-88.22094,15.72565],[-88.61986,15.95327],[-88.55028,15.83926],[-88.59838,15.70612],[-88.78734,15.85908],[-88.91397,15.89395],[-89.17745,15.90027],[-89.23413,15.95495],[-89.1492,17.03627],[-89.1605,17.81431],[-90.25965,17.81535],[-90.9909,17.80196],[-90.99199,17.25192],[-91.43077,17.25497],[-91.29042,17.18908],[-91.06687,16.91819],[-90.73531,16.74658],[-90.54372,16.49021],[-90.37985,16.36727],[-90.44489,16.30836],[-90.42613,16.16315],[-90.48574,16.0707],[-91.72378,16.06879],[-91.75189,16.04631],[-92.20465,15.28951],[-92.07381,15.07371],[-92.15421,14.99593],[-92.16173,14.70233],[-92.24626,14.54628],[-91.76256,14.18017],[-91.31646,13.95568],[-90.91033,13.91114],[-90.70728,13.92889],[-90.40116,13.85859],[-90.09831,13.7314],[-90.09904,13.85851],[-89.83585,14.05909],[-89.76227,14.03],[-89.70987,14.14872],[-89.53094,14.22557],[-89.59835,14.32799],[-89.39818,14.44537],[-89.36162,14.41548]]]},"properties":{"ISO_A2":"GT","ISO_A2_EH":"GT","ADM0_A3":"GTM","ISO_A3":"GTM","ADMIN":"Guatemala"}},
{"type":"Feature","geometry":{"type":"MultiPolygon","coordinates":[[[[124.45053,-9.18019],[124.19077,-9.25514],[124.03004,-9.34197],[124.12109,-9.42692],[124.19746,-9.37317],[124.25751,-9.50123],[124.42794,-9.29948],[124.45053,-9.18019]]],[[[124.91951,-8.96202],[124.94786,-9.07851],[125.08681,-8.98622],[125.16237,-9.06063],[125.14252,-9.1891],[124.95411,-9.2415],[125.06162,-9.48577],[125.37875,-9.28102],[125.60939,-9.18621],[125.94711,-9.12575],[126.16586,-8.98838],[126.43019,-8.95468],[126.58326,-8.80584],[126.8462,-8.75254],[127.00929,-8.67669],[127.31324,-8.41522],[127.18629,-8.33245],[126.96705,-8.30901],[126.84213,-8.39105],[126.54884,-8.48675],[126.41163,-8.41912],[126.0691,-8.52158],[125.89772,-8.48113],[125.63087,-8.52158],[125.1443,-8.63144],[125.10035,-8.77825],[124.91951,-8.96202]]],[[[125.56935,-8.19638],[125.5923,-8.30731],[125.65065,-8.14284],[125.56935,-8.19638]]]]},"properties":{"ISO_A2":"TL","ISO_A2_EH":"TL","ADM0_A3":"TLS","ISO_A3":"TLS","ADMIN":"East Timor"}},
{"type":"Feature","geometry":{"type":"MultiPolygon","coordinates":[[[[115.14617,4.90852],[115.02978,4.82064],[115.03549,4.62124],[115.113,4.38237],[115.36074,4.32956],[115.27248,4.47466],[115.27268,4.63677],[115.14617,4.90852]]],[[[114.9817,4.88907],[115.05779,5.0541],[114.72267,4.87604],[114.52931,4.69379],[114.25172,4.59268],[113.99879,4.60114],[114.24556,4.48143],[114.28267,4.26491],[114.41992,4.26013],[114.58663,4.02144],[114.76688,4.13182],[114.8479,4.42374],[114.78217,4.49779],[114.75179,4.73852],[114.94836,4.81893],[114.9817,4.88907]]]]},"properties":{"ISO_A2":"BN","ISO_A2_EH":"BN","ADM0_A3":"BRN","ISO_A3":"BRN","ADMIN":"Brunei"}},
{"type":"Feature","geometry":{"type":"Polygon","coordinates":[[[7.43745,43.74336],[7.40697,43.76351],[7.36575,43.72273],[7.43745,43.74336]]]},"properties":{"ISO_A2":"MC","ISO_A2_EH":"MC","ADM0_A3":"MCO","ISO_A3":"MCO","ADMIN":"Monaco"}},
{"type":"Feature","geometry":{"type":"Polygon","coordinates":[[[-4.82161,24.99507],[-3.44854,24.10602],[-2.52323,23.501],[-1.83004,23.04782],[-0.96358,22.48127],[-0.01041,21.85815],[1.14652,21.10171],[1.16854,20.73346],[1.2967,20.73346],[1.64396,20.52268],[1.64923,20.41209],[1.89139,20.23179],[2.07122,20.21326],[2.18243,20.27851],[2.4004,20.05656],[2.946,19.94165],[3.21679,19.79406],[3.19829,19.5924],[3.251,19.36546],[3.10268,19.15356],[3.30836,18.98168],[4.22861,19.14224],[5.74934,19.4337],[5.83761,19.47863],[6.60996,20.14285],[7.48273,20.87258],[8.63449,21.5515],[9.72331,22.19343],[11.08437,22.99576],[11.96886,23.51735],[11.56713,24.26684],[11.50863,24.31381],[10.72067,24.5523],[10.3918,24.47998],[10.26034,24.57664],[10.19336,24.74994],[10.03203,24.85634],[10.02138,25.26802],[9.9695,25.3954],[9.40116,26.11339],[9.4826,26.35255],[9.83576,26.50422],[9.91059,26.84312],[9.82553,26.92058],[9.72135,27.29188],[9.8216,27.50569],[9.93591,27.86672],[9.77695,28.26758],[9.85126,28.786],[9.82615,29.12853],[9.66771,29.60832],[9.54968,29.80232],[9.28654,30.11713],[9.51971,30.22891],[9.26443,31.21934],[9.04501,32.07184],[9.01989,32.10486],[8.35999,32.50102],[8.28288,32.83637],[8.08682,33.09429],[7.75072,33.20766],[7.69315,33.45411],[7.55301,33.65875],[7.47983,33.8939],[7.51745,34.09503],[7.77429,34.26096],[7.83154,34.41439],[8.09406,34.53014],[8.23648,34.64765],[8.24888,34.90195],[8.31368,35.10308],[8.4313,35.24173],[8.3174,35.28948],[8.32361,35.65219],[8.24144,35.82774],[8.31709,36.14591],[8.34924,36.44878],[8.16992,36.52583],[8.40794,36.64262],[8.4067,36.76799],[8.64255,36.8485],[8.60251,36.93951],[8.49757,36.9042],[8.23317,36.95808],[7.90846,36.84956],[7.77345,36.88996],[7.7986,36.9936],[7.58888,36.98762],[7.38347,37.08299],[7.18165,37.08295],[7.2505,37.02314],[7.15699,36.9147],[6.90943,36.89305],[6.58326,36.98981],[6.46241,37.09394],[6.33872,37.06928],[6.19703,36.90233],[5.86883,36.82294],[5.7588,36.8334],[5.46485,36.66523],[5.23585,36.65095],[5.10483,36.78132],[4.78712,36.89541],[4.44068,36.91161],[4.10483,36.88373],[3.82749,36.91291],[3.4607,36.77509],[3.2378,36.81306],[3.17937,36.74283],[2.93312,36.80858],[2.63299,36.60513],[2.3733,36.63386],[1.91383,36.57022],[1.04477,36.48688],[0.86476,36.37739],[0.66326,36.33259],[0.12729,36.05077],[0.03452,35.86327],[-0.12389,35.78693],[-0.34854,35.90705],[-0.47948,35.89004],[-0.52343,35.77969],[-0.68261,35.71735],[-0.82502,35.76854],[-1.19034,35.56615],[-1.26773,35.39033],[-1.51036,35.29548],[-1.76114,35.12962],[-2.05236,35.07502],[-2.22256,35.0893],[-2.19379,35.0036],[-1.76953,34.74134],[-1.87112,34.59665],[-1.70297,34.47968],[-1.80963,34.37245],[-1.67475,34.10596],[-1.74074,33.6866],[-1.61274,33.52147],[-1.67423,33.23797],[-1.49952,33.06021],[-1.55879,32.93365],[-1.42334,32.7424],[-1.0475,32.51701],[-1.21798,32.39262],[-1.30516,32.15117],[-1.24956,32.08166],[-2.51615,32.1322],[-2.93873,32.04864],[-2.82784,31.79459],[-3.65951,31.64782],[-3.67348,31.38923],[-3.81922,31.31887],[-3.82746,31.14384],[-3.74886,31.18022],[-3.55467,30.95593],[-3.65951,30.83712],[-3.64553,30.71132],[-3.83423,30.62745],[-4.15571,30.58552],[-4.37237,30.50864],[-4.62397,30.285],[-4.87556,30.18017],[-5.27393,29.88664],[-5.5395,29.52322],[-5.72121,29.52322],[-5.75616,29.61407],[-6.27333,29.57913],[-6.69965,29.51623],[-6.78351,29.44634],[-6.95824,29.50924],[-7.14693,29.50924],[-7.34961,29.38344],[-7.61945,29.38942],[-8.06966,29.07934],[-8.38349,28.90578],[-8.68238,28.6659],[-8.68238,27.66144],[-8.68238,27.28542],[-7.29704,26.47074],[-6.1399,25.79021],[-5.51596,25.42326],[-4.82161,24.99507]]]},"properties":{"ISO_A2":"DZ","ISO_A2_EH":"DZ","ADM0_A3":"DZA","ISO_A3":"DZA","ADMIN":"Algeria"}},
{"type":"Feature","geometry":{"type":"MultiPolygon","coordinates":[[[[32.11388,-26.84001],[32.35222,-26.86027],[32.89308,-26.84612],[32.95444,-26.07887],[32.84246,-26.28867],[32.68084,-26.18816],[32.51661,-25.94996],[32.68702,-25.88592],[32.87273,-25.54388],[33.15309,-25.36582],[33.72918,-25.10508],[34.48268,-24.85125],[34.64894,-24.81276],[35.10646,-24.59791],[35.4935,-24.11053],[35.54322,-23.86321],[35.39479,-23.84189],[35.34116,-23.96364],[35.36036,-23.69362],[35.39926,-23.73919],[35.47853,-23.17685],[35.60613,-22.91473],[35.52076,-22.90765],[35.49269,-22.56487],[35.54225,-22.40993],[35.47739,-22.09148],[35.39088,-22.27158],[35.39405,-22.48773],[35.31153,-22.41302],[35.33579,-22.08912],[35.27101,-21.64414],[35.15162,-21.45387],[35.02491,-21.08489],[35.12013,-20.9664],[34.99334,-20.73016],[34.85182,-20.67083],[34.66456,-20.42848],[34.77687,-20.13502],[34.74334,-19.89007],[34.88006,-19.86338],[35.1268,-19.70501],[35.44166,-19.41766],[35.66228,-19.13299],[36.03061,-18.90569],[36.13307,-18.80413],[36.24431,-18.88323],[36.23813,-18.69411],[36.29542,-18.78021],[36.41619,-18.775],[36.4795,-18.57643],[36.88738,-18.18906],[37.08644,-17.86907],[37.334,-17.68108],[37.90887,-17.35516],[38.59547,-17.09442],[39.09051,-16.98382],[39.12916,-16.86785],[39.69825,-16.53216],[39.82065,-16.40667],[39.78338,-16.30193],[39.99236,-16.22243],[40.16456,-15.91562],[40.42579,-15.615],[40.58839,-15.47763],[40.68165,-15.233],[40.60963,-15.16131],[40.75904,-14.98561],[40.72625,-14.88689],[40.83546,-14.80234],[40.84254,-14.46445],[40.76075,-14.40374],[40.65659,-14.44915],[40.63624,-14.33994],[40.73243,-14.33994],[40.6963,-14.18255],[40.62257,-14.25042],[40.53858,-14.16448],[40.65056,-14.03191],[40.5394,-13.63641],[40.5892,-12.95794],[40.52703,-12.81894],[40.64682,-12.7553],[40.57814,-12.70631],[40.56202,-12.53004],[40.48032,-12.48431],[40.53207,-12.39072],[40.4922,-12.25009],[40.53688,-11.99684],[40.42945,-11.64153],[40.46583,-11.38519],[40.34881,-11.31707],[40.50652,-11.18743],[40.56609,-11.01393],[40.4961,-10.95574],[40.62029,-10.84092],[40.48536,-10.76214],[40.59213,-10.65789],[40.43686,-10.47479],[40.00813,-10.81112],[39.7605,-10.9431],[39.48268,-10.99922],[39.28663,-11.15415],[38.89626,-11.16769],[38.65421,-11.2758],[38.49226,-11.41346],[38.25661,-11.27714],[38.07078,-11.25585],[37.87524,-11.3191],[37.78367,-11.55888],[37.42782,-11.72259],[37.1065,-11.6581],[37.0324,-11.56487],[36.82011,-11.57356],[36.74704,-11.66647],[36.56297,-11.73127],[36.49486,-11.68094],[36.19968,-11.70151],[36.16806,-11.57872],[35.93975,-11.43413],[35.82637,-11.41346],[35.57626,-11.60518],[35.4235,-11.57655],[34.96462,-11.57356],[34.60712,-11.59113],[34.56381,-11.8309],[34.38005,-12.10386],[34.35401,-12.19946],[34.49446,-12.68739],[34.54934,-13.15909],[34.54531,-13.32575],[34.6406,-13.49235],[34.89444,-13.53473],[35.08409,-13.70423],[35.45575,-14.13696],[35.52282,-14.26275],[35.85304,-14.66748],[35.9043,-14.88689],[35.78451,-15.19519],[35.84053,-15.4172],[35.79568,-16.00496],[35.69759,-16.10749],[35.37462,-16.14098],[35.25876,-16.27151],[35.21442,-16.48421],[35.13194,-16.53765],[35.27819,-16.70074],[35.31023,-16.8506],[35.29193,-17.12934],[35.0813,-17.12407],[35.03655,-17.03591],[35.11344,-16.96026],[35.09577,-16.81732],[35.00451,-16.81463],[34.52475,-16.30076],[34.38522,-16.18645],[34.3877,-16.037],[34.23319,-15.88983],[34.24714,-15.79412],[34.40403,-15.64685],[34.41013,-15.48128],[34.56908,-15.27116],[34.58417,-14.98446],[34.5018,-14.5757],[34.34408,-14.38739],[33.88892,-14.48816],[33.7204,-14.48971],[33.64485,-14.60174],[33.43918,-14.38067],[33.20271,-14.01387],[32.22737,-14.33902],[31.65841,-14.51958],[31.41088,-14.63358],[30.81577,-14.76824],[30.21447,-14.98146],[30.28795,-15.27891],[30.36919,-15.37472],[30.39626,-15.63599],[30.40257,-16.00124],[30.85742,-15.99814],[30.97308,-16.06202],[31.1141,-15.9969],[31.25998,-16.02347],[31.40457,-16.16227],[31.68611,-16.20723],[31.91028,-16.42892],[32.29046,-16.45176],[32.67178,-16.59976],[32.69866,-16.68678],[32.96851,-16.68162],[32.82878,-16.93514],[33.02246,-17.36147],[32.93657,-17.49831],[33.00665,-17.58099],[32.9991,-17.79431],[32.93688,-17.87503],[32.95228,-18.23305],[33.03497,-18.33288],[32.99641,-18.46714],[32.87074,-18.53577],[32.88521,-18.78784],[32.69142,-18.83425],[32.69106,-19.01429],[32.81999,-19.02835],[32.86226,-19.11806],[32.76335,-19.46398],[32.82537,-19.47917],[32.83105,-19.68515],[32.96096,-19.6588],[33.0328,-19.78417],[33.00727,-20.03201],[32.88531,-20.10301],[32.84521,-20.28667],[32.64646,-20.55797],[32.51314,-20.56458],[32.46911,-20.68685],[32.49722,-20.8981],[32.33981,-21.13406],[32.40854,-21.29033],[31.43382,-22.30205],[31.28892,-22.39734],[31.2791,-22.41532],[31.53635,-23.15698],[31.52147,-23.41557],[31.64229,-23.58786],[31.74119,-23.83679],[31.85581,-23.94655],[31.86946,-24.16379],[31.98655,-24.42311],[31.99162,-25.65022],[31.90997,-25.84297],[31.94924,-25.9581],[32.07058,-26.00978],[32.03988,-26.28367],[32.10706,-26.50029],[32.11388,-26.84001]]],[[[39.90954,-16.27583],[39.83235,-16.29977],[39.9033,-16.40981],[39.90954,-16.27583]]]]},"properties":{"ISO_A2":"MZ","ISO_A2_EH":"MZ","ADM0_A3":"MOZ","ISO_A3":"MOZ","ADMIN":"Mozambique"}},
{"type":"Feature","geometry":{"type":"Polygon","coordinates":[[[31.94924,-25.9581],[31.83457,-25.98208],[31.4269,-25.74365],[31.30928,-25.75739],[31.11984,-25.91004],[30.96987,-26.20915],[30.78291,-26.47239],[30.80244,-26.8089],[30.88021,-26.77221],[30.97607,-27.03504],[31.15704,-27.20557],[31.52653,-27.31089],[31.96826,-27.31626],[31.94211,-27.10067],[31.99007,-26.80828],[32.11388,-26.84001],[32.10706,-26.50029],[32.03988,-26.28367],[32.07058,-26.00978],[31.94924,-25.9581]]]},"properties":{"ISO_A2":"SZ","ISO_A2_EH":"SZ","ADM0_A3":"SWZ","ISO_A3":"SWZ","ADMIN":"eSwatini"}},
{"type":"Feature","geometry":{"type":"Polygon","coordinates":[[[30.5546,-2.40063],[30.37859,-2.30306],[30.20749,-2.33924],[30.13912,-2.43081],[29.93169,-2.31691],[29.90327,-2.64909],[29.82359,-2.7635],[29.69755,-2.80825],[29.33969,-2.82644],[29.30661,-2.66015],[29.12973,-2.597],[29.01537,-2.72071],[28.9949,-2.81363],[29.23463,-3.04658],[29.20667,-3.33452],[29.21504,-3.89986],[29.33948,-4.09324],[29.40418,-4.4498],[29.73284,-4.46334],[29.80033,-4.36392],[30.00301,-4.27193],[30.14977,-4.08683],[30.20878,-3.93046],[30.33699,-3.77377],[30.46892,-3.51301],[30.63914,-3.41948],[30.64054,-3.33287],[30.79975,-3.27458],[30.82549,-2.97858],[30.49326,-2.94127],[30.4158,-2.85166],[30.52256,-2.6494],[30.44267,-2.68113],[30.5546,-2.40063]]]},"properties":{"ISO_A2":"BI","ISO_A2_EH":"BI","ADM0_A3":"BDI","ISO_A3":"BDI","ADMIN":"Burundi"}},
{"type":"Feature","geometry":{"type":"Polygon","coordinates":[[[29.01537,-2.72071],[29.12973,-2.597],[29.30661,-2.66015],[29.33969,-2.82644],[29.69755,-2.80825],[29.82359,-2.7635],[29.90327,-2.64909],[29.93169,-2.31691],[30.13912,-2.43081],[30.20749,-2.33924],[30.37859,-2.30306],[30.5546,-2.40063],[30.83438,-2.34533],[30.88781,-2.08251],[30.79696,-1.92934],[30.83789,-1.83684],[30.83102,-1.59416],[30.73753,-1.40668],[30.55532,-1.31842],[30.47179,-1.06684],[30.35275,-1.06076],[30.14718,-1.34508],[29.8979,-1.46962],[29.83609,-1.32948],[29.57792,-1.38839],[29.3585,-1.50993],[29.14931,-1.79932],[29.15055,-2.15041],[28.85884,-2.4182],[28.89134,-2.6527],[29.01537,-2.72071]]]},"properties":{"ISO_A2":"RW","ISO_A2_EH":"RW","ADM0_A3":"RWA","ISO_A3":"RWA","ADMIN":"Rwanda"}},
{"type":"Feature","geometry":{"type":"MultiPolygon","coordinates":[[[[92.57588,21.97757],[92.59025,21.49554],[92.64285,21.29844],[92.57061,21.24728],[92.52451,21.36113],[92.32266,21.4619],[92.18365,21.3172],[92.17497,21.17561],[92.26515,21.0611],[92.38111,20.70014],[92.45362,20.66852],[92.65317,20.41828],[92.73121,20.25918],[92.75099,20.49852],[92.83155,20.47895],[92.89332,20.32954],[92.77215,20.20148],[92.89845,20.13569],[93.04127,20.33202],[92.97023,20.12946],[93.13453,19.83405],[93.12989,20.0751],[93.37485,20.08853],[93.44654,19.95136],[93.74537,19.91657],[93.60141,19.78343],[93.76108,19.67487],[93.73121,19.63255],[93.92384,19.46239],[93.98439,19.46406],[93.98732,19.38671],[93.92994,19.29975],[93.83424,19.23819],[93.62135,19.33438],[93.55299,19.43057],[93.49781,19.31391],[93.67888,19.0196],[93.93043,18.85863],[93.95541,19.1269],[94.05323,19.22138],[94.0381,18.85912],[94.15309,18.82103],[94.24879,18.63886],[94.24497,18.53925],[94.417,18.31395],[94.4922,18.02595],[94.44744,17.97333],[94.615,17.54556],[94.55388,17.54361],[94.59449,17.2923],[94.51197,17.27521],[94.46469,16.94965],[94.27312,16.53815],[94.21461,16.0148],[94.34002,15.99624],[94.50701,16.1896],[94.51564,16.28726],[94.64373,16.28352],[94.68385,16.36408],[94.67018,16.50967],[94.72169,16.37849],[94.66521,16.25764],[94.67888,16.12128],[94.56235,15.96186],[94.7212,15.85668],[94.8694,16.04096],[94.84685,15.7906],[94.9756,15.76415],[95.05502,15.84614],[95.07057,16.07486],[95.12892,16.14838],[95.12574,15.81761],[95.29713,15.90298],[95.29444,15.72785],[95.43198,15.73363],[95.66472,15.94921],[95.73227,16.12727],[95.8899,16.24396],[96.28534,16.36599],[96.33644,16.43944],[96.24635,16.55488],[96.17115,16.77155],[96.25758,16.8159],[96.26596,16.59683],[96.43626,16.47777],[96.61594,16.518],[96.80104,16.73737],[96.91017,17.06684],[96.84938,17.21296],[96.90455,17.37531],[97.06861,17.25137],[97.19899,16.99746],[97.25545,16.69787],[97.32983,16.67985],[97.37029,16.48355],[97.65284,16.53986],[97.64991,16.28384],[97.58229,16.0091],[97.71225,15.88768],[97.7614,15.49055],[97.72641,15.33959],[97.80714,15.17495],[97.79477,14.88032],[97.84254,14.73631],[97.94988,14.7989],[97.88551,14.65595],[97.9935,14.33051],[98.10857,14.13264],[98.0617,14.01008],[98.11085,13.90217],[98.10328,13.701],[98.16041,13.69025],[98.23365,14.00263],[98.2448,13.71406],[98.43165,13.47875],[98.47999,13.28388],[98.57846,13.18675],[98.6277,12.75625],[98.6893,12.7281],[98.62306,12.55817],[98.70973,12.5124],[98.60515,12.42894],[98.69996,12.36396],[98.55201,12.27961],[98.59669,12.194],[98.6963,12.24177],[98.6338,12.09032],[98.72023,11.9643],[98.549,11.87865],[98.6941,11.89289],[98.60328,11.75361],[98.68434,11.68281],[98.76808,11.76195],[98.71795,11.53189],[98.77491,11.45352],[98.69801,11.38801],[98.75929,11.26895],[98.65821,11.13199],[98.71241,10.92438],[98.56324,10.72728],[98.45932,10.7154],[98.52849,10.3642],[98.49073,10.20433],[98.54314,9.98745],[98.74741,10.35053],[98.79131,10.52042],[98.76672,10.68875],[98.97445,10.8242],[99.00153,10.95763],[99.21299,11.10826],[99.63002,11.81577],[99.46631,12.12603],[99.38704,12.46591],[99.39376,12.58978],[99.21413,12.73465],[99.1021,13.17134],[99.19015,13.2295],[99.15253,13.71488],[98.94531,14.06914],[98.54771,14.37768],[98.41821,14.60756],[98.24334,14.80512],[98.165,15.1258],[98.28302,15.28997],[98.39227,15.25824],[98.39692,15.35573],[98.53355,15.32597],[98.56714,15.45255],[98.54306,15.73537],[98.58378,15.97696],[98.65871,16.11628],[98.83545,16.14455],[98.90335,16.36345],[98.81043,16.43962],[98.68238,16.27348],[98.63163,16.46313],[98.45666,16.72322],[98.52053,16.81412],[98.43619,17.01157],[98.10061,17.30261],[97.98278,17.50544],[97.76895,17.67918],[97.67614,17.83033],[97.75406,17.96903],[97.56059,18.32826],[97.45258,18.33361],[97.3791,18.52078],[97.50953,18.49128],[97.74569,18.57106],[97.71913,18.86464],[97.65784,18.92572],[97.8108,19.11222],[97.76709,19.39753],[97.83985,19.55532],[98.00831,19.63911],[98.02454,19.80298],[98.30731,19.68999],[98.53262,19.67585],[98.80785,19.80654],[98.88371,19.74546],[99.00877,19.84592],[99.01683,20.041],[99.1175,20.11779],[99.29568,20.0625],[99.4414,20.10162],[99.52584,20.19618],[99.42063,20.37555],[99.65193,20.30682],[99.94204,20.44403],[100.0993,20.31781],[100.21133,20.69739],[100.38367,20.8317],[100.53669,20.80767],[100.65213,20.87661],[100.5157,20.88648],[100.54345,21.0274],[100.63756,21.06967],[100.72541,21.31167],[100.79197,21.29736],[101.00343,21.40598],[101.15902,21.55269],[101.11887,21.75981],[100.87749,21.67733],[100.70396,21.51641],[100.45669,21.45502],[100.32652,21.52427],[100.18715,21.42789],[100.08999,21.52892],[100.14632,21.64922],[99.95026,21.72116],[99.94241,22.04553],[99.43861,22.12423],[99.25289,22.10279],[99.14447,22.15353],[99.24307,22.39316],[99.35779,22.49548],[99.30797,22.74518],[99.41339,22.93075],[99.53804,22.92643],[99.49308,23.05738],[99.31407,23.12647],[99.21661,23.05738],[99.02644,23.16045],[98.85901,23.17939],[98.8896,23.40679],[98.78087,23.53285],[98.85736,23.60435],[98.77788,23.7693],[98.66367,23.79695],[98.66326,23.96955],[98.85622,24.0838],[98.86573,24.14569],[98.58523,24.07572],[98.50327,24.12127],[98.18153,24.11866],[97.88997,24.02262],[97.63707,23.86356],[97.51646,23.94283],[97.70766,24.1253],[97.71841,24.27767],[97.63986,24.43929],[97.51956,24.43078],[97.53609,24.74503],[97.77298,24.85469],[97.70332,24.96042],[97.82362,25.26161],[97.88894,25.20565],[98.10836,25.38889],[98.14009,25.61146],[98.33263,25.56697],[98.50947,25.83806],[98.61003,25.8006],[98.6924,25.87899],[98.54554,26.10564],[98.70553,26.17494],[98.64218,26.25452],[98.75555,26.62504],[98.71452,26.86203],[98.73778,27.04869],[98.67256,27.1756],[98.70419,27.30417],[98.67928,27.57734],[98.41025,27.68425],[98.38328,27.55579],[98.2947,27.53662],[98.10712,27.97307],[98.11869,28.14079],[97.85907,28.37013],[97.74001,28.38261],[97.67045,28.51128],[97.54622,28.53847],[97.44783,28.2976],[97.3235,28.21748],[97.2929,28.09508],[97.33352,27.89416],[97.22293,27.89972],[96.87019,27.61909],[96.90512,27.40841],[97.13477,27.12734],[97.02677,27.09147],[96.8427,27.18852],[96.75888,27.34174],[96.5869,27.35358],[96.51094,27.2925],[96.14259,27.25751],[96.01319,27.1908],[95.88886,27.02703],[95.77796,26.99515],[95.5913,26.82374],[95.48981,26.81072],[95.39266,26.69176],[95.20487,26.66757],[95.04064,26.47559],[95.04632,26.24796],[95.15123,26.04994],[95.00064,25.92204],[95.00881,25.73714],[94.76438,25.49168],[94.608,25.39463],[94.55013,25.24528],[94.68914,25.13852],[94.70857,25.02589],[94.5895,24.74725],[94.51633,24.70495],[94.28999,24.31676],[94.19025,23.99528],[94.09971,23.84263],[93.99791,23.91697],[93.80371,23.93606],[93.6124,24.00905],[93.45665,23.95996],[93.36829,24.07848],[93.30297,24.04114],[93.3748,23.73902],[93.43236,23.64732],[93.3749,23.12973],[93.29883,23.01795],[93.13822,23.00526],[93.17553,22.88171],[93.07952,22.77272],[93.09915,22.51196],[93.16592,22.38659],[93.14174,22.18728],[93.02453,22.2019],[92.97896,21.99535],[92.8539,22.02414],[92.68378,22.15431],[92.57588,21.97757]]],[[[98.29567,10.0489],[98.12745,9.96011],[98.13347,9.84561],[98.29567,10.0489]]],[[[98.27833,11.79979],[98.18702,11.44644],[98.28354,11.50943],[98.27833,11.79979]]],[[[98.53533,11.80362],[98.39373,11.79401],[98.39129,11.66299],[98.53533,11.52924],[98.53533,11.80362]]],[[[98.60353,11.96743],[98.43092,12.10065],[98.47804,11.89094],[98.60353,11.96743]]],[[[98.46632,12.58373],[98.3156,12.68745],[98.30201,12.33796],[98.39129,12.36152],[98.46632,12.58373]]],[[[94.82797,15.93203],[94.72486,15.81196],[94.80372,15.79658],[94.82797,15.93203]]],[[[94.66212,16.22187],[94.64283,16.24551],[94.48536,16.05899],[94.38966,16.00092],[94.41725,15.87177],[94.62965,16.07518],[94.66212,16.22187]]],[[[97.58937,16.41527],[97.52052,16.51089],[97.45216,16.44941],[97.45927,16.30136],[97.57136,16.22269],[97.58937,16.41527]]],[[[93.74537,18.79999],[93.62176,18.91035],[93.48414,18.87499],[93.64527,18.67935],[93.74537,18.79999]]],[[[93.97071,19.41694],[93.82,19.4715],[93.68816,19.55948],[93.64178,19.49201],[93.80275,19.27668],[93.96583,19.36302],[93.97071,19.41694]]]]},"properties":{"ISO_A2":"MM","ISO_A2_EH":"MM","ADM0_A3":"MMR","ISO_A3":"MMR","ADMIN":"Myanmar"}},
{"type":"Feature","geometry":{"type":"MultiPolygon","coordinates":[[[[92.57588,21.97757],[92.57702,22.16867],[92.49588,22.69562],[92.35222,22.96033],[92.35687,23.28912],[92.2528,23.60931],[92.15079,23.73165],[92.00351,23.64742],[91.93664,23.72354],[91.94078,23.49518],[91.74368,23.27233],[91.79556,23.0895],[91.58607,22.94447],[91.4636,23.18412],[91.37213,23.26189],[91.37089,23.06278],[91.3005,23.14231],[91.22733,23.46878],[91.14082,23.6121],[91.21627,23.90839],[91.33906,23.99523],[91.36303,24.09985],[91.55868,24.08967],[91.73293,24.23428],[91.8645,24.15059],[91.92186,24.34451],[92.10759,24.40598],[92.25218,24.90298],[92.38075,24.8367],[92.45806,24.95328],[92.30354,25.07429],[92.00175,25.18296],[91.47104,25.13392],[91.2357,25.20193],[90.82198,25.14229],[90.73796,25.16942],[90.36464,25.14999],[89.90813,25.29691],[89.79502,25.37416],[89.83439,25.63477],[89.78695,25.83915],[89.83439,25.93175],[89.65838,26.20786],[89.56278,26.14259],[89.54909,25.96886],[89.35148,25.99686],[89.13159,26.13376],[89.09573,26.33452],[88.95016,26.43694],[88.89187,26.36878],[89.03971,26.24719],[88.808,26.23344],[88.65627,26.41513],[88.39789,26.55869],[88.31387,26.48154],[88.46114,26.45389],[88.3087,26.2061],[88.1638,26.14047],[88.0744,25.90814],[88.12773,25.77491],[88.22746,25.80427],[88.41944,25.65378],[88.53029,25.5002],[88.77234,25.50196],[88.84903,25.32719],[88.97532,25.30264],[88.92416,25.16787],[88.59912,25.19314],[88.43148,25.17304],[88.4258,25.05106],[88.31361,24.8683],[88.20245,24.9453],[88.02179,24.6456],[88.13879,24.49525],[88.47541,24.31547],[88.74981,24.22325],[88.67808,24.15429],[88.71415,23.92516],[88.59359,23.86692],[88.5401,23.64995],[88.76789,23.46728],[88.71002,23.24122],[88.9547,23.18381],[88.8513,23.07513],[88.84277,22.96457],[88.94452,22.84801],[88.90814,22.74078],[89.0604,22.12987],[89.10467,21.81586],[89.17408,21.81005],[89.22926,21.64395],[89.38266,21.92133],[89.36964,21.74331],[89.46583,21.78132],[89.52182,21.96231],[89.53712,21.75381],[89.70069,21.78486],[89.88722,21.90009],[89.83595,22.04947],[89.88038,22.28824],[89.93442,21.99771],[90.08579,22.00023],[90.02443,21.86245],[90.18483,21.80097],[90.27272,21.85741],[90.38746,22.10261],[90.43865,22.076],[90.61346,22.31489],[90.60662,22.46577],[90.48992,22.7202],[90.40642,22.76309],[90.47633,22.8841],[90.54005,22.89655],[90.45362,23.07233],[90.5656,23.07587],[90.60662,23.24722],[90.2588,23.44457],[90.59913,23.39118],[90.66733,23.26765],[90.62721,23.08666],[90.77418,22.77806],[90.95493,22.57583],[91.12734,22.52703],[91.24157,22.5754],[91.1819,22.72647],[91.45631,22.78482],[91.67604,22.53461],[91.85524,22.1092],[91.9157,21.86245],[91.99,21.79483],[92.00538,21.5043],[91.95973,21.42398],[92.04526,21.29955],[92.0525,21.15477],[92.19288,20.99567],[92.30104,20.76227],[92.26515,21.0611],[92.17497,21.17561],[92.18365,21.3172],[92.32266,21.4619],[92.52451,21.36113],[92.57061,21.24728],[92.64285,21.29844],[92.59025,21.49554],[92.57588,21.97757]]],[[[91.93556,21.76],[91.84791,21.68879],[91.87713,21.48102],[91.9839,21.6092],[91.93556,21.76]]],[[[91.14885,22.35706],[91.0748,22.38859],[91.06329,22.08985],[91.18679,22.22776],[91.14885,22.35706]]],[[[91.46756,22.58631],[91.44652,22.45324],[91.55518,22.40203],[91.46756,22.58631]]],[[[90.79055,22.49533],[90.65056,22.78742],[90.57862,22.75703],[90.55877,22.60293],[90.64747,22.54829],[90.688,22.37763],[90.60776,22.07233],[90.69166,22.00703],[90.83619,22.17817],[90.85502,22.43467],[90.79055,22.49533]]],[[[90.64525,22.84929],[90.48683,22.87043],[90.45574,22.7674],[90.52099,22.71177],[90.64525,22.84929]]],[[[90.66733,22.95303],[90.58619,23.0349],[90.5241,22.95303],[90.66733,22.95303]]]]},"properties":{"ISO_A2":"BD","ISO_A2_EH":"BD","ADM0_A3":"BGD","ISO_A3":"BGD","ADMIN":"Bangladesh"}},
{"type":"Feature","geometry":{"type":"Polygon","coordinates":[[[1.70701,42.50278],[1.72199,42.60986],[1.4293,42.59539],[1.50847,42.42868],[1.70701,42.50278]]]},"properties":{"ISO_A2":"AD","ISO_A2_EH":"AD","ADM0_A3":"AND","ISO_A3":"AND","ADMIN":"Andorra"}},
{"type":"Feature","geometry":{"type":"Polygon","coordinates":[[[74.54235,37.02167],[74.38257,37.12657],[74.48727,37.22595],[74.72146,37.29778],[74.89231,37.23111],[74.66038,37.39397],[74.22392,37.40335],[74.16326,37.33007],[73.79821,37.22853],[73.61766,37.23318],[73.75346,37.42839],[73.48526,37.48097],[73.27608,37.45947],[73.06751,37.31506],[72.76096,37.1875],[72.65771,37.02883],[72.25981,36.96731],[71.83658,36.69916],[71.61106,36.70484],[71.43112,37.06699],[71.48704,37.26706],[71.49717,37.56655],[71.59773,37.89836],[71.5012,37.94621],[71.25826,37.92647],[71.36451,38.20682],[71.33438,38.28066],[70.97405,38.47367],[70.76109,38.44352],[70.59577,38.33818],[70.4826,38.13736],[70.26153,37.93929],[70.17213,37.94608],[70.28308,37.70483],[70.15787,37.54143],[69.89525,37.61817],[69.52866,37.58603],[69.37838,37.43741],[69.4452,37.23641],[69.24568,37.10389],[68.96543,37.32914],[68.66886,37.27829],[68.6269,37.20626],[68.30728,37.11422],[68.27778,37.01007],[68.01113,36.93087],[67.78535,37.09655],[67.78054,37.18887],[67.48237,37.27736],[67.23675,37.19241],[67.00592,37.38439],[66.51959,37.36418],[66.29443,37.33121],[65.76144,37.57838],[65.66884,37.52055],[65.62409,37.34514],[65.50141,37.24228],[65.06309,37.23323],[64.76016,37.09262],[64.77876,36.93847],[64.59201,36.62107],[64.60586,36.46108],[64.44457,36.24999],[64.26613,36.15247],[64.12335,36.14606],[64.04511,35.99873],[63.92197,36.03372],[63.6023,35.96266],[63.34293,35.85626],[63.12527,35.86024],[63.21442,35.69927],[63.07665,35.6247],[63.08021,35.43706],[62.91821,35.38818],[62.62107,35.22271],[62.45891,35.28188],[62.30202,35.14752],[62.21902,35.30627],[62.03382,35.42399],[61.5387,35.45231],[61.34419,35.6309],[61.26968,35.6185],[61.29004,35.54806],[61.10834,35.27795],[61.11589,35.05988],[61.06545,34.81472],[60.94753,34.63799],[60.69969,34.5164],[60.89047,34.31891],[60.64367,34.30664],[60.48678,34.09428],[60.52802,33.84145],[60.51179,33.63839],[60.65555,33.55989],[60.87962,33.5487],[60.81864,33.40489],[60.5676,33.15129],[60.57752,32.99434],[60.83032,32.24889],[60.77493,32.02719],[60.82174,31.49467],[61.66118,31.38191],[61.82633,31.03459],[61.7852,30.8314],[60.84438,29.85818],[61.61343,29.6385],[62.47751,29.40782],[63.56861,29.49748],[64.08609,29.38661],[64.1726,29.4843],[64.4777,29.57037],[65.03637,29.54016],[66.19563,29.83534],[66.34053,29.95657],[66.22524,30.04442],[66.30089,30.2256],[66.32182,30.43737],[66.26798,30.60139],[66.36626,30.92287],[66.55003,30.97697],[66.69699,31.19582],[66.94328,31.31473],[67.02287,31.23939],[67.3462,31.20776],[67.74944,31.32801],[67.77036,31.39467],[67.59699,31.42568],[67.56898,31.52986],[67.7267,31.53141],[68.04658,31.6884],[68.15913,31.82591],[68.49802,31.72525],[68.52748,31.82297],[68.67579,31.7747],[68.77728,31.61859],[69.00404,31.65109],[69.29885,31.93769],[69.228,32.4213],[69.42913,32.66736],[69.37631,32.77188],[69.47729,32.85683],[69.4685,32.99429],[69.54752,33.07501],[69.88093,33.08925],[70.29445,33.31895],[70.15497,33.50661],[70.10815,33.7273],[69.95752,33.7527],[69.84109,33.94181],[70.00284,34.04379],[70.52198,33.93871],[70.86222,33.96478],[71.06262,34.05425],[71.12205,34.35682],[70.97084,34.46888],[71.0806,34.67292],[71.28948,34.87503],[71.45996,34.94267],[71.63369,35.20312],[71.52983,35.30089],[71.62243,35.42962],[71.59349,35.54936],[71.34157,35.94726],[71.16592,36.04571],[71.62915,36.45953],[71.73632,36.39592],[72.21361,36.72644],[72.56521,36.8206],[73.64008,36.89664],[74.09432,36.83124],[74.39404,36.99402],[74.54235,37.02167]]]},"properties":{"ISO_A2":"AF","ISO_A2_EH":"AF","ADM0_A3":"AFG","ISO_A3":"AFG","ADMIN":"Afghanistan"}},
{"type":"Feature","geometry":{"type":"Polygon","coordinates":[[[18.49643,42.41633],[18.65415,42.45181],[18.77858,42.27147],[18.87159,42.29047],[19.13917,42.04243],[19.17026,41.93797],[19.36508,41.85236],[19.37487,42.09467],[19.27203,42.18068],[19.41724,42.37411],[19.69929,42.65481],[19.8196,42.46648],[20.06496,42.54676],[20.02475,42.72341],[20.34535,42.82744],[20.33708,42.90697],[20.11694,42.97665],[19.92915,43.11391],[19.78177,43.09647],[19.61868,43.16825],[19.19535,43.5328],[18.90565,43.49063],[19.06967,43.30883],[18.89914,43.3519],[18.67951,43.24948],[18.639,43.02024],[18.45275,42.9934],[18.46743,42.7692],[18.5496,42.63892],[18.43736,42.55921],[18.49643,42.41633]]]},"properties":{"ISO_A2":"ME","ISO_A2_EH":"ME","ADM0_A3":"MNE","ISO_A3":"MNE","ADMIN":"Montenegro"}},
{"type":"Feature","geometry":{"type":"Polygon","coordinates":[[[17.65333,42.89094],[17.81176,42.90986],[17.85847,42.81697],[18.22414,42.62807],[18.43736,42.55921],[18.5496,42.63892],[18.46743,42.7692],[18.45275,42.9934],[18.639,43.02024],[18.67951,43.24948],[18.89914,43.3519],[19.06967,43.30883],[18.90565,43.49063],[19.19535,43.5328],[19.34655,43.60884],[19.48174,43.56083],[19.46169,43.76214],[19.22935,43.95768],[19.55222,43.98342],[19.61888,44.03571],[19.17716,44.28696],[19.12992,44.51832],[19.32836,44.73396],[19.36867,44.88713],[19.17426,44.92542],[19.01582,44.86564],[18.88963,44.86119],[18.68902,45.08025],[18.54112,45.05529],[18.23788,45.15745],[18.01909,45.14944],[17.83574,45.06443],[17.68474,45.16396],[17.5724,45.1204],[17.26895,45.18954],[17.1871,45.14856],[16.92437,45.28452],[16.78629,45.17885],[16.48192,45.19952],[16.34064,45.00594],[16.21299,45.03146],[15.9975,45.21853],[15.78005,45.16029],[15.77344,44.84502],[15.71731,44.78647],[15.8956,44.71856],[16.11646,44.52147],[16.21579,44.20816],[16.6786,43.84068],[16.7126,43.77152],[17.08457,43.51324],[17.28642,43.43738],[17.26761,43.35332],[17.44207,43.15243],[17.58738,43.08213],[17.58066,42.94208],[17.65333,42.89094]]]},"properties":{"ISO_A2":"BA","ISO_A2_EH":"BA","ADM0_A3":"BIH","ISO_A3":"BIH","ADMIN":"Bosnia and Herzegovina"}},
{"type":"Feature","geometry":{"type":"Polygon","coordinates":[[[30.47179,-1.06684],[30.63863,-1.07337],[30.82838,-1.00257],[32.35764,-1.00257],[33.90421,-1.00257],[33.89481,-0.66275],[33.95351,-0.15436],[33.89357,0.10981],[34.08798,0.36737],[34.14957,0.60363],[34.38801,0.81582],[34.50749,1.10252],[34.79791,1.23192],[34.77899,1.38855],[34.97867,1.67595],[34.96751,2.10191],[34.8656,2.34751],[34.92358,2.47732],[34.81868,2.59798],[34.73011,2.85285],[34.57466,2.94613],[34.54562,3.09738],[34.434,3.18203],[34.38398,3.38835],[34.43969,3.66774],[34.16518,3.77083],[34.20497,3.87455],[34.08477,3.87734],[34.06927,4.08802],[33.97708,4.21969],[33.53261,3.77429],[33.19542,3.75706],[33.01724,3.87718],[32.75643,3.76902],[32.3718,3.73107],[32.18778,3.61916],[32.17455,3.5209],[31.94366,3.59126],[31.78099,3.81582],[31.66854,3.70502],[31.50545,3.65986],[31.29502,3.77419],[31.14149,3.78512],[30.94445,3.67929],[30.83954,3.4902],[30.91003,3.39341],[30.8042,3.24601],[30.74508,3.0363],[30.85484,2.89321],[30.70767,2.46228],[30.87179,2.33206],[30.98486,2.39464],[31.05524,2.29025],[31.17756,2.30291],[31.26748,2.17325],[31.24283,2.05117],[31.02584,1.77824],[30.68172,1.50035],[30.47827,1.23863],[30.23886,1.136],[30.14512,0.90315],[29.92828,0.78502],[29.94048,0.49832],[29.83263,0.33698],[29.80064,0.17245],[29.71181,0.09958],[29.62939,-0.4424],[29.61078,-0.86398],[29.556,-0.91948],[29.57792,-1.38839],[29.83609,-1.32948],[29.8979,-1.46962],[30.14718,-1.34508],[30.35275,-1.06076],[30.47179,-1.06684]]]},"properties":{"ISO_A2":"UG","ISO_A2_EH":"UG","ADM0_A3":"UGA","ISO_A3":"UGA","ADMIN":"Uganda"}},
{"type":"Feature","geometry":{"type":"Polygon","coordinates":[[[-75.09501,19.89723],[-75.13704,19.97155],[-75.16438,19.91372],[-75.09501,19.89723]]]},"properties":{"ISO_A2":"-99","ISO_A2_EH":"-99","ADM0_A3":"USG","ISO_A3":"-99","ADMIN":"US Naval Base Guantanamo Bay"}},
{"type":"Feature","geometry":{"type":"MultiPolygon","coordinates":[[[[-75.09501,19.89723],[-74.81298,20.03726],[-74.39297,20.08104],[-74.2674,20.0683],[-74.14196,20.1826],[-74.21361,20.31098],[-74.49498,20.35517],[-74.77184,20.6258],[-74.99836,20.70075],[-75.19489,20.69115],[-75.43969,20.74063],[-75.70885,20.69058],[-75.78392,20.74641],[-75.74401,20.90156],[-75.64875,20.8994],[-75.57848,21.01337],[-75.82177,21.13687],[-76.00219,21.07807],[-76.38756,21.28433],[-76.73469,21.28555],[-76.63659,21.32136],[-76.96264,21.47264],[-77.10725,21.60297],[-77.15307,21.49527],[-77.25805,21.47639],[-77.19542,21.67129],[-77.50756,21.86245],[-77.33654,21.65013],[-77.52497,21.75381],[-77.76089,21.8133],[-77.98522,21.97004],[-78.06505,22.08698],[-78.30142,22.1638],[-78.78185,22.39061],[-79.23876,22.37641],[-79.51183,22.53461],[-79.65172,22.75878],[-79.98786,22.8841],[-80.02457,22.94668],[-80.27961,22.91201],[-80.55679,23.00739],[-80.62222,23.08955],[-81.12072,23.03897],[-81.28629,23.14476],[-81.55256,23.05435],[-81.58117,23.15778],[-82.21935,23.19424],[-82.57551,23.05402],[-83.24645,22.99396],[-83.39346,22.8769],[-83.54133,22.87385],[-83.66894,22.79491],[-84.07828,22.66621],[-84.37393,22.38068],[-84.44567,22.20502],[-84.30818,22.03669],[-84.58332,22.00751],[-84.94725,21.86034],[-84.79971,21.8321],[-84.53604,21.94017],[-84.52135,21.78657],[-84.14216,21.94033],[-84.04161,21.91767],[-83.92544,22.17154],[-83.56115,22.20502],[-83.41547,22.18609],[-83.26012,22.34223],[-83.16686,22.33955],[-83.08609,22.4628],[-82.80069,22.62275],[-82.78067,22.69611],[-81.8775,22.67973],[-81.64325,22.57274],[-81.6835,22.4636],[-82.11874,22.43183],[-82.08825,22.34223],[-81.87971,22.2604],[-81.82445,22.18891],[-81.65148,22.21296],[-81.23912,22.15107],[-81.20519,22.27806],[-81.10367,22.09589],[-80.9921,22.05427],[-80.45092,22.06851],[-80.26993,21.88703],[-80.06725,21.81704],[-79.89537,21.69855],[-79.63927,21.68773],[-79.53966,21.62198],[-79.24942,21.55195],[-78.76651,21.63972],[-78.60782,21.49372],[-78.49474,21.04792],[-78.27204,20.90111],[-78.06554,20.71166],[-77.87751,20.73216],[-77.4934,20.67748],[-77.31485,20.70905],[-77.19542,20.63654],[-77.2399,20.56306],[-77.08243,20.46528],[-77.18175,20.29487],[-77.40136,20.19807],[-77.62043,20.02033],[-77.73721,19.8557],[-77.35851,19.86449],[-77.29825,19.90668],[-76.95889,19.89106],[-76.86644,19.93769],[-76.5244,19.94392],[-76.24816,19.99063],[-75.98009,19.95238],[-75.72183,19.95751],[-75.60473,19.89204],[-75.23286,19.90005],[-75.16019,19.97065],[-75.13704,19.97155],[-75.09501,19.89723]]],[[[-82.56802,21.63654],[-82.69017,21.88182],[-82.9591,21.92512],[-83.07519,21.84317],[-82.98766,21.61978],[-83.02391,21.54841],[-83.1918,21.63032],[-83.07852,21.46922],[-82.83556,21.44473],[-82.59463,21.54182],[-82.56802,21.63654]]],[[[-77.63418,22.05427],[-77.8085,22.09956],[-77.94713,22.07282],[-77.70889,21.91218],[-77.63418,22.05427]]],[[[-77.9973,22.14737],[-77.86343,22.09919],[-77.90233,22.23298],[-77.9973,22.14737]]],[[[-78.19652,22.32917],[-78.02766,22.26602],[-78.10033,22.39688],[-78.29874,22.4204],[-78.19652,22.32917]]],[[[-78.42618,22.46259],[-78.28222,22.45747],[-78.35204,22.54304],[-78.67976,22.55443],[-78.63842,22.49201],[-78.42618,22.46259]]]]},"properties":{"ISO_A2":"CU","ISO_A2_EH":"CU","ADM0_A3":"CUB","ISO_A3":"CUB","ADMIN":"Cuba"}},
{"type":"Feature","geometry":{"type":"MultiPolygon","coordinates":[[[[-89.36162,14.41548],[-89.15398,14.3513],[-89.10748,14.39597],[-88.95717,14.18518],[-88.83876,14.10041],[-88.49542,13.97514],[-88.49682,13.8512],[-88.08754,13.98054],[-88.01532,13.86636],[-87.80846,13.90864],[-87.70361,13.815],[-87.81717,13.40656],[-87.72098,13.35904],[-87.37902,13.37202],[-87.51224,13.28669],[-87.41934,13.11136],[-87.26915,13.02945],[-87.31404,12.98155],[-87.03504,12.97978],[-86.92024,13.09618],[-86.91079,13.23958],[-86.70186,13.3142],[-86.77405,13.65459],[-86.72723,13.76826],[-86.4101,13.74903],[-86.09673,14.04408],[-85.82416,13.84768],[-85.72512,13.84794],[-85.69923,13.9615],[-85.43173,14.13283],[-85.32135,14.28133],[-85.15803,14.33827],[-85.20583,14.40716],[-85.13754,14.57849],[-85.02222,14.6058],[-85.00199,14.74068],[-84.90422,14.81698],[-84.77017,14.80514],[-84.69932,14.67469],[-84.48269,14.61947],[-84.36293,14.71562],[-84.26728,14.67774],[-83.86947,14.77711],[-83.61562,14.87269],[-83.39031,15.03097],[-83.13044,14.99701],[-83.25381,15.04462],[-83.35631,15.22972],[-83.70299,15.402],[-83.52766,15.28437],[-83.76944,15.21922],[-83.77453,15.28571],[-83.99437,15.42154],[-83.98815,15.35236],[-83.82189,15.2707],[-83.92199,15.24787],[-84.08251,15.36009],[-84.08934,15.48298],[-84.00402,15.53758],[-83.89417,15.48518],[-84.29464,15.81101],[-84.64183,15.86291],[-84.47744,15.77876],[-84.68108,15.79427],[-84.67655,15.8762],[-84.99995,15.98794],[-85.25425,15.88409],[-85.48858,15.86957],[-85.69205,15.9715],[-85.91918,16.00373],[-85.99486,15.9007],[-86.20714,15.87401],[-86.33829,15.7814],[-86.47057,15.80419],[-86.87873,15.76415],[-87.34508,15.85033],[-87.50963,15.79865],[-87.72216,15.92292],[-87.951,15.86717],[-88.14525,15.68452],[-88.22094,15.72565],[-88.39899,15.5728],[-88.97343,15.1404],[-89.14052,15.07639],[-89.23145,14.86731],[-89.1445,14.7083],[-89.16039,14.58128],[-89.24568,14.57299],[-89.36162,14.41548]]],[[[-86.60654,16.28503],[-86.31212,16.4125],[-86.53068,16.35618],[-86.60654,16.28503]]]]},"properties":{"ISO_A2":"HN","ISO_A2_EH":"HN","ADM0_A3":"HND","ISO_A3":"HND","ADMIN":"Honduras"}},
{"type":"Feature","geometry":{"type":"MultiPolygon","coordinates":[[[[-78.82868,1.43431],[-78.85505,1.29165],[-78.99169,1.1197],[-79.07185,1.20954],[-79.14733,1.10956],[-79.45653,1.07246],[-79.57177,0.98371],[-79.76561,0.95515],[-79.86217,0.87641],[-80.04621,0.83967],[-80.10863,0.73811],[-80.01696,0.55891],[-80.06646,0.05221],[-80.23185,-0.1397],[-80.37123,-0.22283],[-80.49646,-0.38137],[-80.39174,-0.62549],[-80.46247,-0.61793],[-80.54721,-0.88849],[-80.61632,-0.94141],[-80.81637,-0.94634],[-80.91618,-1.06552],[-80.74426,-1.34377],[-80.84952,-1.61582],[-80.73302,-1.90398],[-80.74498,-2.10291],[-80.87057,-2.2033],[-81.01301,-2.16692],[-80.91364,-2.31878],[-80.65665,-2.41578],[-80.46788,-2.61793],[-80.32055,-2.71063],[-80.07604,-2.4577],[-79.984,-2.60516],[-79.87857,-2.49188],[-79.86189,-2.108],[-79.83947,-2.37705],[-79.72509,-2.56976],[-79.83458,-2.80682],[-79.9532,-3.19744],[-80.03995,-3.27988],[-80.34073,-3.3935],[-80.26566,-3.4264],[-80.22164,-3.76943],[-80.16505,-3.8795],[-80.30463,-4.00518],[-80.48108,-3.99877],[-80.4696,-4.21323],[-80.34527,-4.19845],[-80.48854,-4.39596],[-80.4085,-4.4775],[-80.14025,-4.2831],[-79.83287,-4.47895],[-79.65797,-4.43875],[-79.50721,-4.53156],[-79.52785,-4.61806],[-79.45057,-4.8102],[-79.30322,-4.96125],[-79.06393,-5.01137],[-78.90022,-4.84368],[-78.92861,-4.74746],[-78.67266,-4.55099],[-78.68243,-4.32692],[-78.41358,-3.77181],[-78.36172,-3.40852],[-78.16373,-3.47725],[-78.19641,-3.36367],[-77.94146,-3.05454],[-77.84902,-2.98064],[-76.68459,-2.57364],[-76.09124,-2.12891],[-75.56003,-1.50259],[-75.41258,-0.92392],[-75.22726,-0.96981],[-75.29703,-0.74698],[-75.27204,-0.5257],[-75.43423,-0.40302],[-75.48477,-0.24768],[-75.6376,-0.11146],[-75.45526,-0.16118],[-75.28349,-0.10702],[-75.42141,-0.06217],[-75.64667,0.08542],[-75.78971,0.08439],[-75.92712,0.18102],[-76.05347,0.36355],[-76.31159,0.45853],[-76.41639,0.40189],[-76.40802,0.25451],[-76.58434,0.22257],[-76.89683,0.24531],[-77.11743,0.35755],[-77.20694,0.33419],[-77.42439,0.4083],[-77.46806,0.65087],[-77.64557,0.71629],[-77.67332,0.81964],[-77.84798,0.80925],[-78.12001,0.92124],[-78.57006,1.19585],[-78.82868,1.43431]]],[[[-80.05988,-2.66277],[-80.21068,-2.72487],[-80.26594,-3.01849],[-80.13103,-3.02092],[-79.90282,-2.71746],[-80.05988,-2.66277]]],[[[-89.30809,-0.68564],[-89.41324,-0.71347],[-89.62995,-0.92588],[-89.43472,-0.92929],[-89.27318,-0.75994],[-89.30809,-0.68564]]],[[[-90.19196,-0.53826],[-90.24698,-0.49277],[-90.4877,-0.52549],[-90.54454,-0.68157],[-90.33707,-0.77695],[-90.18822,-0.65154],[-90.19196,-0.53826]]],[[[-91.40111,-0.45289],[-91.39953,-0.30787],[-91.47419,-0.24928],[-91.66857,-0.28493],[-91.60652,-0.45631],[-91.40111,-0.45289]]],[[[-90.56501,-0.28493],[-90.63248,-0.20127],[-90.81037,-0.1513],[-90.87413,-0.27125],[-90.81823,-0.33961],[-90.58678,-0.3637],[-90.56501,-0.28493]]],[[[-90.81143,-0.73064],[-90.95604,-0.60711],[-90.95604,-0.42213],[-91.18456,-0.21103],[-91.2093,-0.01067],[-91.32364,0.13931],[-91.4973,0.10611],[-91.60436,0.00145],[-91.42333,-0.02858],[-91.35196,-0.30722],[-91.23571,-0.38641],[-91.09423,-0.56943],[-91.43586,-0.77842],[-91.50231,-0.89625],[-91.39973,-1.01849],[-91.15978,-1.03021],[-90.9287,-0.97031],[-90.81143,-0.73064]]],[[[-78.90168,1.37417],[-78.9921,1.2683],[-78.91251,1.24527],[-78.90168,1.37417]]],[[[-79.81964,-2.48591],[-79.8818,-2.62694],[-79.77257,-2.54199],[-79.81964,-2.48591]]]]},"properties":{"ISO_A2":"EC","ISO_A2_EH":"EC","ADM0_A3":"ECU","ISO_A3":"ECU","ADMIN":"Ecuador"}},
{"type":"Feature","geometry":{"type":"MultiPolygon","coordinates":[[[[-78.82868,1.43431],[-78.57006,1.19585],[-78.12001,0.92124],[-77.84798,0.80925],[-77.67332,0.81964],[-77.64557,0.71629],[-77.46806,0.65087],[-77.42439,0.4083],[-77.20694,0.33419],[-77.11743,0.35755],[-76.89683,0.24531],[-76.58434,0.22257],[-76.40802,0.25451],[-76.41639,0.40189],[-76.31159,0.45853],[-76.05347,0.36355],[-75.92712,0.18102],[-75.78971,0.08439],[-75.64667,0.08542],[-75.42141,-0.06217],[-75.28349,-0.10702],[-75.2221,-0.0324],[-74.87271,-0.22195],[-74.82465,-0.17048],[-74.41266,-0.57314],[-74.34442,-0.8586],[-74.24019,-0.98686],[-74.06545,-1.00144],[-73.88076,-1.19099],[-73.75472,-1.18334],[-73.63656,-1.25517],[-73.49716,-1.478],[-73.53098,-1.67375],[-73.3403,-1.79219],[-73.18625,-1.79963],[-73.11106,-2.07341],[-73.19777,-2.21356],[-73.08383,-2.34513],[-72.94327,-2.41902],[-72.71832,-2.41985],[-72.64432,-2.33407],[-72.39658,-2.44652],[-72.16146,-2.40569],[-71.96627,-2.32849],[-71.73848,-2.1377],[-71.45649,-2.25511],[-71.42083,-2.37603],[-71.21986,-2.34151],[-70.99272,-2.19744],[-70.70658,-2.32828],[-70.64759,-2.45075],[-70.57861,-2.40548],[-70.35753,-2.48693],[-70.23607,-2.62511],[-70.09497,-2.63255],[-70.05063,-2.71513],[-70.73413,-3.78204],[-70.54429,-3.86524],[-70.3111,-3.82927],[-70.1884,-4.02895],[-69.96495,-4.23648],[-69.9472,-4.20114],[-69.77116,-3.23417],[-69.5657,-2.10597],[-69.39945,-1.18272],[-69.44997,-0.99679],[-69.53924,-0.92061],[-69.62838,-0.73344],[-69.58422,-0.64456],[-69.63208,-0.50689],[-69.94436,-0.30546],[-70.07381,-0.1249],[-70.05425,0.58813],[-69.61916,0.65066],[-69.50371,0.72962],[-69.36256,0.64094],[-69.13745,0.65014],[-69.18926,0.71515],[-69.15239,0.8678],[-69.28881,1.03844],[-69.37085,1.06299],[-69.85219,1.05942],[-69.85617,1.70768],[-69.5803,1.77023],[-69.3524,1.72021],[-68.1633,1.72129],[-68.28025,1.8294],[-68.20082,2.00784],[-67.99825,1.74997],[-67.79046,1.81258],[-67.59295,2.05481],[-67.43973,2.13956],[-67.34061,2.09011],[-67.11716,1.70979],[-67.0736,1.5412],[-67.0982,1.25336],[-67.06523,1.17269],[-66.87506,1.22251],[-66.8825,1.32602],[-67.06683,1.89412],[-67.12099,2.1191],[-67.21767,2.28451],[-67.19762,2.40203],[-67.32542,2.47463],[-67.4852,2.66191],[-67.57559,2.6911],[-67.62659,2.81342],[-67.83862,2.88613],[-67.45218,3.24368],[-67.30465,3.42571],[-67.40392,3.50446],[-67.47141,3.68006],[-67.63176,3.76187],[-67.80493,4.26847],[-67.78198,4.33888],[-67.86508,4.51208],[-67.79309,5.06334],[-67.84368,5.29725],[-67.80978,5.37882],[-67.647,5.48336],[-67.60122,5.82058],[-67.42857,6.03847],[-67.49047,6.20164],[-67.57398,6.26623],[-67.83914,6.30752],[-67.92414,6.23456],[-68.30417,6.17699],[-68.44902,6.195],[-68.63532,6.13588],[-69.06113,6.21784],[-69.2461,6.08066],[-69.31135,6.14622],[-69.44364,6.12224],[-70.09662,6.94444],[-70.31906,6.93829],[-70.52091,7.01559],[-70.57861,7.08582],[-70.90345,7.06319],[-71.18405,6.96257],[-71.28352,7.01885],[-71.6204,7.05213],[-71.83264,6.98645],[-72.081,7.0666],[-72.20621,7.38188],[-72.45131,7.44022],[-72.48335,7.64935],[-72.45177,7.83281],[-72.48779,7.94918],[-72.33576,8.1039],[-72.38677,8.33861],[-72.67543,8.65151],[-72.82669,9.14169],[-72.9364,9.09919],[-73.00972,9.29538],[-73.17617,9.19094],[-73.37782,9.16469],[-72.97763,9.83806],[-72.98771,9.99942],[-72.90756,10.45246],[-72.75439,10.67485],[-72.70613,10.81125],[-72.57647,10.95737],[-72.49932,11.1208],[-72.25659,11.1678],[-71.97108,11.66193],[-71.44946,11.79546],[-71.32751,11.85],[-71.13809,12.01582],[-71.11388,12.09439],[-71.2423,12.3277],[-71.53161,12.44721],[-71.69725,12.4643],[-71.80285,12.32368],[-71.96052,12.2827],[-71.86803,12.20824],[-71.96727,12.15302],[-71.96963,12.25511],[-72.17052,12.23428],[-72.13866,12.10456],[-72.26305,11.88597],[-72.45206,11.79133],[-72.75967,11.69709],[-73.05484,11.49396],[-73.29239,11.29401],[-73.82604,11.27676],[-74.00463,11.35529],[-74.18749,11.31696],[-74.21813,11.07909],[-74.36217,10.7757],[-74.48965,10.84105],[-74.6046,10.78901],[-74.58922,10.88467],[-74.48176,10.85082],[-74.52295,10.99592],[-74.84437,11.10967],[-75.03596,10.91669],[-75.2674,10.79532],[-75.25634,10.70677],[-75.4038,10.68012],[-75.50984,10.58584],[-75.56941,10.42528],[-75.5157,10.319],[-75.70358,10.13443],[-75.53067,10.24067],[-75.58952,9.96419],[-75.70514,9.70066],[-75.57637,9.62109],[-75.62063,9.45285],[-75.81188,9.39155],[-75.81867,9.44619],[-76.07799,9.34382],[-76.16812,9.24698],[-76.25626,9.00739],[-76.67321,8.68041],[-76.89371,8.62035],[-76.94717,8.54548],[-76.77009,8.39802],[-76.732,8.07929],[-76.75723,7.92357],[-76.9337,7.96459],[-76.83227,8.02729],[-76.83227,8.13654],[-76.94254,8.12885],[-76.97631,8.25385],[-77.27473,8.49579],[-77.37352,8.66474],[-77.48873,8.47364],[-77.42232,8.45641],[-77.16901,7.93507],[-77.32161,7.88102],[-77.33974,7.70723],[-77.61332,7.53747],[-77.74024,7.71886],[-77.73424,7.55179],[-77.82018,7.47655],[-77.89584,7.2351],[-77.68883,7.05463],[-77.68261,6.87592],[-77.57335,6.80101],[-77.53799,6.66364],[-77.46264,6.72069],[-77.34301,6.54377],[-77.41511,6.23908],[-77.48436,6.18879],[-77.35302,6.02619],[-77.24645,5.78734],[-77.35562,5.6079],[-77.49083,5.59479],[-77.55223,5.49185],[-77.40827,5.4645],[-77.36058,5.25349],[-77.36669,4.99893],[-77.31957,4.54662],[-77.3872,4.34724],[-77.23632,4.26533],[-77.43517,4.15522],[-77.42504,4.00458],[-77.34618,3.92951],[-77.26427,4.10822],[-77.1892,4.06733],[-77.31176,3.90843],[-77.25316,3.84081],[-77.03156,3.92207],[-77.19542,3.75821],[-77.17081,3.67719],[-77.28478,3.58063],[-77.36705,3.40209],[-77.72179,2.982],[-77.64338,2.89814],[-77.78576,2.79483],[-77.77794,2.5777],[-77.90429,2.57998],[-77.94984,2.67452],[-78.10537,2.6422],[-78.08666,2.51057],[-78.1844,2.5152],[-78.33397,2.64705],[-78.55899,2.44916],[-78.70316,2.1898],[-78.66561,1.98292],[-78.54835,1.92061],[-78.57123,1.78221],[-78.84605,1.82159],[-79.02151,1.63831],[-78.82868,1.43431]]],[[[-78.13142,2.62727],[-78.21642,2.59687],[-78.10729,2.51252],[-78.13142,2.62727]]],[[[-77.90233,2.69623],[-77.88805,2.59382],[-77.78502,2.59382],[-77.90233,2.69623]]],[[[-77.35302,4.26533],[-77.41511,4.3205],[-77.54426,4.23164],[-77.35302,4.26533]]]]},"properties":{"ISO_A2":"CO","ISO_A2_EH":"CO","ADM0_A3":"COL","ISO_A3":"COL","ADMIN":"Colombia"}},
{"type":"Feature","geometry":{"type":"Polygon","coordinates":[[[-62.65036,-22.23446],[-62.63268,-22.29595],[-62.28723,-22.48395],[-62.1708,-22.71732],[-61.95645,-23.03441],[-61.74426,-23.23481],[-61.60515,-23.28927],[-61.49185,-23.41319],[-61.29695,-23.48141],[-61.10986,-23.60698],[-61.00635,-23.80547],[-60.59462,-23.90655],[-60.32802,-24.01796],[-60.03367,-24.00701],[-59.45972,-24.35851],[-59.34097,-24.4876],[-59.00092,-24.64418],[-58.8092,-24.77678],[-58.4734,-24.8513],[-58.31197,-24.99361],[-58.22406,-24.94122],[-57.75407,-25.18089],[-57.55692,-25.45984],[-57.62307,-25.61539],[-57.7537,-25.67275],[-57.87272,-26.0103],[-58.0865,-26.12719],[-58.16996,-26.27033],[-58.24794,-26.75816],[-58.32892,-26.88415],[-58.45981,-26.92817],[-58.51154,-27.06016],[-58.65329,-27.15627],[-58.6042,-27.31626],[-58.51076,-27.27844],[-58.02196,-27.25983],[-57.69779,-27.33352],[-57.53568,-27.40721],[-57.33523,-27.40949],[-57.1801,-27.48731],[-56.90435,-27.41869],[-56.77115,-27.50674],[-56.54644,-27.45507],[-56.36754,-27.58064],[-56.27984,-27.38964],[-56.12455,-27.2989],[-55.91309,-27.32784],[-55.75473,-27.4437],[-55.59133,-27.32836],[-55.59828,-27.16754],[-55.46185,-27.09798],[-55.43085,-26.99639],[-55.2806,-26.93427],[-55.13836,-26.9537],[-55.12578,-26.86358],[-54.97527,-26.78782],[-54.90334,-26.65987],[-54.79306,-26.64499],[-54.63829,-26.19695],[-54.66227,-25.97991],[-54.5879,-25.81083],[-54.64315,-25.68794],[-54.6002,-25.57494],[-54.60981,-25.43276],[-54.42972,-25.13056],[-54.46228,-25.03723],[-54.3213,-24.62837],[-54.26105,-24.32947],[-54.33464,-24.14891],[-54.24529,-24.05062],[-54.63922,-23.80444],[-54.94364,-23.96918],[-55.20086,-24.01951],[-55.39803,-23.97683],[-55.44532,-23.73545],[-55.53053,-23.60347],[-55.53524,-23.22912],[-55.63781,-23.00071],[-55.6312,-22.62678],[-55.74127,-22.53718],[-55.76023,-22.39196],[-55.87439,-22.31734],[-56.1968,-22.27931],[-56.4218,-22.07446],[-56.5113,-22.09141],[-56.66457,-22.25998],[-56.84286,-22.28903],[-57.21379,-22.18815],[-57.38499,-22.21327],[-57.61407,-22.17699],[-57.65449,-22.10454],[-57.84388,-22.14371],[-57.98682,-22.03529],[-57.89561,-21.68844],[-57.92992,-21.45311],[-57.85556,-21.33074],[-57.81758,-20.9536],[-57.94041,-20.79361],[-57.85768,-20.73987],[-57.98062,-20.69274],[-57.9894,-20.43312],[-58.08299,-20.37617],[-58.1588,-20.16512],[-58.17528,-19.82137],[-59.08954,-19.28673],[-60.00638,-19.2981],[-60.83393,-19.46791],[-61.76121,-19.65777],[-61.94425,-20.10415],[-62.2773,-20.57978],[-62.2757,-21.06657],[-62.65036,-22.23446]]]},"properties":{"ISO_A2":"PY","ISO_A2_EH":"PY","ADM0_A3":"PRY","ISO_A3":"PRY","ADMIN":"Paraguay"}},
{"type":"Feature","geometry":{"type":"Polygon","coordinates":[[[-57.64247,-30.19309],[-57.60279,-30.19052],[-57.6117,-30.18296],[-57.64247,-30.19309]]]},"properties":{"ISO_A2":"-99","ISO_A2_EH":"BR","ADM0_A3":"BRI","ISO_A3":"-99","ADMIN":"Brazilian Island"}},
{"type":"Feature","geometry":{"type":"MultiPolygon","coordinates":[[[[-7.41442,37.19282],[-7.52969,37.56717],[-7.3344,37.81193],[-7.2727,37.97701],[-7.02398,38.02256],[-6.9475,38.19664],[-7.10351,38.17359],[-7.35921,38.44636],[-7.27043,38.73751],[-7.05608,38.85515],[-6.97329,39.01395],[-7.16749,39.11348],[-7.32665,39.34132],[-7.31353,39.45744],[-7.55729,39.6798],[-7.03577,39.68926],[-6.8797,40.00919],[-7.0431,40.18137],[-6.79444,40.3564],[-6.85712,40.44213],[-6.81428,40.64718],[-6.83666,40.84025],[-6.94249,41.016],[-6.818,41.05414],[-6.64664,41.26761],[-6.49585,41.29495],[-6.20595,41.57028],[-6.5774,41.73973],[-6.56763,41.92607],[-7.14537,41.98749],[-7.25146,41.8637],[-7.62219,41.83233],[-7.72203,41.89925],[-8.17957,41.81071],[-8.23171,41.88605],[-8.09508,42.04092],[-8.22236,42.15363],[-8.62688,42.05103],[-8.7508,41.96898],[-8.8675,41.85912],[-8.88031,41.73686],[-8.77485,41.46834],[-8.6551,40.9938],[-8.70055,40.77798],[-8.86539,40.27546],[-8.86815,40.12482],[-9.09043,39.57928],[-9.24032,39.42],[-9.39782,39.378],[-9.34059,39.26683],[-9.43664,39.02949],[-9.49169,38.70759],[-9.32178,38.67033],[-9.1125,38.71418],[-9.01154,38.9134],[-8.94262,38.78172],[-9.0524,38.69367],[-9.25267,38.66548],[-9.20036,38.41248],[-8.95489,38.50514],[-8.79507,38.35923],[-8.7744,38.18695],[-8.89485,37.95254],[-8.82067,37.92727],[-8.79786,37.4896],[-8.88137,37.23248],[-8.99787,37.02147],[-8.62678,37.12116],[-8.17915,37.0881],[-7.81957,36.99873],[-7.41442,37.19282]]],[[[-16.78869,32.68667],[-16.68977,32.75487],[-16.91975,32.84121],[-17.2521,32.81452],[-17.14297,32.70555],[-16.9768,32.6472],[-16.78869,32.68667]]],[[[-25.19782,37.86441],[-25.45848,37.82966],[-25.85949,37.85391],[-25.70425,37.74405],[-25.50569,37.70673],[-25.19473,37.74071],[-25.19782,37.86441]]],[[[-28.10949,38.4466],[-28.3745,38.55048],[-28.5489,38.48444],[-28.45954,38.40567],[-28.05419,38.39851],[-28.10949,38.4466]]],[[[-28.60973,38.5974],[-28.8424,38.59943],[-28.72704,38.51488],[-28.60973,38.5974]]],[[[-27.89098,38.60423],[-28.31554,38.75507],[-28.17789,38.64509],[-27.83576,38.54279],[-27.89098,38.60423]]],[[[-27.02013,38.69367],[-27.14428,38.79609],[-27.39171,38.75886],[-27.32763,38.66633],[-27.06029,38.64143],[-27.02013,38.69367]]],[[[-31.20792,39.50861],[-31.26879,39.36465],[-31.13158,39.423],[-31.20792,39.50861]]]]},"properties":{"ISO_A2":"PT","ISO_A2_EH":"PT","ADM0_A3":"PRT","ISO_A3":"PRT","ADMIN":"Portugal"}},
{"type":"Feature","geometry":{"type":"Polygon","coordinates":[[[26.61789,48.25897],[26.80491,48.25827],[26.99761,48.16657],[27.16979,47.97379],[27.30405,47.66655],[27.56315,47.46834],[27.57235,47.3752],[27.80655,47.14462],[28.02804,47.03297],[28.23412,46.66242],[28.24606,46.42787],[28.08612,46.00055],[28.16798,45.63246],[28.06214,45.5936],[28.1995,45.46177],[28.2705,45.52151],[28.48093,45.50198],[28.474,45.65794],[28.73828,45.83757],[28.7576,45.96118],[28.95687,46.00138],[29.01537,46.18261],[28.93351,46.25899],[28.94581,46.45479],[29.16275,46.53809],[29.20068,46.35712],[29.45761,46.48471],[29.59859,46.36306],[29.71413,46.47117],[29.84777,46.34146],[30.08114,46.3742],[29.91609,46.51882],[29.92818,46.80975],[29.55869,46.94574],[29.60303,47.04576],[29.55657,47.32404],[29.40955,47.27975],[29.11743,47.53333],[29.23602,47.87072],[29.12399,47.97599],[28.95036,47.9348],[28.79926,48.11179],[28.51932,48.14913],[28.49002,48.06549],[28.36817,48.23062],[28.07868,48.24491],[27.75177,48.45198],[27.50383,48.47237],[27.17579,48.3618],[26.84279,48.39374],[26.78573,48.29411],[26.61789,48.25897]]]},"properties":{"ISO_A2":"MD","ISO_A2_EH":"MD","ADM0_A3":"MDA","ISO_A3":"MDA","ADMIN":"Moldova"}},
{"type":"Feature","geometry":{"type":"Polygon","coordinates":[[[61.26968,35.6185],[61.34419,35.6309],[61.5387,35.45231],[62.03382,35.42399],[62.21902,35.30627],[62.30202,35.14752],[62.45891,35.28188],[62.62107,35.22271],[62.91821,35.38818],[63.08021,35.43706],[63.07665,35.6247],[63.21442,35.69927],[63.12527,35.86024],[63.34293,35.85626],[63.6023,35.96266],[63.92197,36.03372],[64.04511,35.99873],[64.12335,36.14606],[64.26613,36.15247],[64.44457,36.24999],[64.60586,36.46108],[64.59201,36.62107],[64.77876,36.93847],[64.76016,37.09262],[65.06309,37.23323],[65.50141,37.24228],[65.62409,37.34514],[65.66884,37.52055],[65.76144,37.57838],[66.29443,37.33121],[66.51959,37.36418],[66.51881,37.78271],[66.64578,37.9459],[66.55416,38.02685],[66.30694,38.08039],[66.23108,38.14878],[65.87668,38.27296],[65.60414,38.23741],[65.2053,38.44964],[64.97772,38.61227],[64.6349,38.74415],[64.33734,38.97096],[64.12061,38.96168],[63.70927,39.19089],[63.47755,39.40292],[62.59316,39.89023],[62.45281,40.00924],[62.35328,40.4304],[62.19184,40.49903],[62.04477,40.71498],[61.97082,41.01543],[61.87791,41.12498],[61.47008,41.29717],[61.28136,41.15728],[60.8603,41.25299],[60.41453,41.23526],[60.09424,41.38952],[60.07171,41.51437],[60.16473,41.58496],[60.05828,41.71859],[60.24111,41.80807],[60.08877,41.91936],[59.93177,41.94765],[60.0282,42.19952],[59.86635,42.30422],[59.47816,42.28564],[59.2452,42.36535],[59.122,42.538],[58.89442,42.54784],[58.61227,42.78085],[58.4932,42.64546],[58.28268,42.68892],[58.13064,42.63885],[58.30624,42.52867],[58.49414,42.30571],[58.22573,42.46658],[57.99773,42.49343],[57.85045,42.19143],[57.61977,42.14818],[57.38226,42.16363],[56.95015,41.86605],[57.0196,41.46595],[57.1614,41.36797],[57.01019,41.25412],[56.79346,41.28833],[55.97842,41.32172],[55.6355,41.26436],[55.42952,41.29081],[55.22839,41.47282],[54.95068,41.79556],[54.90707,41.93214],[54.73829,42.04821],[54.19528,42.31806],[54.04717,42.3454],[53.41227,42.25817],[52.97871,42.12663],[52.43767,41.74888],[52.59523,41.63373],[52.56219,41.51948],[52.761,41.37759],[52.88234,41.05044],[52.90398,41.1402],[52.81568,41.38874],[52.90382,41.68977],[52.82146,41.76488],[52.9603,41.98436],[53.16383,42.10371],[53.29672,42.07884],[53.68181,42.14395],[53.89666,42.07884],[53.90284,41.8933],[54.01971,41.73151],[54.08937,41.4748],[54.71608,41.11518],[54.76002,40.96503],[54.6399,40.83877],[54.47495,40.80988],[54.31251,40.9239],[54.2483,40.87499],[54.33107,40.7202],[54.05421,40.71528],[53.72104,40.62568],[53.58741,40.89159],[53.54168,40.76162],[53.10743,40.77391],[52.91652,41.08515],[52.93133,40.97565],[52.82765,40.71149],[52.86313,40.65811],[52.73658,40.48457],[52.69899,40.27387],[52.73846,40.05362],[52.88413,39.94489],[52.91359,40.02167],[53.29005,39.94208],[53.43727,40.00267],[53.56707,39.94953],[53.41521,39.78205],[53.7116,39.5434],[53.57716,39.46784],[53.44679,39.53059],[53.25408,39.52119],[53.24171,39.6363],[53.09474,39.41987],[53.16147,39.17959],[53.21852,39.36384],[53.58131,39.33047],[53.68377,39.08344],[53.87094,39.02839],[53.97755,38.90176],[53.827,38.52546],[53.8589,38.20649],[53.80714,38.03197],[53.82488,37.74486],[53.91375,37.34276],[54.18659,37.32374],[54.78366,37.51745],[54.85663,37.76113],[55.13031,37.95231],[55.42311,38.07589],[55.70867,38.11866],[55.97842,38.06589],[56.29975,38.08024],[56.29706,38.16579],[56.43648,38.25508],[56.739,38.2696],[57.03841,38.18728],[57.21835,38.26508],[57.34433,38.08106],[57.3524,37.96753],[57.69119,37.92027],[58.18118,37.77485],[58.20681,37.67874],[58.37177,37.63037],[58.51429,37.69147],[58.70425,37.64463],[58.80109,37.69465],[59.35165,37.49384],[59.37036,37.31943],[59.57273,37.18339],[60.01921,37.0258],[60.34229,36.63714],[61.07548,36.64779],[61.18596,36.57767],[61.15247,36.40631],[61.22275,36.11754],[61.17397,36.00649],[61.24735,35.87621],[61.26968,35.6185]]]},"properties":{"ISO_A2":"TM","ISO_A2_EH":"TM","ADM0_A3":"TKM","ISO_A3":"TKM","ADMIN":"Turkmenistan"}},
{"type":"Feature","geometry":{"type":"Polygon","coordinates":[[[35.75759,32.74435],[35.56272,32.64421],[35.56096,32.38472],[35.52282,32.05784],[35.55941,31.76535],[35.45813,31.49193],[35.3957,31.25768],[35.43849,31.10374],[35.20532,30.6171],[35.14001,30.43019],[35.14528,30.15491],[34.95558,29.55899],[34.94939,29.35169],[36.01644,29.18995],[36.06946,29.20003],[36.47708,29.49461],[36.75624,29.86552],[37.4702,29.99455],[37.63453,30.31278],[37.98107,30.49948],[37.48002,31.00726],[36.95953,31.491],[38.40017,31.85537],[38.96334,31.99438],[39.14638,32.11814],[39.292,32.24452],[39.23577,32.35286],[39.04633,32.30849],[38.97863,32.47569],[39.05718,32.4966],[38.77451,33.37169],[38.05673,32.99434],[36.81938,32.31679],[36.37311,32.38642],[36.17736,32.52732],[36.06987,32.5166],[35.89572,32.71328],[35.75759,32.74435]]]},"properties":{"ISO_A2":"JO","ISO_A2_EH":"JO","ADM0_A3":"JOR","ISO_A3":"JOR","ADMIN":"Jordan"}},
{"type":"Feature","geometry":{"type":"Polygon","coordinates":[[[88.11822,27.86089],[87.82588,27.90657],[87.72682,27.80776],[87.53159,27.8368],[87.1558,27.8258],[87.03053,27.93809],[86.7398,28.0215],[86.66198,28.10684],[86.54415,28.09302],[86.43884,27.91086],[86.20304,28.00258],[86.15596,28.15653],[86.06873,28.07676],[86.11286,27.9268],[85.98026,27.88517],[85.84828,28.15893],[85.69294,28.33522],[85.61181,28.25115],[85.34536,28.26125],[85.08021,28.31879],[85.07758,28.43568],[85.16801,28.58319],[85.05494,28.63869],[84.91872,28.53568],[84.67776,28.60441],[84.60722,28.6982],[84.45085,28.73388],[84.354,28.86129],[84.23515,28.90002],[84.23143,29.02598],[84.09914,29.247],[83.88344,29.28201],[83.65601,29.16078],[83.51705,29.19171],[83.32797,29.48502],[83.16209,29.62517],[83.07956,29.57964],[82.9759,29.66403],[82.83658,29.65979],[82.54181,29.92324],[82.14453,30.06943],[82.08877,30.33009],[81.77902,30.35805],[81.59159,30.41427],[81.48307,30.3319],[81.38752,30.37391],[81.32241,30.13377],[81.19451,30.00448],[81.09777,30.01693],[80.99602,30.19697],[80.88388,30.21041],[80.47615,29.80614],[80.36898,29.75793],[80.3852,29.60484],[80.21374,29.41689],[80.28009,29.31015],[80.23307,29.13931],[80.13261,29.11021],[80.03639,28.83703],[80.34975,28.62022],[80.49341,28.57565],[80.49755,28.67014],[80.64834,28.61975],[81.00041,28.397],[81.14634,28.37225],[81.30706,28.12381],[81.45821,28.07728],[81.8832,27.84905],[82.05161,27.90517],[82.40193,27.67718],[82.65214,27.70415],[82.75214,27.49496],[83.13279,27.44422],[83.30487,27.33193],[83.36099,27.4622],[83.59043,27.45662],[83.8546,27.34505],[83.83409,27.43404],[84.00767,27.44081],[84.0796,27.50954],[84.28941,27.37611],[84.57704,27.32903],[84.65765,27.20341],[84.64024,27.02838],[84.92405,26.95567],[85.01856,26.8458],[85.16202,26.85102],[85.28728,26.73697],[85.59858,26.85438],[85.68777,26.81185],[85.71289,26.65321],[85.82161,26.57171],[86.01137,26.65445],[86.20288,26.58458],[86.28443,26.61202],[86.7136,26.41457],[87.04133,26.58019],[87.08329,26.43208],[87.32623,26.35333],[87.38421,26.41865],[87.58698,26.37803],[87.87069,26.46071],[87.97549,26.36656],[88.07419,26.45394],[88.16907,26.744],[88.07688,26.99179],[87.97073,27.10274],[88.03512,27.32257],[88.02334,27.49491],[88.15966,27.77412],[88.11822,27.86089]]]},"properties":{"ISO_A2":"NP","ISO_A2_EH":"NP","ADM0_A3":"NPL","ISO_A3":"NPL","ADMIN":"Nepal"}},
{"type":"Feature","geometry":{"type":"Polygon","coordinates":[[[28.98085,-28.90903],[28.69952,-28.68848],[28.6343,-28.57076],[28.40341,-28.61892],[28.31722,-28.70006],[28.15495,-28.70233],[28.01873,-28.85684],[27.74743,-28.90862],[27.61297,-29.13383],[27.45329,-29.29165],[27.41763,-29.39655],[27.24183,-29.549],[27.01487,-29.62558],[27.19884,-29.97853],[27.31278,-30.1316],[27.36616,-30.31102],[27.45939,-30.3166],[27.74361,-30.6003],[28.07878,-30.6588],[28.21603,-30.2674],[28.36409,-30.15929],[28.63968,-30.13149],[28.86003,-30.06638],[29.15065,-29.91114],[29.1058,-29.82557],[29.1613,-29.66692],[29.26734,-29.6261],[29.30382,-29.46683],[29.43591,-29.34239],[29.31178,-29.0898],[29.20843,-29.06892],[28.98085,-28.90903]]]},"properties":{"ISO_A2":"LS","ISO_A2_EH":"LS","ADM0_A3":"LSO","ISO_A3":"LSO","ADMIN":"Lesotho"}},
{"type":"Feature","geometry":{"type":"Polygon","coordinates":[[[11.32208,2.16576],[11.35164,2.30058],[11.6712,2.321],[11.75275,2.28188],[12.20265,2.27955],[12.33401,2.30958],[12.7499,2.23671],[12.80819,2.26405],[13.24289,2.27149],[13.29457,2.16106],[14.26696,2.15243],[14.43295,2.13212],[14.56214,2.20881],[14.76481,2.06546],[14.85701,2.11594],[14.89246,2.00639],[15.09162,1.98443],[15.23373,2.0313],[15.34917,1.9233],[15.48291,1.97585],[15.76465,1.90872],[15.88991,1.79328],[16.02634,1.7523],[16.06985,1.65455],[16.15904,1.73481],[16.06489,1.97895],[16.10437,2.19356],[16.19667,2.23645],[16.09032,2.51049],[16.06262,2.7032],[16.09238,2.86329],[15.914,3.09795],[15.78563,3.10798],[15.1713,3.75897],[15.02599,4.02609],[15.19208,4.05223],[15.0912,4.12179],[15.00056,4.4032],[14.71727,4.62202],[14.62446,5.22405],[14.51987,5.29058],[14.59728,5.41148],[14.63108,5.73805],[14.58477,5.92341],[14.48214,5.90964],[14.39771,6.01917],[14.53496,6.19009],[14.71903,6.25786],[14.93245,6.71029],[15.04221,6.79078],[15.22391,7.24752],[15.40323,7.38637],[15.48105,7.52326],[15.56291,7.79245],[15.44074,7.83942],[15.34535,8.13599],[15.1837,8.47915],[15.03126,8.65875],[14.95509,8.67622],[14.34954,9.16836],[14.32133,9.24316],[13.9476,9.63776],[14.1817,9.97818],[14.44049,9.99531],[14.73247,9.92381],[15.21492,9.9841],[15.38297,9.9302],[15.68124,9.99128],[15.53614,10.08052],[15.30142,10.31175],[15.06588,10.79312],[15.02123,11.18255],[15.06061,11.41613],[15.13564,11.53082],[15.0694,11.66079],[15.11094,11.7829],[15.04201,11.90238],[15.04945,12.08459],[14.9031,12.14588],[14.90827,12.3269],[14.81918,12.63882],[14.58488,12.74636],[14.41817,13.08114],[14.06491,13.07799],[14.17736,12.54559],[14.17984,12.3856],[14.51439,12.32354],[14.66994,12.16742],[14.60431,12.03043],[14.62343,11.91654],[14.54653,11.71861],[14.62136,11.62978],[14.59377,11.49643],[14.16547,11.23833],[13.98233,11.27626],[13.75485,11.01672],[13.74441,10.9305],[13.56628,10.67901],[13.50127,10.49634],[13.43492,10.15341],[13.24796,10.07941],[13.21271,9.87015],[13.26294,9.80173],[13.19545,9.54221],[12.98244,9.47459],[12.86204,9.38289],[12.89935,9.30202],[12.82214,9.09681],[12.80571,8.8315],[12.6604,8.65932],[12.55797,8.60568],[12.36884,8.60958],[12.40387,8.49654],[12.22704,8.38631],[12.19779,7.97517],[12.05495,7.78392],[12.02498,7.59659],[11.73663,7.26328],[11.88132,7.10205],[11.56175,6.87607],[11.50977,6.61231],[11.3195,6.43728],[11.09708,6.44912],[11.05595,6.70037],[10.87745,6.8161],[10.83188,6.94521],[10.60254,7.05807],[10.57866,7.13083],[10.49598,6.87467],[10.23842,6.871],[10.11947,6.99441],[9.87462,6.7877],[9.76982,6.77372],[9.69303,6.53131],[9.60301,6.51519],[8.98847,5.93729],[8.85587,5.8475],[8.81929,5.70345],[8.8937,5.62175],[8.79893,5.15964],[8.60225,4.88133],[8.59417,4.81529],[8.51027,4.52705],[8.70167,4.50129],[8.63868,4.71308],[8.72413,4.58047],[8.93572,4.55329],[8.89479,4.46052],[8.99098,4.21748],[8.9712,4.10077],[9.31373,3.93085],[9.4769,3.91584],[9.71892,4.09955],[9.61891,3.96035],[9.76442,3.95747],[9.6211,3.87482],[9.59425,3.75821],[9.6421,3.53905],[9.78094,3.43675],[9.91969,3.2281],[9.95802,3.08222],[9.87778,2.88142],[9.79957,2.34174],[9.81085,2.26488],[9.991,2.1656],[11.32208,2.16576]]]},"properties":{"ISO_A2":"CM","ISO_A2_EH":"CM","ADM0_A3":"CMR","ISO_A3":"CMR","ADMIN":"Cameroon"}},
{"type":"Feature","geometry":{"type":"Polygon","coordinates":[[[13.29457,2.16106],[13.24289,2.27149],[12.80819,2.26405],[12.7499,2.23671],[12.33401,2.30958],[12.20265,2.27955],[11.75275,2.28188],[11.6712,2.321],[11.35164,2.30058],[11.32208,2.16576],[11.33634,0.99917],[10.02944,1.00351],[9.90863,0.93509],[9.80437,0.99835],[9.66879,1.05817],[9.56153,0.9628],[9.6421,0.59886],[9.60369,0.50536],[9.47779,0.61909],[9.52003,0.68354],[9.31593,0.62617],[9.49806,0.29096],[9.56642,0.31831],[9.79225,0.1811],[9.93629,0.21597],[9.81959,0.11909],[9.49806,0.1092],[9.37867,0.30756],[9.30714,0.319],[9.35532,0.01618],[9.26743,-0.41237],[9.10084,-0.59971],[9.00465,-0.80511],[8.92905,-0.68727],[8.86069,-0.80511],[8.69557,-0.5866],[9.03004,-1.29909],[9.15797,-1.3952],[9.3545,-1.35052],[9.2566,-1.47145],[9.29982,-1.57741],[9.48439,-1.48414],[9.52955,-1.61443],[9.27418,-1.6596],[9.26466,-1.53533],[9.01661,-1.31585],[9.23683,-1.62127],[9.25538,-1.83522],[9.37452,-1.81927],[9.4673,-1.92246],[9.27125,-1.87664],[9.56577,-2.19256],[9.59702,-2.35223],[9.75196,-2.47039],[9.88478,-2.41644],[10.094,-2.56032],[9.97047,-2.58026],[9.72511,-2.48138],[9.90244,-2.70043],[10.45259,-3.13328],[10.63543,-3.31365],[10.64643,-3.45191],[10.98463,-3.71461],[11.02129,-3.85782],[11.11402,-3.93686],[11.21252,-3.69729],[11.48259,-3.50929],[11.64919,-3.67331],[11.81972,-3.71042],[11.89765,-3.66608],[11.82778,-3.54805],[11.94437,-3.30321],[11.68753,-3.17102],[11.77838,-3.02715],[11.63679,-2.83326],[11.53075,-2.86675],[11.61033,-2.67885],[11.55824,-2.34937],[11.75606,-2.4151],[11.93837,-2.32911],[12.06229,-2.41499],[12.45927,-2.32993],[12.49978,-2.09553],[12.4231,-1.89761],[12.58319,-1.8265],[12.80457,-1.91911],[13.01066,-2.28777],[12.96611,-2.36642],[13.18667,-2.36414],[13.46944,-2.43504],[13.69351,-2.20591],[13.74317,-2.09708],[13.90616,-2.3598],[13.88497,-2.48848],[14.08093,-2.49995],[14.23007,-2.35216],[14.15121,-2.25903],[14.23844,-2.12023],[14.25218,-1.96758],[14.37073,-1.92128],[14.4131,-1.71395],[14.36484,-1.61204],[14.46313,-1.54869],[14.46581,-1.22437],[14.39181,-1.02335],[14.49899,-0.63092],[14.46654,-0.55268],[14.2927,-0.43641],[14.15968,-0.45511],[14.12144,-0.30215],[13.83123,-0.20541],[13.92115,-0.05297],[13.87123,0.19642],[13.94523,0.35042],[14.04041,0.41377],[14.07597,0.53945],[14.23182,0.54255],[14.44762,0.81623],[14.46809,0.91323],[14.27472,1.15564],[14.25218,1.33082],[14.18387,1.38085],[13.79474,1.43444],[13.54344,1.28349],[13.35741,1.28907],[13.25023,1.22179],[13.23948,1.42798],[13.14677,1.61225],[13.16217,1.89983],[13.28113,2.04497],[13.29457,2.16106]]]},"properties":{"ISO_A2":"GA","ISO_A2_EH":"GA","ADM0_A3":"GAB","ISO_A3":"GAB","ADMIN":"Gabon"}},
{"type":"Feature","geometry":{"type":"Polygon","coordinates":[[[3.5964,11.69577],[3.66699,11.7597],[3.60395,11.90558],[3.65149,12.26902],[3.6457,12.52854],[3.92909,12.75039],[4.08877,12.99624],[4.12577,13.47298],[4.24845,13.49414],[4.50673,13.69467],[4.85689,13.7741],[4.92511,13.73309],[5.27351,13.75252],[5.37407,13.85525],[5.55432,13.87342],[6.12038,13.65408],[6.36894,13.62628],[6.67254,13.32118],[6.77869,13.13029],[6.90664,13.00686],[7.09009,13.00639],[7.1982,13.11739],[7.39198,13.11253],[7.75558,13.32715],[8.07752,13.31002],[8.39781,13.07541],[8.53352,13.06463],[8.67935,12.92358],[8.94279,12.8472],[9.26939,12.80979],[9.64073,12.82253],[9.93012,13.14597],[10.16153,13.2672],[10.67499,13.3751],[11.44,13.36443],[11.8528,13.24539],[12.05764,13.11677],[12.20141,13.12543],[12.47271,13.06417],[12.56107,13.24276],[12.72437,13.32229],[12.8702,13.46125],[13.02926,13.53918],[13.22811,13.54804],[13.35999,13.71441],[13.60731,13.7041],[13.44918,14.38013],[13.48226,14.48359],[13.62426,14.52131],[13.64628,14.63906],[13.76436,14.71908],[13.76053,14.86636],[13.83392,15.0196],[14.36897,15.74963],[15.45242,16.87623],[15.47195,16.91675],[15.58316,18.17388],[15.65158,18.94939],[15.73602,19.90354],[15.96298,20.31923],[15.95399,20.37457],[15.5442,20.79899],[15.60931,20.95066],[15.30101,21.40133],[15.1804,21.50727],[15.17202,21.99339],[14.97991,22.99566],[14.23172,22.61795],[14.20164,22.62322],[13.59956,23.11903],[13.48226,23.17967],[11.96886,23.51735],[11.08437,22.99576],[9.72331,22.19343],[8.63449,21.5515],[7.48273,20.87258],[6.60996,20.14285],[5.83761,19.47863],[5.74934,19.4337],[4.22861,19.14224],[4.23192,18.15311],[4.23564,16.99586],[4.182,16.80962],[4.18396,16.41605],[4.06056,16.29833],[3.90346,15.88632],[3.87122,15.7148],[3.69221,15.63145],[3.52653,15.49595],[3.5071,15.35397],[3.07302,15.4272],[3.00016,15.33912],[1.33153,15.28362],[0.97372,14.99126],[0.67007,14.93974],[0.51483,14.99356],[0.22126,14.99593],[0.21847,14.91098],[0.21971,14.73122],[0.15294,14.54671],[0.18865,14.44775],[0.38879,14.25161],[0.33916,14.12578],[0.62067,13.67997],[0.75337,13.6841],[0.95098,13.5832],[1.16761,13.31343],[0.98354,13.36841],[0.97175,13.06732],[1.11397,12.99624],[1.53585,12.6475],[1.82607,12.60419],[1.97169,12.72424],[2.10905,12.70563],[2.24496,12.42415],[2.06926,12.38333],[2.07091,12.3069],[2.39017,11.89654],[2.45528,12.00867],[2.36123,12.21889],[2.66385,12.29155],[2.8443,12.39924],[3.25513,12.01875],[3.29275,11.91865],[3.50349,11.82998],[3.5964,11.69577]]]},"properties":{"ISO_A2":"NE","ISO_A2_EH":"NE","ADM0_A3":"NER","ISO_A3":"NER","ADMIN":"Niger"}},
{"type":"Feature","geometry":{"type":"Polygon","coordinates":[[[2.39017,11.89654],[2.07091,12.3069],[2.06926,12.38333],[2.24496,12.42415],[2.10905,12.70563],[1.97169,12.72424],[1.82607,12.60419],[1.53585,12.6475],[1.11397,12.99624],[0.97175,13.06732],[0.98354,13.36841],[1.16761,13.31343],[0.95098,13.5832],[0.75337,13.6841],[0.62067,13.67997],[0.33916,14.12578],[0.38879,14.25161],[0.18865,14.44775],[0.15294,14.54671],[0.21971,14.73122],[0.21847,14.91098],[-0.2367,15.06562],[-0.42573,15.0026],[-0.4679,15.07991],[-0.75289,15.06973],[-1.04332,14.81791],[-1.35027,14.71497],[-1.69692,14.49612],[-1.96703,14.48374],[-2.02341,14.19864],[-2.15188,14.15614],[-2.46168,14.28091],[-2.59738,14.22231],[-2.84085,14.04299],[-2.92806,13.79962],[-2.89524,13.65165],[-3.06751,13.60677],[-3.26706,13.71705],[-3.28395,13.5422],[-3.24863,13.29278],[-3.44854,13.26578],[-3.46159,13.16576],[-3.59688,13.1994],[-3.79863,13.34715],[-3.98404,13.39647],[-3.97161,13.46995],[-4.35107,13.11832],[-4.22932,12.94895],[-4.21188,12.81919],[-4.29723,12.71215],[-4.48525,12.71468],[-4.38689,12.53019],[-4.45164,12.43531],[-4.40613,12.30747],[-4.48817,12.3207],[-4.56047,12.14949],[-4.80681,11.99627],[-4.95375,12.00511],[-5.16782,11.94367],[-5.28249,11.83644],[-5.41235,11.82853],[-5.27954,11.73903],[-5.21831,11.4222],[-5.32233,11.13555],[-5.50733,11.05695],[-5.43142,10.84469],[-5.52258,10.42549],[-5.40253,10.30056],[-5.21758,10.31994],[-4.97452,10.05554],[-4.96607,9.90103],[-4.83846,9.86945],[-4.68108,9.68207],[-4.50396,9.74202],[-4.50171,9.65502],[-4.32255,9.6089],[-4.25309,9.75005],[-4.05367,9.79762],[-3.88971,9.89446],[-3.66166,9.94893],[-3.20256,9.90823],[-3.09456,9.73385],[-2.98999,9.70843],[-2.91015,9.54273],[-2.76368,9.39188],[-2.68921,9.48872],[-2.7953,9.72],[-2.73675,9.83258],[-2.84129,10.34327],[-2.77143,10.42549],[-2.85956,10.46562],[-2.92232,10.72121],[-2.75071,10.98584],[-1.35529,10.99672],[-1.07034,11.0139],[-0.696,10.99403],[-0.63476,10.90797],[-0.30168,11.16294],[-0.16611,11.13498],[0.48662,11.00321],[0.48765,10.93324],[0.67534,10.98853],[0.90147,10.99274],[0.97692,11.07837],[1.11862,11.04824],[1.15634,11.28554],[1.26838,11.24789],[1.43963,11.47377],[1.60159,11.38869],[1.87981,11.44486],[2.01076,11.4269],[2.29105,11.67479],[2.39017,11.89654]]]},"properties":{"ISO_A2":"BF","ISO_A2_EH":"BF","ADM0_A3":"BFA","ISO_A3":"BFA","ADMIN":"Burkina Faso"}},
{"type":"Feature","geometry":{"type":"Polygon","coordinates":[[[-0.16611,11.13498],[0.01621,11.06258],[-0.08813,10.63349],[0.02034,10.58804],[0.17697,10.39769],[0.28311,10.39681],[0.3966,10.28322],[0.3536,10.11551],[0.39391,10.03249],[0.32244,9.76067],[0.2302,9.57575],[0.33378,9.47947],[0.48352,9.47002],[0.53137,9.40111],[0.5047,9.18717],[0.43127,9.02759],[0.50563,8.86633],[0.37443,8.72477],[0.44352,8.60687],[0.61632,8.48876],[0.70521,8.28275],[0.57385,8.20394],[0.61229,7.69943],[0.49943,7.56238],[0.54821,7.38327],[0.64568,7.32359],[0.59803,7.0312],[0.49457,6.97312],[0.51928,6.83225],[0.72743,6.57144],[0.76681,6.41935],[1.1854,6.10049],[1.61964,6.21389],[1.78235,6.27727],[1.74411,6.42573],[1.56603,6.67815],[1.58805,6.88124],[1.53193,6.99193],[1.62567,6.99678],[1.62133,7.99657],[1.60117,9.04953],[1.42527,9.2845],[1.35127,9.59507],[1.33101,9.99647],[0.76877,10.36709],[0.78128,10.69304],[0.86292,10.79609],[0.90147,10.99274],[0.67534,10.98853],[0.48765,10.93324],[0.48662,11.00321],[-0.16611,11.13498]]]},"properties":{"ISO_A2":"TG","ISO_A2_EH":"TG","ADM0_A3":"TGO","ISO_A3":"TGO","ADMIN":"Togo"}},
{"type":"Feature","geometry":{"type":"Polygon","coordinates":[[[-0.16611,11.13498],[-0.30168,11.16294],[-0.63476,10.90797],[-0.696,10.99403],[-1.07034,11.0139],[-1.35529,10.99672],[-2.75071,10.98584],[-2.92232,10.72121],[-2.85956,10.46562],[-2.77143,10.42549],[-2.84129,10.34327],[-2.73675,9.83258],[-2.7953,9.72],[-2.68921,9.48872],[-2.65981,9.2729],[-2.77484,9.05498],[-2.61945,8.92362],[-2.50633,8.20927],[-2.61945,8.1231],[-2.84,7.82025],[-2.94152,7.57716],[-3.04593,7.07125],[-3.1096,7.04639],[-3.22494,6.8494],[-3.26251,6.61714],[-3.1836,6.26391],[-3.11807,6.16348],[-2.9695,5.62144],[-2.78181,5.57889],[-2.73267,5.35572],[-2.78957,5.34686],[-2.75701,5.17987],[-2.8437,5.14912],[-3.1153,5.10782],[-3.11962,5.09134],[-2.69042,5.0102],[-2.3566,4.91962],[-2.09057,4.73713],[-1.74861,4.87718],[-1.56949,5.01879],[-1.23363,5.10074],[-0.99706,5.21678],[-0.79955,5.21483],[-0.63777,5.34089],[-0.50744,5.36884],[-0.37157,5.49274],[0.03452,5.62836],[0.32195,5.7792],[0.72348,5.75544],[0.9144,5.77709],[0.99529,5.83934],[1.09881,6.04702],[1.1854,6.10049],[0.76681,6.41935],[0.72743,6.57144],[0.51928,6.83225],[0.49457,6.97312],[0.59803,7.0312],[0.64568,7.32359],[0.54821,7.38327],[0.49943,7.56238],[0.61229,7.69943],[0.57385,8.20394],[0.70521,8.28275],[0.61632,8.48876],[0.44352,8.60687],[0.37443,8.72477],[0.50563,8.86633],[0.43127,9.02759],[0.5047,9.18717],[0.53137,9.40111],[0.48352,9.47002],[0.33378,9.47947],[0.2302,9.57575],[0.32244,9.76067],[0.39391,10.03249],[0.3536,10.11551],[0.3966,10.28322],[0.28311,10.39681],[0.17697,10.39769],[0.02034,10.58804],[-0.08813,10.63349],[0.01621,11.06258],[-0.16611,11.13498]]]},"properties":{"ISO_A2":"GH","ISO_A2_EH":"GH","ADM0_A3":"GHA","ISO_A3":"GHA","ADMIN":"Ghana"}},
{"type":"Feature","geometry":{"type":"MultiPolygon","coordinates":[[[[-13.72828,12.67339],[-15.19511,12.67943],[-15.67705,12.43929],[-16.23288,12.45288],[-16.4123,12.36173],[-16.72844,12.33253],[-16.57641,12.2827],[-16.45763,12.17194],[-16.30582,12.21442],[-16.33178,12.00463],[-16.13427,11.88886],[-15.9816,11.92129],[-15.86388,12.02949],[-15.95897,11.73481],[-15.83039,11.74836],[-15.35851,11.9632],[-15.1892,11.87124],[-15.43871,11.88544],[-15.55138,11.73314],[-15.46886,11.60578],[-15.34313,11.60493],[-15.22647,11.75511],[-15.0725,11.59553],[-15.34996,11.56338],[-15.4735,11.49445],[-15.50707,11.3579],[-15.41393,11.33641],[-15.40953,11.1896],[-15.23351,11.12255],[-15.23013,10.99482],[-15.12462,11.13199],[-14.99974,11.19896],[-15.09935,11.05769],[-15.02098,10.96748],[-14.82821,11.33479],[-14.68677,11.51072],[-14.52094,11.51289],[-14.27874,11.66508],[-14.01513,11.63712],[-13.87005,11.74368],[-13.72993,11.70983],[-13.72394,12.00278],[-13.97253,12.15156],[-13.84,12.27713],[-13.71182,12.26752],[-13.6634,12.47578],[-13.72828,12.67339]]],[[[-15.9464,11.20026],[-15.98103,11.06623],[-15.87755,11.07364],[-15.9464,11.20026]]],[[[-16.0489,11.11831],[-16.13829,11.18659],[-16.21312,11.05557],[-16.07616,11.03612],[-16.0489,11.11831]]],[[[-16.27554,11.49551],[-16.24804,11.58381],[-16.41942,11.48823],[-16.27554,11.49551]]],[[[-16.02212,11.51215],[-16.03523,11.41999],[-15.89802,11.45352],[-15.95226,11.60676],[-16.02212,11.51215]]],[[[-16.16552,11.87124],[-16.02941,11.76919],[-15.99486,11.89912],[-16.16552,11.87124]]]]},"properties":{"ISO_A2":"GW","ISO_A2_EH":"GW","ADM0_A3":"GNB","ISO_A3":"GNB","ADMIN":"Guinea-Bissau"}},
{"type":"Feature","geometry":{"type":"Polygon","coordinates":[[[-5.35839,36.14111],[-5.34203,36.1105],[-5.33877,36.14112],[-5.35839,36.14111]]]},"properties":{"ISO_A2":"GI","ISO_A2_EH":"GI","ADM0_A3":"GIB","ISO_A3":"GIB","ADMIN":"Gibraltar"}},
{"type":"Feature","geometry":{"type":"MultiPolygon","coordinates":[[[[-122.75302,48.99252],[-122.80809,48.93452],[-122.64965,48.76366],[-122.49885,48.73949],[-122.4403,48.58072],[-122.5006,48.45043],[-122.63305,48.51626],[-122.6466,48.40375],[-122.39175,48.30976],[-122.43594,48.23461],[-122.2128,47.9868],[-122.40612,47.7779],[-122.40905,47.57494],[-122.32527,47.39102],[-122.72248,47.0893],[-122.81713,47.16572],[-123.02941,47.12153],[-122.84602,47.31586],[-122.77278,47.17308],[-122.72594,47.33906],[-122.56851,47.26407],[-122.50792,47.52033],[-122.59585,47.69196],[-122.46837,47.75654],[-122.52807,47.9055],[-122.76354,47.66914],[-122.82848,47.68317],[-122.62621,47.88955],[-122.86832,48.11929],[-122.99682,48.03864],[-123.15003,48.1771],[-123.24693,48.11533],[-124.05018,48.17726],[-124.57489,48.37041],[-124.73461,48.1704],[-124.63813,47.90786],[-124.42276,47.74189],[-124.31781,47.35735],[-124.21171,47.22664],[-124.17189,47.04195],[-123.81306,46.95897],[-124.13048,46.88597],[-124.09338,46.74323],[-123.9,46.74741],[-123.89635,46.54442],[-124.01425,46.38512],[-124.06288,46.65494],[-124.06379,46.35627],[-123.87303,46.24017],[-123.69297,46.3052],[-123.47891,46.27587],[-123.72719,46.17042],[-123.99047,46.20051],[-123.93399,45.97968],[-123.98215,45.76777],[-123.89607,45.56029],[-124.06518,44.82331],[-124.04829,44.63256],[-124.1136,44.30146],[-124.15103,43.88174],[-124.2379,43.54712],[-124.3765,43.34023],[-124.44488,43.03],[-124.54772,42.84545],[-124.41454,42.66242],[-124.43281,42.32931],[-124.35956,42.113],[-124.21697,42.00618],[-124.26289,41.77643],[-124.15946,41.73668],[-124.06215,41.43588],[-124.11141,41.04166],[-124.21384,40.7014],[-124.23974,40.75871],[-124.4092,40.44382],[-124.36351,40.26148],[-124.11579,40.10712],[-123.85402,39.83351],[-123.76977,39.54465],[-123.82492,39.3473],[-123.68908,39.0279],[-123.72624,38.91858],[-123.33698,38.56726],[-123.12873,38.44931],[-122.94965,38.14399],[-123.02745,37.99449],[-122.90684,38.03184],[-122.52843,37.81637],[-122.50232,38.11352],[-122.39652,38.15323],[-122.13029,38.04214],[-122.05516,38.13373],[-121.92882,38.05842],[-122.36631,38.01234],[-122.33151,37.78239],[-122.16278,37.66443],[-122.03864,37.4514],[-122.35852,37.59281],[-122.40864,37.81039],[-122.51517,37.78113],[-122.52047,37.53142],[-122.40034,37.35974],[-122.40446,37.19453],[-122.15364,36.97708],[-121.93724,36.97831],[-121.78981,36.8062],[-121.81426,36.68324],[-121.978,36.57477],[-121.89966,36.3044],[-121.72914,36.19814],[-121.28831,35.66483],[-121.1694,35.63692],[-120.8314,35.33609],[-120.89765,35.24977],[-120.64489,35.13939],[-120.67284,34.90752],[-120.60305,34.70478],[-120.64783,34.58568],[-120.47268,34.45027],[-120.13341,34.47272],[-119.87864,34.40661],[-119.61716,34.42053],[-119.2693,34.25496],[-119.21014,34.15231],[-118.80697,33.99941],[-118.54406,34.03889],[-118.39139,33.83594],[-118.41204,33.74168],[-118.09054,33.73098],[-117.50884,33.33521],[-117.32216,33.1085],[-117.25364,32.88508],[-117.25748,32.70173],[-117.13321,32.68985],[-117.12512,32.53167],[-115.79406,32.63196],[-114.72428,32.71284],[-114.82211,32.50024],[-113.9617,32.23413],[-112.32471,31.72799],[-111.06712,31.33364],[-109.58181,31.32734],[-108.21481,31.32744],[-108.21512,31.77775],[-106.51719,31.77382],[-106.35849,31.71755],[-106.16432,31.4478],[-106.00474,31.39695],[-105.76819,31.18001],[-105.59094,31.07144],[-105.36377,30.85037],[-105.00849,30.67699],[-104.88659,30.55188],[-104.85326,30.41215],[-104.68156,30.19294],[-104.68048,29.94231],[-104.53082,29.66791],[-104.26717,29.52657],[-104.05731,29.33904],[-103.79418,29.27759],[-103.30154,29.00237],[-103.14799,28.98511],[-102.85878,29.22915],[-102.8994,29.2761],[-102.77966,29.5923],[-102.68347,29.74372],[-102.4061,29.77728],[-102.32101,29.89394],[-102.10934,29.80211],[-101.52181,29.76594],[-101.4051,29.77844],[-101.31216,29.59786],[-101.03778,29.46006],[-101.01623,29.39007],[-100.81609,29.27077],[-100.66897,29.11621],[-100.62432,28.92472],[-100.3971,28.59273],[-100.28434,28.29652],[-100.07489,28.15441],[-99.87881,27.90184],[-99.86336,27.80466],[-99.70037,27.65919],[-99.5072,27.57377],[-99.47292,27.42665],[-99.52136,27.31125],[-99.43199,27.20759],[-99.46173,27.05695],[-99.24828,26.8271],[-99.16487,26.54045],[-99.0855,26.40764],[-98.79585,26.36831],[-98.64056,26.24181],[-98.36934,26.19401],[-98.22266,26.07541],[-97.80201,26.06373],[-97.62264,26.00906],[-97.42542,25.85486],[-97.26636,25.96064],[-97.13927,25.96581],[-97.15184,26.07502],[-97.31054,26.12328],[-97.35192,26.35383],[-97.44786,26.42015],[-97.42492,26.5349],[-97.48839,26.77509],[-97.55476,26.82514],[-97.5502,27.00918],[-97.4807,27.02196],[-97.44012,27.27223],[-97.7152,27.26736],[-97.48693,27.40021],[-97.4112,27.33503],[-97.26281,27.67927],[-97.38561,27.83006],[-97.52107,27.8732],[-97.2672,27.87938],[-97.18407,27.83662],[-97.02497,28.04145],[-97.21752,28.07477],[-97.02017,28.20897],[-96.94506,28.12645],[-96.78234,28.2416],[-96.79332,28.47972],[-96.65372,28.31949],[-96.4038,28.43488],[-96.60863,28.57893],[-96.65087,28.72972],[-96.44481,28.59736],[-96.41686,28.72972],[-96.34577,28.63532],[-96.02644,28.65103],[-95.81737,28.73249],[-95.60192,28.76386],[-95.37938,28.88056],[-95.15892,29.04572],[-95.16291,29.20063],[-95.06517,29.20417],[-94.88882,29.37596],[-95.02391,29.54218],[-94.9858,29.67499],[-94.87608,29.66584],[-94.80674,29.78199],[-94.70353,29.75136],[-94.75523,29.52427],[-94.56143,29.57461],[-94.65429,29.45189],[-94.06013,29.68183],[-93.8758,29.67504],[-93.93271,29.77619],[-93.85407,29.98656],[-93.75995,29.96058],[-93.88824,29.80718],[-93.83103,29.70014],[-93.4534,29.77043],[-93.19959,29.77281],[-92.68306,29.60413],[-92.27649,29.53384],[-92.10741,29.62043],[-92.13463,29.73615],[-91.98445,29.83198],[-91.84752,29.83124],[-91.85847,29.71906],[-91.68468,29.75312],[-91.53433,29.534],[-91.26749,29.4958],[-91.21984,29.40445],[-91.32799,29.29487],[-90.88402,29.13378],[-90.84618,29.1822],[-90.64074,29.14061],[-90.60277,29.30756],[-90.42589,29.35041],[-90.28746,29.23518],[-90.22924,29.08666],[-90.0511,29.2294],[-90.06981,29.46003],[-90.18204,29.5795],[-89.7501,29.3922],[-89.81815,29.31616],[-89.4962,29.2294],[-89.38366,29.08784],[-89.1505,29.04816],[-89.03246,29.21662],[-89.20197,29.35293],[-89.54459,29.40815],[-89.66836,29.5218],[-89.70226,29.70978],[-89.33169,29.87987],[-89.47907,30.07998],[-89.6197,29.87987],[-89.81115,29.94717],[-89.63956,30.14057],[-89.78881,30.09886],[-89.88044,30.15485],[-90.03698,30.04027],[-90.3391,30.06607],[-90.43297,30.1433],[-90.2224,30.38758],[-90.0585,30.3603],[-89.96915,30.26472],[-89.75145,30.23737],[-89.7084,30.17528],[-89.45519,30.18155],[-89.33023,30.30288],[-88.85936,30.40811],[-88.74205,30.35407],[-88.5987,30.39501],[-88.47057,30.32388],[-88.30382,30.40127],[-88.12011,30.33832],[-88.02282,30.72358],[-87.94253,30.65974],[-87.94074,30.48314],[-87.76423,30.27953],[-87.65453,30.2521],[-87.34561,30.42768],[-87.44734,30.31314],[-87.32885,30.31973],[-87.15681,30.47451],[-86.9252,30.47016],[-87.0445,30.38959],[-86.68008,30.42231],[-86.20714,30.50487],[-86.1066,30.40058],[-86.3164,30.43598],[-86.36482,30.38076],[-86.06599,30.30606],[-85.67089,30.12295],[-85.40518,29.93513],[-85.30215,29.79792],[-85.3461,29.67837],[-84.88663,29.73005],[-84.50837,29.92207],[-84.34899,29.90205],[-84.38362,30.03193],[-84.26065,30.09956],[-84.02404,30.10659],[-83.68057,29.92129],[-83.52766,29.71601],[-83.40892,29.6673],[-83.40477,29.53168],[-83.21569,29.41059],[-83.02391,29.17475],[-82.80085,29.17475],[-82.72716,28.95917],[-82.63109,28.87299],[-82.66421,28.44794],[-82.78775,28.16055],[-82.82852,27.805],[-82.63777,27.70112],[-82.60473,27.8815],[-82.71886,27.9278],[-82.69099,28.03767],[-82.55883,27.9558],[-82.53962,27.84398],[-82.42174,27.91718],[-82.39818,27.79605],[-82.69839,27.45482],[-82.57364,27.39509],[-82.56184,27.27627],[-82.31383,26.84935],[-82.15026,26.80317],[-82.22232,26.96516],[-82.05704,26.86579],[-82.0821,26.68024],[-82.03905,26.5279],[-81.84386,26.41421],[-81.80089,26.09862],[-81.71849,25.90811],[-81.62271,25.94717],[-81.32168,25.7827],[-81.14916,25.39541],[-80.98078,25.31831],[-80.94465,25.21231],[-81.14835,25.3312],[-81.17711,25.22777],[-81.08654,25.12141],[-80.85497,25.18623],[-80.71093,25.14525],[-80.58064,25.24144],[-80.50617,25.20051],[-80.31432,25.37116],[-80.34244,25.49364],[-80.14061,25.90082],[-80.05362,26.55671],[-80.03824,26.81118],[-80.07555,26.97321],[-80.34537,27.51459],[-80.38097,27.66608],[-80.73827,28.37348],[-80.84813,28.7906],[-80.75235,28.74193],[-80.76594,28.61229],[-80.60945,28.61018],[-80.59406,28.4016],[-80.52823,28.4726],[-80.62706,28.65087],[-80.92211,29.06831],[-81.23888,29.7373],[-81.39493,30.29857],[-81.44026,30.70075],[-81.52233,30.85444],[-81.38598,31.14175],[-81.26989,31.27485],[-81.33337,31.5444],[-81.19628,31.7176],[-80.83568,32.00292],[-80.88756,32.0694],[-80.63683,32.26679],[-80.47077,32.32274],[-80.4298,32.40982],[-80.67797,32.51146],[-80.33121,32.4864],[-79.99547,32.61905],[-79.85098,32.75861],[-79.18346,33.18378],[-79.13313,33.41743],[-78.93798,33.64208],[-78.76334,33.77855],[-78.38492,33.92259],[-78.03234,33.89228],[-77.92162,34.10859],[-77.91112,33.95816],[-77.83267,34.20702],[-77.66832,34.37617],[-77.13687,34.68236],[-76.89611,34.7392],[-76.70197,34.72557],[-76.61596,34.81607],[-76.52278,34.73192],[-76.33568,34.89948],[-76.43977,34.93867],[-76.45376,35.07339],[-76.53987,34.93207],[-76.64244,34.98383],[-76.76195,34.91242],[-76.94026,34.9798],[-77.07933,35.15697],[-76.8391,34.9925],[-76.56054,35.12442],[-76.6752,35.1706],[-76.49283,35.23017],[-76.49706,35.31151],[-76.69408,35.35366],[-76.99405,35.49706],[-76.59976,35.39509],[-76.57519,35.49746],[-76.40233,35.45962],[-76.26871,35.34837],[-76.06509,35.38418],[-75.88634,35.63736],[-75.78392,35.57591],[-75.72183,35.82917],[-75.85285,35.97997],[-75.98998,35.88691],[-76.03091,35.65103],[-76.08556,35.86327],[-76.04833,35.98371],[-76.72985,35.94526],[-76.74291,36.23163],[-76.687,36.0561],[-76.5244,36.0135],[-76.05736,36.16877],[-76.20226,36.3015],[-75.78551,36.08161],[-75.88044,36.30069],[-76.03718,36.5008],[-75.97289,36.4997],[-75.92789,36.7062],[-75.72354,36.05882],[-75.56395,35.89533],[-75.78637,36.28197],[-75.86343,36.59056],[-75.98893,36.91196],[-76.2689,36.96142],[-76.31774,36.88353],[-76.47598,36.9079],[-76.71799,37.15001],[-77.0172,37.29523],[-76.65477,37.23383],[-76.61119,37.11944],[-76.42919,36.9763],[-76.29621,37.01358],[-76.29166,37.13011],[-76.40298,37.23383],[-76.46807,37.21397],[-76.60622,37.29579],[-76.78108,37.53547],[-76.49603,37.24912],[-76.3785,37.27233],[-76.44274,37.37202],[-76.24454,37.44953],[-76.52222,37.61488],[-76.92261,37.98083],[-76.89574,38.00731],[-76.62857,37.81843],[-76.48961,37.65835],[-76.32112,37.62401],[-76.24791,37.90347],[-76.53063,38.02513],[-76.61461,38.15038],[-76.88177,38.17703],[-77.05204,38.32303],[-77.04084,38.39591],[-77.24898,38.32988],[-77.35022,38.40955],[-77.22989,38.65668],[-77.04777,38.71572],[-77.26704,38.49408],[-77.20365,38.3643],[-77.03156,38.48139],[-76.97338,38.34426],[-76.83922,38.25722],[-76.56297,38.19861],[-76.3239,38.04384],[-76.32051,38.13878],[-76.63647,38.47416],[-76.41936,38.32171],[-76.3819,38.38458],[-76.51198,38.52773],[-76.53746,38.89167],[-76.45961,38.91214],[-76.41951,39.08962],[-76.51756,39.17666],[-76.40277,39.22782],[-76.32519,39.40766],[-76.20971,39.36465],[-76.06509,39.47077],[-76.083,39.55781],[-75.93472,39.60419],[-76.03427,39.39288],[-76.17496,39.31623],[-76.27269,39.15155],[-76.24262,39.03326],[-76.06509,39.14614],[-76.24718,38.95116],[-76.10607,38.878],[-76.30983,38.76124],[-76.10607,38.68623],[-76.01166,38.56566],[-76.27742,38.62474],[-76.18179,38.54279],[-76.31896,38.47394],[-76.03791,38.23249],[-76.03718,38.30948],[-75.81867,38.23371],[-75.77969,38.15522],[-75.85802,37.93114],[-75.63313,37.96003],[-75.69457,37.80231],[-75.79821,37.79613],[-75.81867,37.67259],[-75.93472,37.5764],[-76.01057,37.31635],[-75.93593,37.13502],[-75.88731,37.35697],[-75.49228,37.83108],[-75.24266,38.22695],[-75.04397,38.4538],[-75.08434,38.79597],[-75.16633,38.79438],[-75.39379,39.05555],[-75.43441,39.31487],[-75.53161,39.47797],[-75.14647,39.18708],[-74.88728,39.1468],[-74.96764,38.93578],[-74.87511,38.94453],[-74.65437,39.20136],[-74.41344,39.35712],[-74.46866,39.39936],[-74.16755,39.69937],[-74.10369,40.01402],[-74.09301,39.77634],[-73.97239,40.32765],[-73.99299,40.40241],[-74.28269,40.49732],[-74.20965,40.63423],[-74.03193,40.71418],[-73.87218,41.03364],[-73.92683,40.8048],[-73.79768,40.81319],[-73.65026,40.99657],[-73.18407,41.17411],[-73.10848,41.14871],[-72.90998,41.30512],[-72.89243,41.24497],[-71.97289,41.34369],[-71.87147,41.30257],[-71.49771,41.36628],[-71.35562,41.74628],[-71.20694,41.64623],[-71.1859,41.46874],[-70.92516,41.55073],[-70.90538,41.64004],[-70.65827,41.72199],[-70.68562,41.53083],[-70.18529,41.66055],[-69.93887,41.67422],[-69.94325,41.85763],[-70.05112,42.03975],[-70.02147,41.79092],[-70.27473,41.71516],[-70.53311,41.81623],[-70.7163,42.21186],[-70.89851,42.31843],[-71.03844,42.30793],[-70.878,42.53754],[-70.59704,42.63447],[-70.70132,42.65331],[-70.81827,42.82392],[-70.80329,42.91389],[-70.56892,43.22899],[-70.58165,43.27489],[-70.20494,43.56114],[-70.23912,43.70006],[-69.95112,43.84911],[-69.82815,43.69827],[-69.7047,43.84203],[-69.51293,43.83491],[-69.36429,44.06053],[-69.26342,43.92992],[-69.07579,44.05252],[-69.08833,44.1365],[-68.93749,44.33198],[-68.9866,44.42117],[-68.74262,44.5373],[-68.80394,44.36925],[-68.54137,44.23733],[-68.57441,44.41083],[-68.43187,44.4866],[-68.11152,44.48009],[-68.06054,44.32832],[-67.90221,44.3972],[-67.87487,44.54178],[-67.56904,44.53868],[-67.53905,44.64623],[-67.40941,44.59581],[-67.37332,44.6859],[-67.19648,44.64423],[-66.97732,44.81554],[-67.1173,44.94835],[-67.04007,44.97317],[-67.17602,45.17866],[-67.35627,45.16593],[-67.47502,45.28235],[-67.44996,45.61081],[-67.80012,45.69985],[-67.78457,45.96014],[-67.80518,47.03563],[-67.96244,47.19769],[-68.19705,47.3414],[-68.90623,47.19022],[-69.0402,47.24906],[-69.06965,47.43189],[-69.26763,47.43984],[-70.00776,46.70408],[-70.07432,46.41955],[-70.1884,46.35841],[-70.31136,46.07187],[-70.26315,45.95683],[-70.40735,45.73153],[-70.68679,45.57272],[-70.90691,45.24623],[-71.01654,45.34313],[-71.14172,45.25233],[-71.33432,45.28871],[-71.50408,45.01374],[-73.39916,45.00439],[-74.71296,44.99925],[-74.86847,45.01012],[-75.27023,44.86377],[-75.69969,44.58167],[-75.87032,44.40861],[-76.06726,44.34799],[-76.16932,44.24237],[-76.45463,44.08424],[-76.84153,43.6255],[-78.68809,43.63181],[-79.17431,43.46453],[-79.05377,43.26036],[-79.03197,43.01342],[-78.91526,42.94761],[-79.01938,42.80269],[-80.2466,42.36548],[-81.27666,42.20867],[-82.42486,41.67681],[-82.71112,41.68025],[-83.06841,41.84773],[-83.15701,42.00044],[-83.12851,42.23996],[-83.04035,42.33186],[-82.80013,42.41798],[-82.51126,42.64668],[-82.41109,43.05128],[-82.15361,43.54959],[-82.29185,44.24221],[-82.53214,45.29352],[-82.58878,45.37181],[-83.48397,45.77194],[-83.63687,45.77394],[-83.46586,45.99311],[-83.61388,46.11564],[-83.96459,46.06318],[-84.0868,46.20121],[-84.15881,46.43334],[-84.11044,46.52646],[-84.58941,46.47512],[-84.77332,46.63343],[-84.87869,46.89791],[-86.63706,47.62412],[-88.34726,48.29866],[-88.64272,48.25659],[-89.34038,47.98415],[-89.98032,48.01009],[-90.17862,48.11644],[-90.78647,48.10045],[-90.92315,48.22711],[-91.27636,48.06477],[-91.42793,48.03645],[-91.69251,48.09787],[-91.9573,48.22832],[-92.04342,48.3346],[-92.30309,48.31093],[-92.38464,48.23241],[-92.52693,48.44562],[-92.70405,48.44516],[-92.6486,48.53626],[-92.97972,48.61768],[-93.25774,48.63031],[-93.49176,48.54231],[-93.75678,48.51655],[-93.87488,48.63621],[-94.23215,48.65202],[-94.31158,48.71393],[-94.59285,48.72643],[-94.71091,48.80751],[-94.82726,49.29286],[-95.16057,49.36949],[-95.17711,48.99267],[-96.7158,48.99267],[-98.47419,48.99267],[-99.7931,48.99267],[-100.67227,48.99267],[-102.87038,48.99262],[-104.18924,48.99262],[-105.94774,48.99262],[-107.26663,48.99262],[-108.1458,48.99262],[-109.46471,48.99262],[-110.56371,48.99262],[-112.32218,48.99262],[-113.64104,48.99252],[-114.52027,48.99252],[-116.49857,48.99252],[-118.25707,48.99252],[-119.35604,48.99252],[-120.67495,48.99252],[-122.75302,48.99252]]],[[[-141.00556,69.65095],[-141.41291,69.65038],[-141.65331,69.76215],[-142.2709,69.85602],[-142.60082,70.01313],[-143.30028,70.11665],[-144.06404,70.0856],[-144.59016,69.98282],[-145.30138,69.99966],[-145.8802,70.17495],[-147.12369,70.16755],[-147.80614,70.23648],[-148.15075,70.35643],[-148.38142,70.31249],[-148.68244,70.42011],[-149.48851,70.52302],[-149.88972,70.51276],[-150.41674,70.42137],[-150.37938,70.49702],[-151.17772,70.44872],[-151.97968,70.44872],[-151.73327,70.55854],[-152.63012,70.55854],[-152.21923,70.81802],[-152.3275,70.85688],[-153.30244,70.92866],[-153.89355,70.89838],[-154.13097,70.79133],[-154.63121,70.83226],[-154.59712,71.00047],[-154.83995,71.10126],[-155.20966,71.12299],[-155.57714,70.84593],[-155.91979,70.82543],[-156.07209,70.97394],[-155.59374,71.06973],[-155.62474,71.18354],[-156.81721,71.30634],[-157.23119,71.07136],[-158.04304,70.83686],[-158.98973,70.77705],[-159.66816,70.805],[-160.09626,70.64305],[-159.86461,70.59907],[-159.79931,70.49921],[-160.09602,70.32136],[-159.94709,70.59724],[-160.17223,70.60493],[-160.86067,70.34732],[-161.34215,70.25878],[-161.90571,70.32062],[-162.53779,69.95673],[-162.94978,69.79047],[-163.1258,69.38996],[-163.62255,69.11921],[-164.34643,68.92939],[-165.66474,68.86156],[-166.23676,68.87482],[-166.23998,68.56428],[-166.54817,68.35883],[-165.92809,68.13695],[-165.4372,68.06025],[-164.15148,67.61962],[-163.81005,67.33515],[-163.6883,67.10322],[-162.4355,66.99103],[-161.83515,67.055],[-161.49885,66.9711],[-161.73066,66.95356],[-161.86828,66.70628],[-161.48156,66.53388],[-160.88097,66.67243],[-160.21919,66.53205],[-160.24909,66.40229],[-160.78478,66.3745],[-161.19343,66.53608],[-161.60717,66.45393],[-162.08076,66.66621],[-162.01496,66.77237],[-162.32714,66.9604],[-162.63874,66.8996],[-162.44054,66.73078],[-162.26452,66.72272],[-161.86726,66.48127],[-161.95397,66.33641],[-161.51069,66.40766],[-161.13573,66.34317],[-160.99702,66.24103],[-161.57124,66.258],[-161.89537,65.97948],[-162.17943,66.07591],[-162.65473,66.03852],[-162.76476,66.10391],[-163.68049,66.0786],[-163.90307,66.20694],[-163.89562,66.39932],[-163.73632,66.60346],[-164.71809,66.55634],[-165.0334,66.39932],[-165.30573,66.43696],[-165.88996,66.24103],[-165.50011,66.15229],[-165.75499,66.10529],[-166.28746,66.17963],[-166.97301,65.97419],[-167.05988,65.87763],[-167.34594,65.89859],[-167.5006,65.74079],[-167.82274,65.72028],[-168.081,65.5915],[-167.39855,65.40108],[-166.9383,65.38508],[-166.14041,65.28569],[-166.35668,65.27521],[-166.53417,65.13744],[-166.96153,65.15436],[-166.68453,64.98218],[-166.39021,64.89851],[-166.48347,64.72964],[-166.18969,64.58519],[-165.03551,64.44831],[-164.38911,64.56953],[-163.53657,64.56452],[-163.135,64.41254],[-163.03974,64.52115],[-163.38976,64.59687],[-163.2425,64.64838],[-162.82746,64.50064],[-162.78132,64.3437],[-162.60717,64.50678],[-162.08088,64.7211],[-161.71642,64.79487],[-161.42219,64.77436],[-161.18257,64.93952],[-160.88471,64.81013],[-160.80317,64.64338],[-161.09333,64.50259],[-161.45698,64.52115],[-161.42943,64.4333],[-160.97346,64.25047],[-160.79157,63.74653],[-161.18627,63.50556],[-162.16889,63.43122],[-162.23725,63.54629],[-162.59651,63.27668],[-163.09398,63.05736],[-163.35053,63.03083],[-163.76732,63.22476],[-164.14537,63.26215],[-164.59516,63.13011],[-164.31395,63.01411],[-164.66259,63.03205],[-164.88317,62.84154],[-164.77912,62.61896],[-165.13305,62.51569],[-165.70556,62.1166],[-165.73908,61.96507],[-165.60908,61.8513],[-166.10277,61.82111],[-165.78242,61.68407],[-166.19994,61.59455],[-166.10619,61.49852],[-165.77697,61.51582],[-165.92125,61.39936],[-165.62373,61.28046],[-165.62169,61.1435],[-165.37373,61.0716],[-165.36274,61.2128],[-164.95079,61.01984],[-165.12898,60.92349],[-164.62804,60.93232],[-164.56444,60.85468],[-163.95751,60.86815],[-163.80004,60.97822],[-163.57946,60.91987],[-163.86152,60.85468],[-163.42431,60.76472],[-163.64354,60.60155],[-163.82604,60.60716],[-163.80687,60.73493],[-163.95564,60.77985],[-164.13508,60.66372],[-164.27082,60.78791],[-164.66914,60.82575],[-164.66841,60.92178],[-165.03136,60.78701],[-164.99922,60.71137],[-165.43122,60.55305],[-165.22175,60.49901],[-164.98896,60.34138],[-164.67365,60.29515],[-164.41267,60.09178],[-164.11473,60.00495],[-164.09834,59.83369],[-163.61494,59.80085],[-163.08764,59.85912],[-162.7517,60.00495],[-162.52583,59.9975],[-162.46919,60.2049],[-162.60835,60.32709],[-162.41596,60.38239],[-162.31724,60.11306],[-161.71394,59.50137],[-162.0515,59.27017],[-161.89647,59.07539],[-161.63789,59.14224],[-161.79857,59.01748],[-161.71738,58.75484],[-162.17605,58.64492],[-161.71019,58.614],[-161.36389,58.65965],[-161.29124,58.79261],[-160.82937,58.85265],[-160.35217,59.07066],[-160.24644,58.8869],[-160.04581,58.88259],[-159.90613,58.76541],[-159.73813,58.92825],[-159.58694,58.90746],[-159.05126,58.42471],[-158.82966,58.40477],[-158.77001,58.51846],[-158.91462,58.77538],[-158.45726,59.07587],[-158.38329,59.03856],[-158.56615,58.81949],[-158.31587,58.64655],[-158.15368,58.614],[-157.08446,58.88666],[-156.96129,58.96345],[-157.06188,58.72622],[-157.50268,58.46369],[-157.56847,58.32075],[-157.45747,58.22089],[-157.60554,58.10521],[-157.68065,57.5725],[-157.94074,57.49746],[-158.31245,57.31489],[-158.68212,57.02204],[-158.63964,56.76374],[-158.94502,56.84292],[-159.45637,56.62934],[-159.74572,56.57933],[-160.36872,56.27684],[-160.5799,55.98973],[-160.23729,55.83832],[-160.26769,55.77228],[-160.5122,55.86994],[-160.78453,55.88768],[-160.79902,55.7154],[-161.05329,55.94111],[-161.36754,55.95563],[-161.82628,55.87987],[-162.227,55.6979],[-162.65331,55.36152],[-163.33454,55.11953],[-163.32079,54.81387],[-163.06257,54.92878],[-163.21764,55.04536],[-163.04113,55.09935],[-162.78295,54.93594],[-162.58332,55.30109],[-162.2021,55.03986],[-161.95661,55.12572],[-161.71642,55.39326],[-161.6208,55.61298],[-161.38874,55.57217],[-161.51842,55.38337],[-161.27916,55.35489],[-160.92455,55.51911],[-160.68342,55.46467],[-160.61347,55.60554],[-160.54853,55.48908],[-160.3664,55.61298],[-160.13366,55.67447],[-160.04365,55.79279],[-159.83039,55.85273],[-159.62523,55.81269],[-159.70971,55.66763],[-159.40062,55.85944],[-158.92829,55.92084],[-158.85945,56.01293],[-158.66759,55.96931],[-158.70234,56.10643],[-158.49059,56.19587],[-158.60094,56.04043],[-158.20824,56.28392],[-158.50996,56.3454],[-158.1529,56.51325],[-157.87715,56.47822],[-157.88195,56.57062],[-158.13317,56.53034],[-157.7729,56.68439],[-157.66466,56.6114],[-157.45519,56.64322],[-157.57343,56.71662],[-157.40632,56.76374],[-157.41967,56.86738],[-157.1894,56.77627],[-156.79491,57.03465],[-156.54979,56.98286],[-156.34602,57.1778],[-156.34435,57.31184],[-156.55724,57.30561],[-156.02046,57.57681],[-155.74165,57.55207],[-155.60509,57.79222],[-155.3944,57.72574],[-155.32551,57.83955],[-155.06867,57.89737],[-155.04015,58.01724],[-154.58312,58.02497],[-154.3531,58.25544],[-154.00023,58.38557],[-154.08165,58.49519],[-153.8994,58.61669],[-153.69066,58.62157],[-153.28913,58.84414],[-153.33161,58.93378],[-153.71154,59.07075],[-154.18733,59.03498],[-154.14525,59.38117],[-153.72472,59.46605],[-153.70641,59.63199],[-153.47301,59.66234],[-153.45258,59.79267],[-153.31721,59.63882],[-153.05529,59.71015],[-153.01387,59.83234],[-153.22973,59.86848],[-152.7379,59.90839],[-152.59028,60.09223],[-152.89082,60.25141],[-152.61616,60.22427],[-152.24592,60.39598],[-152.34008,60.47614],[-151.86982,60.7591],[-151.56676,60.99453],[-151.15477,61.06444],[-151.0609,61.16328],[-150.73091,61.25397],[-150.54027,61.36929],[-150.45055,61.25259],[-149.98375,61.24632],[-149.75739,61.45336],[-149.32002,61.47915],[-149.65571,61.409],[-150.06733,61.15575],[-149.61799,60.99462],[-149.12609,60.88361],[-149.82405,60.97822],[-150.04377,60.91682],[-150.4525,61.03425],[-151.07148,60.78535],[-151.41731,60.71817],[-151.28279,60.53706],[-151.46544,60.18769],[-151.70604,60.04169],[-151.88288,59.78653],[-151.74694,59.68285],[-151.4726,59.63569],[-151.10912,59.78653],[-150.99279,59.77904],[-151.2733,59.55996],[-151.65184,59.48591],[-151.98583,59.31293],[-151.74153,59.16714],[-151.41784,59.2591],[-151.16161,59.20771],[-151.22871,59.31635],[-150.96589,59.23444],[-150.91767,59.32657],[-150.58051,59.48192],[-150.47948,59.46735],[-150.22435,59.7154],[-150.36986,59.46947],[-149.91649,59.7176],[-149.74608,59.66718],[-149.72472,59.96406],[-149.64216,59.88548],[-149.3889,59.9975],[-149.29308,59.88764],[-149.19274,60.01411],[-148.87499,59.93732],[-148.43537,59.9593],[-148.33312,60.17011],[-148.44298,60.18374],[-147.94188,60.44306],[-148.08361,60.60489],[-148.2766,60.49494],[-148.25621,60.73798],[-148.42992,60.62873],[-148.3747,60.77961],[-148.70368,60.67658],[-148.57836,60.78172],[-148.33287,60.8194],[-148.14595,61.11791],[-148.07201,61.0244],[-147.71337,61.2731],[-148.0504,60.95014],[-147.87019,60.83771],[-147.04723,61.00983],[-146.94872,60.94965],[-146.58585,61.13646],[-146.28376,61.08145],[-146.64794,61.0738],[-146.75316,60.9643],[-146.51146,60.81859],[-146.22346,60.89265],[-146.09309,60.84101],[-146.69571,60.74482],[-146.43839,60.69599],[-146.05309,60.75263],[-146.26317,60.65371],[-145.9143,60.70393],[-145.84459,60.62104],[-145.62902,60.67915],[-145.93875,60.45607],[-145.57258,60.45112],[-145.23591,60.36811],[-144.74645,60.67658],[-144.94164,60.30663],[-144.57112,60.19062],[-144.25255,60.15461],[-143.91861,59.99702],[-143.60961,60.04947],[-142.79849,60.11237],[-141.96911,60.02814],[-141.73265,59.96312],[-141.26159,60.01179],[-141.42854,59.87214],[-140.61701,59.70848],[-140.32274,59.70124],[-139.84903,59.8194],[-139.54166,60.04658],[-139.21874,59.87104],[-139.22639,59.62141],[-139.34203,59.7204],[-139.30516,59.86469],[-139.47322,59.9936],[-139.62108,59.89029],[-139.47338,59.7176],[-139.65758,59.57551],[-139.857,59.54629],[-139.20588,59.31977],[-138.28791,59.08076],[-137.98436,58.91999],[-137.93098,58.80305],[-137.67064,58.63325],[-137.13142,58.40131],[-136.87584,58.38813],[-136.69083,58.23041],[-136.58471,58.35708],[-136.37059,58.29955],[-136.02672,58.38813],[-136.12824,58.57075],[-136.58755,58.84833],[-136.9947,58.89338],[-137.03222,59.06749],[-136.63345,58.89179],[-136.49226,58.97089],[-136.47521,58.83658],[-136.20971,58.7508],[-136.09752,58.87686],[-135.84113,58.52839],[-135.90941,58.38129],[-135.46752,58.46735],[-135.30956,58.25214],[-135.14562,58.21678],[-135.05728,58.35155],[-135.22619,58.61229],[-135.16271,58.63451],[-135.37719,58.93635],[-135.36181,59.27082],[-135.2296,59.12588],[-134.99144,58.68293],[-134.76732,58.40034],[-134.49795,58.35395],[-134.24161,58.2143],[-134.00451,58.4086],[-134.05972,58.07217],[-133.68635,57.79072],[-133.55431,57.92943],[-133.52892,57.75092],[-133.16845,57.57929],[-133.57286,57.71605],[-133.60509,57.57929],[-133.33975,57.41177],[-133.55199,57.18146],[-133.29011,57.102],[-133.22594,57.17499],[-132.76769,56.96967],[-132.92203,56.98286],[-132.5371,56.75812],[-132.47688,56.60448],[-132.16104,56.38019],[-131.9713,56.35643],[-131.87682,56.22309],[-132.05866,55.80476],[-132.26618,55.75629],[-132.17162,55.58853],[-131.96141,55.50104],[-131.73591,55.88671],[-131.41438,56.0102],[-131.34187,55.96092],[-131.00967,56.11262],[-131.1964,55.97142],[-130.88988,55.71528],[-130.87316,55.34203],[-131.05761,55.19868],[-130.91832,54.80292],[-130.67146,54.77204],[-130.36539,54.90729],[-129.98925,55.284],[-130.14696,55.54719],[-130.17365,55.7495],[-130.01962,55.90795],[-130.11676,56.10565],[-130.40397,56.1219],[-130.49552,56.23243],[-130.83909,56.37245],[-131.10055,56.40767],[-131.58589,56.59505],[-131.79911,56.58766],[-131.87156,56.79346],[-132.10738,56.85875],[-132.03186,57.02841],[-132.34122,57.08039],[-132.23099,57.19682],[-132.55245,57.49908],[-133.16559,58.14731],[-133.37457,58.29097],[-133.39224,58.40388],[-133.87123,58.7359],[-134.22219,58.84271],[-134.39802,59.05195],[-134.70552,59.24011],[-134.93243,59.27065],[-135.09575,59.41886],[-135.0162,59.54345],[-135.48276,59.79248],[-135.92382,59.66675],[-136.35033,59.59238],[-136.27504,59.48645],[-136.46756,59.46164],[-136.46655,59.2878],[-136.61349,59.15422],[-136.84082,59.14817],[-137.42311,58.90772],[-137.61136,59.23933],[-138.59921,59.75382],[-138.6921,59.88689],[-139.18215,60.07339],[-139.10161,60.3466],[-139.62835,60.3341],[-140.01579,60.18739],[-140.42411,60.29317],[-140.53374,60.21855],[-141.00116,60.32107],[-141.00183,61.63309],[-141.00229,62.65359],[-141.0026,63.38249],[-141.00315,64.54867],[-141.00364,65.56918],[-141.00415,66.58958],[-141.0047,67.75581],[-141.00508,68.63049],[-141.00556,69.65095]]],[[[-131.24372,54.93456],[-131.47838,54.94473],[-131.33117,54.86123],[-131.24372,54.93456]]],[[[-132.82649,55.05439],[-132.6682,55.05069],[-132.82266,55.1905],[-132.82649,55.05439]]],[[[-132.70295,54.70124],[-132.94249,54.94819],[-133.12141,55.25129],[-133.21687,55.09907],[-132.84288,54.69379],[-132.70295,54.70124]]],[[[-131.47956,55.00629],[-131.34553,55.05805],[-131.39558,55.2154],[-131.53124,55.27424],[-131.6245,55.0174],[-131.47956,55.00629]]],[[[-131.81847,55.41376],[-131.74332,55.14273],[-131.6361,55.2993],[-131.81847,55.41376]]],[[[-133.44961,55.40693],[-133.58056,55.42622],[-133.60729,55.23558],[-133.44961,55.40693]]],[[[-133.30565,55.79735],[-133.6149,55.8332],[-133.48717,55.70673],[-133.30565,55.79735]]],[[[-130.9619,55.58511],[-130.9383,55.65152],[-131.17955,55.92353],[-131.28026,55.96516],[-131.67064,55.8395],[-131.65054,55.55028],[-131.82022,55.46381],[-131.55158,55.29707],[-131.27074,55.44733],[-131.40416,55.26293],[-131.19201,55.18574],[-130.97167,55.38524],[-130.9619,55.58511]]],[[[-133.60729,56.07852],[-133.79491,55.94359],[-133.62096,55.92084],[-133.47033,56.01728],[-133.29955,56.01203],[-133.28531,56.1472],[-133.60729,56.07852]]],[[[-132.54841,56.30443],[-132.70499,56.11742],[-132.44909,56.06485],[-132.30337,55.91535],[-132.12947,55.97028],[-132.09219,56.10643],[-132.38996,56.2355],[-132.39977,56.35041],[-132.54841,56.30443]]],[[[-131.97672,54.83153],[-131.96304,55.03022],[-132.07689,55.04877],[-131.96931,55.2049],[-132.40127,55.51679],[-132.25048,55.50312],[-132.46272,55.77684],[-132.73644,55.99657],[-133.06281,56.05231],[-133.02428,56.16446],[-133.18212,56.33234],[-133.61473,56.35285],[-133.57311,56.18496],[-133.28551,56.16739],[-133.21768,55.88369],[-133.1398,55.87661],[-133.37906,55.62979],[-133.25129,55.58478],[-132.96984,55.63972],[-133.107,55.46214],[-132.87243,55.35908],[-133.1787,55.38642],[-133.21296,55.2792],[-132.79914,55.27041],[-132.78482,55.18842],[-132.51114,55.11274],[-132.59341,54.96825],[-132.4027,55.01529],[-132.26476,54.84455],[-132.35969,54.80366],[-132.00402,54.69379],[-131.97672,54.83153]]],[[[-132.6129,56.40062],[-132.92422,56.45197],[-133.05525,56.34479],[-132.86889,56.24348],[-132.64721,56.28242],[-132.6129,56.40062]]],[[[-132.00402,56.33918],[-132.12389,56.34321],[-132.36205,56.49457],[-132.35289,56.27778],[-132.07234,56.11945],[-131.92833,56.19457],[-132.00402,56.33918]]],[[[-154.42516,56.59304],[-154.70014,56.53034],[-154.73823,56.39826],[-154.42516,56.59304]]],[[[-154.08259,56.55207],[-154.279,56.59781],[-154.33381,56.5196],[-154.08259,56.55207]]],[[[-132.95958,56.78799],[-132.88109,56.6402],[-132.93749,56.51756],[-132.79166,56.49689],[-132.53344,56.60033],[-132.81631,56.79735],[-132.95958,56.78799]]],[[[-133.88467,56.49006],[-133.70568,56.60415],[-133.71715,56.77119],[-133.87755,56.70856],[-134.01268,56.88516],[-134.26456,56.94188],[-134.28087,56.79279],[-134.40856,56.84292],[-134.30614,56.56513],[-134.03185,56.47574],[-134.28197,56.36278],[-134.21068,56.06281],[-134.14167,56.04377],[-134.03258,56.30683],[-134.03669,56.1232],[-133.89558,56.21996],[-133.97252,56.3605],[-133.88467,56.49006]]],[[[-133.91267,57.08275],[-134.01818,57.01756],[-133.74059,56.80891],[-133.67927,56.85371],[-133.65941,56.46418],[-133.14794,56.4621],[-133.07909,56.53034],[-133.35074,56.83226],[-132.99918,56.60554],[-132.93395,56.64159],[-132.99108,56.80842],[-132.98038,56.93505],[-133.10912,56.99873],[-133.38817,56.99714],[-133.91267,57.08275]]],[[[-152.90787,57.16474],[-153.26049,57.20563],[-153.41161,57.07905],[-153.34272,57.00397],[-152.90787,57.16474]]],[[[-135.60155,57.17158],[-135.72476,57.32893],[-135.85538,57.22309],[-135.7108,57.16844],[-135.84113,56.98969],[-135.62824,57.0102],[-135.60155,57.17158]]],[[[-134.62149,56.74384],[-134.90949,57.33234],[-135.38117,57.55362],[-135.67496,57.35863],[-135.5292,57.23672],[-135.33405,57.25039],[-135.37499,57.09272],[-135.16535,57.04173],[-135.37499,56.94188],[-135.36754,56.82893],[-135.12173,56.83202],[-135.1879,56.67674],[-134.88244,56.32958],[-134.65624,56.17471],[-134.62149,56.74384]]],[[[-153.30175,57.8332],[-153.32665,57.92658],[-153.54194,57.93561],[-153.30175,57.8332]]],[[[-152.16088,57.62714],[-152.42634,57.61351],[-152.35729,57.79902],[-152.6079,57.93505],[-152.74181,57.82689],[-153.28425,58.01044],[-153.21105,57.78559],[-153.47643,57.83902],[-153.54695,57.69892],[-153.66548,57.89468],[-153.92463,57.81049],[-153.81135,57.41234],[-153.89074,57.40803],[-154.00056,57.62971],[-154.22033,57.67552],[-154.51488,57.57929],[-154.72688,57.42853],[-154.78315,57.27294],[-154.53502,57.17463],[-154.52855,56.99165],[-154.23799,56.89956],[-154.1212,57.12373],[-154.38423,57.05174],[-154.36067,57.14794],[-153.95966,57.12006],[-154.09956,56.96483],[-153.80573,57.1542],[-154.12263,56.7412],[-153.96251,56.74824],[-153.73888,56.88915],[-153.67162,57.0102],[-153.25328,57.23672],[-152.9591,57.25715],[-153.14403,57.31928],[-152.88215,57.35248],[-152.66307,57.29955],[-152.6341,57.40575],[-152.97338,57.51789],[-152.33869,57.43317],[-152.16088,57.62714]]],[[[-136.3898,57.96357],[-136.47533,58.09785],[-136.56115,58.01752],[-136.45128,57.84687],[-136.3898,57.96357]]],[[[-153.41836,58.06599],[-152.89082,57.99771],[-153.29548,58.14643],[-153.41836,58.06599]]],[[[-135.84797,57.39436],[-135.5559,57.45368],[-135.57047,57.5725],[-135.76818,57.75971],[-135.05687,57.46662],[-134.81957,57.48607],[-134.91389,57.75585],[-135.21447,57.70734],[-135.84581,57.99217],[-135.25939,57.79597],[-134.93,57.81269],[-134.92479,58.02749],[-135.38927,58.14106],[-135.66246,57.97012],[-135.48485,58.1621],[-135.81355,58.27436],[-135.98229,58.16763],[-136.13659,58.22305],[-136.15953,58.08983],[-136.43078,58.10688],[-136.31192,57.99551],[-136.41723,57.83503],[-135.95035,57.62092],[-136.03942,57.57689],[-135.84797,57.39436]]],[[[-134.59728,58.23725],[-134.25841,58.19628],[-134.48184,58.33348],[-134.59728,58.23725]]],[[[-134.35399,57.09272],[-134.07282,57.27766],[-134.17585,57.3876],[-133.93932,57.30866],[-133.93786,57.61856],[-134.20873,57.83991],[-134.3192,58.0312],[-134.23009,58.06293],[-133.96296,57.69233],[-133.88842,57.79841],[-134.20376,58.12739],[-134.69319,58.1684],[-134.80944,58.33063],[-134.97057,58.38557],[-134.79784,58.11278],[-134.65355,57.59821],[-134.45702,57.31184],[-134.62149,57.22993],[-134.61461,57.0102],[-134.35399,57.09272]]],[[[-151.96601,58.33283],[-152.06843,58.27827],[-152.34935,58.42113],[-152.37999,58.35395],[-152.65062,58.48363],[-152.86738,58.39436],[-152.75182,58.27265],[-153.10993,58.27139],[-153.16747,58.11115],[-152.80492,57.99152],[-152.6444,58.07217],[-152.33727,58.11054],[-152.31648,58.24917],[-152.11681,58.1479],[-151.96601,58.33283]]],[[[-152.6444,58.51846],[-152.48302,58.48054],[-152.36958,58.63809],[-152.6444,58.51846]]],[[[-160.94764,58.73765],[-161.07413,58.54692],[-160.89786,58.57034],[-160.68592,58.81084],[-160.94764,58.73765]]],[[[-148.15937,60.04316],[-148.04096,60.18659],[-148.27123,60.10297],[-148.15937,60.04316]]],[[[-147.10725,60.2862],[-147.70311,59.9975],[-147.91539,59.79267],[-147.46825,59.87678],[-147.4903,59.9392],[-146.92227,60.31346],[-147.10725,60.2862]]],[[[-146.18863,60.40217],[-146.3531,60.47114],[-146.63435,60.46491],[-146.72265,60.38622],[-146.4903,60.36127],[-146.60017,60.24519],[-146.18863,60.40217]]],[[[-147.77139,60.40965],[-147.90856,60.23835],[-147.73876,60.25983],[-147.64525,60.4831],[-147.77139,60.40965]]],[[[-145.75723,60.62873],[-146.28645,60.51732],[-146.09691,60.47968],[-145.75723,60.62873]]],[[[-148.08735,60.80012],[-147.92919,60.80634],[-148.03209,60.93041],[-148.08735,60.80012]]],[[[-80.32055,25.24828],[-80.5786,24.95026],[-80.36148,25.15949],[-80.32055,25.24828]]],[[[-97.19831,26.27611],[-97.34288,26.75674],[-97.40502,27.12523],[-97.39753,26.831],[-97.19831,26.27611]]],[[[-97.07543,27.81452],[-97.25723,27.59276],[-97.37025,27.34837],[-97.32026,27.35757],[-97.07543,27.81452]]],[[[-80.38878,27.71866],[-80.30687,27.46166],[-80.16723,27.19701],[-80.38878,27.71866]]],[[[-96.88024,28.13011],[-97.01464,27.89094],[-96.85009,28.07119],[-96.88024,28.13011]]],[[[-96.42772,28.3933],[-96.71036,28.21337],[-96.83251,28.08877],[-96.52233,28.28962],[-96.42772,28.3933]]],[[[-80.67748,28.57893],[-80.7399,28.51748],[-80.66495,28.25259],[-80.61217,28.56883],[-80.67748,28.57893]]],[[[-94.81428,29.35293],[-95.11654,29.08899],[-94.72441,29.33316],[-94.81428,29.35293]]],[[[-91.80207,29.49006],[-91.7202,29.58173],[-91.92927,29.64712],[-92.0205,29.56875],[-91.80207,29.49006]]],[[[-86.69376,30.40811],[-87.2412,30.32612],[-86.56249,30.40111],[-86.69376,30.40811]]],[[[-118.35877,32.82783],[-118.60721,33.03086],[-118.49915,32.85063],[-118.35877,32.82783]]],[[[-118.51565,33.42301],[-118.46359,33.32351],[-118.32603,33.29863],[-118.36921,33.40839],[-118.51565,33.42301]]],[[[-120.04414,34.03727],[-120.24852,34.00113],[-120.10989,33.89314],[-119.99963,33.94148],[-120.04414,34.03727]]],[[[-119.52943,34.02525],[-119.91722,34.07882],[-119.85077,33.96738],[-119.52943,34.02525]]],[[[-74.12609,40.63349],[-74.24298,40.49944],[-74.05357,40.6027],[-74.12609,40.63349]]],[[[-71.91894,41.06489],[-72.109,41.00141],[-72.33209,41.0307],[-72.45714,40.91026],[-72.62462,40.90782],[-72.39054,41.03147],[-72.34341,41.14065],[-72.60611,40.98994],[-73.09874,40.96951],[-73.2246,40.90827],[-73.48569,40.94563],[-73.7202,40.86624],[-73.77899,40.79218],[-73.9086,40.78868],[-74.03584,40.63886],[-73.98812,40.56937],[-73.37222,40.66237],[-73.23332,40.71451],[-72.87907,40.74569],[-72.40666,40.86207],[-71.91894,41.06489]]],[[[-70.05415,41.39269],[-70.13774,41.24715],[-69.95776,41.27575],[-70.05415,41.39269]]],[[[-70.5764,41.4278],[-70.78197,41.35423],[-70.50744,41.36262],[-70.5764,41.4278]]],[[[-122.35936,47.97663],[-122.59553,48.20539],[-122.562,47.98737],[-122.35936,47.97663]]],[[[-123.02017,48.49934],[-123.12914,48.62006],[-123.15445,48.51313],[-123.02017,48.49934]]],[[[-122.74584,48.66437],[-122.92931,48.70844],[-122.93334,48.59276],[-122.74584,48.66437]]],[[[-176.26472,51.81],[-176.42304,51.85102],[-176.34069,51.72582],[-176.26472,51.81]]],[[[-177.80028,51.79572],[-177.95226,51.92475],[-178.21382,51.87604],[-177.95539,51.76374],[-178.10139,51.66543],[-177.81037,51.69538],[-177.80028,51.79572]]],[[[-177.12218,51.93293],[-177.29247,51.78278],[-177.7047,51.70637],[-177.15669,51.70014],[-177.12218,51.93293]]],[[[-176.43724,51.78828],[-176.64147,51.85716],[-176.54589,51.98013],[-176.78181,51.93647],[-176.72655,51.78197],[-176.90477,51.80756],[-176.91706,51.60155],[-176.79975,51.61079],[-176.43724,51.78828]]],[[[-176.13874,51.99437],[-175.97509,52.02192],[-176.06871,52.10765],[-176.13874,51.99437]]],[[[-173.1234,52.10798],[-173.3531,52.08991],[-173.5312,52.14497],[-174.05944,52.1247],[-173.83601,52.04336],[-173.48424,52.02473],[-173.1234,52.10798]]],[[[-172.40717,52.38544],[-172.63305,52.2613],[-172.3109,52.31647],[-172.40717,52.38544]]],[[[-174.05195,52.24079],[-173.99189,52.31257],[-174.1903,52.41787],[-174.43554,52.3227],[-174.22826,52.26752],[-174.33934,52.18618],[-174.55907,52.17935],[-174.60155,52.10464],[-174.90656,52.1149],[-174.88805,52.04279],[-174.39814,52.05264],[-174.42992,52.11005],[-174.09895,52.11298],[-174.20283,52.21284],[-174.05195,52.24079]]],[[[-170.60464,52.68708],[-170.74372,52.6787],[-170.79784,52.54027],[-170.60464,52.68708]]],[[[-169.68663,52.87202],[-170.01167,52.83771],[-169.7379,52.77831],[-169.68663,52.87202]]],[[[-167.85749,53.39277],[-167.807,53.52009],[-168.00829,53.5703],[-168.37361,53.46015],[-168.43285,53.2482],[-168.6057,53.27513],[-168.75951,53.18671],[-168.77208,53.06696],[-169.03991,52.85366],[-168.48994,53.04206],[-168.28759,53.24299],[-167.85749,53.39277]]],[[[-166.2943,53.72797],[-166.57514,53.7143],[-166.22492,53.90546],[-166.37035,54.00849],[-166.60993,53.831],[-166.6057,53.98579],[-167.0216,53.96125],[-167.1634,53.85737],[-167.0382,53.75528],[-166.7248,53.7141],[-167.06465,53.68269],[-167.15864,53.47712],[-167.48693,53.37849],[-167.71845,53.38129],[-167.85005,53.30964],[-167.50825,53.25991],[-167.45897,53.32392],[-166.87682,53.48151],[-166.75219,53.45087],[-166.56212,53.61811],[-166.2943,53.72797]]],[[[-165.73908,54.12519],[-165.97138,54.21947],[-166.12267,54.11835],[-165.88732,54.03632],[-165.73908,54.12519]]],[[[-165.48583,54.17365],[-165.49433,54.29637],[-165.68444,54.23505],[-165.58882,54.11091],[-165.48583,54.17365]]],[[[-159.90148,55.14008],[-160.19481,55.12153],[-160.09272,55.05069],[-159.90148,55.14008]]],[[[-154.89962,19.56702],[-155.08714,19.86038],[-155.33231,20.04672],[-155.58636,20.12294],[-155.73799,20.2438],[-155.86724,20.26313],[-155.88256,20.10494],[-155.82408,20.02009],[-156.06016,19.73122],[-155.88553,19.33416],[-155.91993,19.1386],[-155.87813,19.02907],[-155.67476,18.90612],[-155.5028,19.13768],[-155.29113,19.25952],[-154.9823,19.33924],[-154.81721,19.47972],[-154.89962,19.56702]]],[[[-156.56177,20.59801],[-156.70056,20.52543],[-156.54455,20.51322],[-156.56177,20.59801]]],[[[-156.84838,20.87682],[-157.05521,20.91137],[-156.96228,20.73239],[-156.83126,20.76381],[-156.84838,20.87682]]],[[[-156.0017,20.80044],[-156.29833,20.9527],[-156.48167,20.9044],[-156.54237,21.00339],[-156.66647,21.00344],[-156.62023,20.80709],[-156.46432,20.78138],[-156.40765,20.58721],[-156.30259,20.58118],[-156.00313,20.6859],[-156.0017,20.80044]]],[[[-156.74901,21.17097],[-156.89704,21.16519],[-157.25976,21.22188],[-157.27306,21.08735],[-157.07237,21.09938],[-156.86958,21.05337],[-156.74901,21.17097]]],[[[-157.70682,21.352],[-157.84213,21.46105],[-157.96243,21.70501],[-158.12107,21.5859],[-158.27893,21.57527],[-158.09431,21.29361],[-157.79496,21.25466],[-157.70682,21.352]]],[[[-160.11376,22.00027],[-160.23547,21.79282],[-160.08525,21.89354],[-160.11376,22.00027]]],[[[-159.30126,22.15103],[-159.39972,22.2355],[-159.71653,22.15751],[-159.75979,21.97853],[-159.60498,21.8917],[-159.43732,21.86877],[-159.33413,21.95806],[-159.30126,22.15103]]],[[[179.40008,51.40843],[179.28004,51.39851],[178.88738,51.62055],[178.6364,51.63744],[178.94142,51.55036],[179.25489,51.35029],[179.40008,51.40843]]],[[[179.78094,51.96703],[179.63697,52.03535],[179.4861,51.97386],[179.6421,51.87417],[179.78094,51.96703]]],[[[173.79127,52.50153],[173.61866,52.49873],[173.4017,52.39667],[173.74342,52.36123],[173.79127,52.50153]]],[[[173.37664,52.83047],[173.12721,52.99494],[172.66041,53.00861],[172.47609,52.92666],[172.81105,52.88793],[172.76344,52.79572],[172.94435,52.74982],[173.08937,52.83047],[173.37664,52.83047]]],[[[-162.58723,54.44111],[-162.82746,54.50194],[-162.63268,54.37189],[-162.58723,54.44111]]],[[[-163.07384,54.68757],[-163.14415,54.77033],[-163.37304,54.79267],[-163.57164,55.05703],[-163.91674,55.03636],[-164.22509,54.89472],[-164.54735,54.88276],[-164.70067,54.67829],[-164.95824,54.58515],[-164.84529,54.42349],[-164.40559,54.43598],[-164.13268,54.62324],[-163.62255,54.6118],[-163.3695,54.76455],[-163.07384,54.68757]]],[[[-161.73066,55.16055],[-161.90608,55.13459],[-161.75117,55.05805],[-161.73066,55.16055]]],[[[-160.32543,55.35855],[-160.53148,55.32502],[-160.33629,55.24868],[-160.32543,55.35855]]],[[[-160.49738,55.19465],[-160.58239,55.28555],[-160.53559,55.36433],[-160.85363,55.33186],[-160.81892,55.11953],[-160.68334,55.21137],[-160.49738,55.19465]]],[[[-165.5821,59.951],[-165.72606,60.06647],[-165.68444,60.29979],[-166.07551,60.33393],[-166.1313,60.43146],[-166.37983,60.34894],[-166.79231,60.2923],[-166.87397,60.21064],[-167.28807,60.23872],[-167.43615,60.19538],[-167.18981,60.02778],[-166.61335,59.85639],[-166.15742,59.82746],[-165.5821,59.951]]],[[[-172.29731,60.35135],[-172.90669,60.52827],[-173.03779,60.50585],[-172.57197,60.32709],[-172.29731,60.35135]]],[[[-168.74071,63.28099],[-168.7152,63.31196],[-169.54951,63.36294],[-169.59728,63.42438],[-170.08454,63.48583],[-170.08247,63.61518],[-170.29735,63.69554],[-170.64623,63.68505],[-170.93696,63.57168],[-171.61632,63.69355],[-171.73933,63.79121],[-171.85289,63.52119],[-171.73558,63.37592],[-171.43932,63.31977],[-171.08385,63.44489],[-170.85615,63.46035],[-170.23497,63.28352],[-170.15966,63.18476],[-169.86693,63.14448],[-169.75556,62.96564],[-169.28734,63.19331],[-168.81184,63.17011],[-168.74071,63.28099]]],[[[-68.24482,44.42451],[-68.4348,44.29999],[-68.32604,44.2259],[-68.19892,44.30862],[-68.24482,44.42451]]]]},"properties":{"ISO_A2":"US","ISO_A2_EH":"US","ADM0_A3":"USA","ISO_A3":"USA","ADMIN":"United States of America"}},
{"type":"Feature","geometry":{"type":"MultiPolygon","coordinates":[[[[-122.75302,48.99252],[-120.67495,48.99252],[-119.35604,48.99252],[-118.25707,48.99252],[-116.49857,48.99252],[-114.52027,48.99252],[-113.64104,48.99252],[-112.32218,48.99262],[-110.56371,48.99262],[-109.46471,48.99262],[-108.1458,48.99262],[-107.26663,48.99262],[-105.94774,48.99262],[-104.18924,48.99262],[-102.87038,48.99262],[-100.67227,48.99267],[-99.7931,48.99267],[-98.47419,48.99267],[-96.7158,48.99267],[-95.17711,48.99267],[-95.16057,49.36949],[-94.82726,49.29286],[-94.71091,48.80751],[-94.59285,48.72643],[-94.31158,48.71393],[-94.23215,48.65202],[-93.87488,48.63621],[-93.75678,48.51655],[-93.49176,48.54231],[-93.25774,48.63031],[-92.97972,48.61768],[-92.6486,48.53626],[-92.70405,48.44516],[-92.52693,48.44562],[-92.38464,48.23241],[-92.30309,48.31093],[-92.04342,48.3346],[-91.9573,48.22832],[-91.69251,48.09787],[-91.42793,48.03645],[-91.27636,48.06477],[-90.92315,48.22711],[-90.78647,48.10045],[-90.17862,48.11644],[-89.98032,48.01009],[-89.34038,47.98415],[-88.64272,48.25659],[-88.34726,48.29866],[-86.63706,47.62412],[-84.87869,46.89791],[-84.77332,46.63343],[-84.58941,46.47512],[-84.11044,46.52646],[-84.15881,46.43334],[-84.0868,46.20121],[-83.96459,46.06318],[-83.61388,46.11564],[-83.46586,45.99311],[-83.63687,45.77394],[-83.48397,45.77194],[-82.58878,45.37181],[-82.53214,45.29352],[-82.29185,44.24221],[-82.15361,43.54959],[-82.41109,43.05128],[-82.51126,42.64668],[-82.80013,42.41798],[-83.04035,42.33186],[-83.12851,42.23996],[-83.15701,42.00044],[-83.06841,41.84773],[-82.71112,41.68025],[-82.42486,41.67681],[-81.27666,42.20867],[-80.2466,42.36548],[-79.01938,42.80269],[-78.91526,42.94761],[-79.03197,43.01342],[-79.05377,43.26036],[-79.17431,43.46453],[-78.68809,43.63181],[-76.84153,43.6255],[-76.45463,44.08424],[-76.16932,44.24237],[-76.06726,44.34799],[-75.87032,44.40861],[-75.69969,44.58167],[-75.27023,44.86377],[-74.86847,45.01012],[-74.71296,44.99925],[-74.49364,45.14623],[-73.96154,45.35423],[-74.04345,45.484],[-73.75544,45.67638],[-73.49543,45.72789],[-73.28991,45.87507],[-73.15856,46.07486],[-72.9945,46.2108],[-72.60253,46.30134],[-72.46227,46.40233],[-72.25805,46.47085],[-72.22793,46.55337],[-71.88052,46.69066],[-71.69396,46.67438],[-71.35399,46.739],[-70.95686,47.02066],[-70.71495,47.11758],[-70.48693,47.44477],[-70.23689,47.49559],[-70.19957,47.59553],[-69.93204,47.77306],[-69.73595,48.1225],[-69.92492,48.22187],[-70.16295,48.24506],[-70.47753,48.35643],[-70.7445,48.35533],[-70.97362,48.45148],[-70.43517,48.36298],[-70.14436,48.27338],[-69.9851,48.27843],[-69.79833,48.15668],[-69.65453,48.16291],[-69.44664,48.29621],[-69.06957,48.75621],[-68.7838,48.91083],[-68.64354,48.91767],[-68.59508,49.05476],[-68.18106,49.12446],[-68.30089,49.19196],[-68.05455,49.29438],[-67.37633,49.33922],[-67.24511,49.45885],[-67.13146,49.83129],[-66.95092,49.98644],[-66.74592,50.05366],[-66.63561,50.18505],[-66.41308,50.26423],[-66.35704,50.2014],[-66.08751,50.19249],[-65.92919,50.29283],[-65.73717,50.25743],[-65.25829,50.32225],[-64.88834,50.27448],[-64.47004,50.32225],[-64.24747,50.2707],[-63.72216,50.30427],[-63.44221,50.22289],[-63.17667,50.29015],[-61.86319,50.23017],[-61.71788,50.10004],[-61.31135,50.19933],[-60.93082,50.20295],[-60.83556,50.25633],[-60.13488,50.213],[-59.82726,50.32807],[-59.80309,50.44575],[-59.58153,50.48408],[-59.09797,50.81196],[-58.95397,50.82933],[-58.96386,51.00812],[-58.62564,51.15148],[-58.67284,51.22724],[-58.45368,51.3166],[-58.23404,51.27692],[-57.97765,51.32966],[-57.6859,51.48041],[-57.60338,51.43269],[-57.24999,51.50829],[-57.18981,51.41881],[-56.96654,51.42524],[-56.66857,51.65172],[-56.21093,51.79719],[-55.93419,51.92524],[-55.6848,52.11168],[-55.82258,52.33019],[-55.64757,52.44318],[-55.82876,52.52196],[-56.21817,52.54027],[-55.97594,52.61359],[-55.80211,52.59772],[-56.16246,52.81798],[-55.97517,52.7779],[-55.81163,52.83043],[-55.95572,53.0222],[-55.7469,53.14574],[-55.81208,53.33006],[-56.2403,53.5362],[-56.25023,53.58458],[-56.60619,53.67866],[-56.4274,53.72163],[-56.98347,53.72748],[-57.13536,53.5504],[-57.37743,53.4337],[-57.31778,53.58519],[-57.51769,53.6258],[-57.12413,53.74165],[-57.46618,54.2003],[-58.01159,54.23973],[-58.37487,54.19965],[-58.32177,54.09284],[-58.12808,54.09789],[-58.85314,53.94196],[-59.07067,53.79625],[-59.02221,53.7143],[-59.32999,53.65717],[-59.5111,53.55541],[-59.87312,53.48774],[-60.02904,53.3581],[-60.30211,53.2718],[-60.38174,53.33698],[-60.10163,53.50202],[-60.63671,53.70384],[-60.93432,53.72826],[-60.82128,53.77973],[-60.50255,53.70808],[-60.1361,53.52936],[-60.083,53.76435],[-59.86596,53.83898],[-59.47452,53.82811],[-58.97452,53.9715],[-58.85839,54.05012],[-58.6035,54.05589],[-58.39489,54.23656],[-58.69811,54.12438],[-59.30285,54.01838],[-59.3983,54.04943],[-58.72741,54.1457],[-58.46809,54.23363],[-58.22716,54.26301],[-58.18615,54.35859],[-57.67833,54.37743],[-57.35318,54.56676],[-57.44982,54.64936],[-57.66755,54.63345],[-57.84699,54.73872],[-58.15949,54.74217],[-58.20352,54.79743],[-58.91979,54.85546],[-58.89249,54.95441],[-59.02741,55.16197],[-59.25227,55.21589],[-59.44762,55.06196],[-59.85009,54.87458],[-59.43004,55.14204],[-59.49523,55.19465],[-59.79996,55.11274],[-59.77636,55.33186],[-59.99645,55.24348],[-60.13952,55.284],[-60.67032,55.00983],[-60.35534,55.2591],[-60.53673,55.2049],[-60.36242,55.39045],[-60.20157,55.42121],[-60.49352,55.6601],[-60.33129,55.76008],[-60.48961,55.81049],[-60.6022,55.62788],[-60.60196,55.81957],[-61.06591,55.84956],[-61.13899,55.97215],[-61.40274,55.95991],[-61.34484,56.22248],[-61.93529,56.21735],[-62.07848,56.2982],[-61.6267,56.28368],[-62.08104,56.42955],[-61.97741,56.51069],[-61.66759,56.50328],[-61.94017,56.61616],[-62.56786,56.79597],[-62.54467,56.83946],[-62.08869,56.8413],[-62.48388,56.77558],[-61.86889,56.63727],[-61.89415,56.80537],[-61.66417,56.80895],[-61.62946,56.8944],[-61.50178,56.97895],[-61.34484,56.98969],[-61.38191,57.12108],[-61.78429,57.15477],[-62.02391,57.25715],[-61.81705,57.37739],[-62.15937,57.46906],[-62.37706,57.42853],[-62.24372,57.54499],[-61.88988,57.62499],[-62.00715,57.78136],[-62.14053,57.8332],[-62.06574,57.89891],[-62.33918,57.984],[-62.52416,58.11018],[-62.451,58.16779],[-62.92618,58.13288],[-63.13825,57.99986],[-63.07909,58.15534],[-62.66137,58.17585],[-62.5786,58.50422],[-63.00967,58.4287],[-63.26403,58.47004],[-62.84651,58.66926],[-62.92691,58.82319],[-63.16161,58.92247],[-63.16198,59.03002],[-63.38663,59.102],[-63.7438,59.01813],[-63.36303,59.18773],[-63.54393,59.21979],[-63.53156,59.34772],[-64.06599,59.39545],[-63.79503,59.42219],[-63.86408,59.61131],[-64.14786,59.68285],[-64.14786,59.98448],[-64.32604,60.06025],[-64.36897,59.92744],[-64.46325,60.08751],[-64.3806,60.17011],[-64.84879,60.36571],[-65.06652,59.97765],[-65.22419,59.84113],[-65.54625,59.73127],[-65.42894,59.53205],[-65.18554,59.46312],[-65.55993,59.49103],[-65.37182,59.2801],[-65.74266,59.26789],[-65.64249,59.07331],[-65.965,58.89106],[-65.80211,58.8673],[-66.10863,58.77912],[-65.93716,58.60944],[-66.38239,58.85358],[-66.55362,58.71019],[-66.63541,58.49091],[-66.94664,58.49836],[-67.46483,58.2851],[-67.66242,58.11595],[-67.67544,58.42345],[-67.78698,58.47004],[-67.90026,58.25585],[-67.88976,58.49873],[-68.13687,58.52338],[-68.30988,58.12092],[-68.46862,58.02037],[-69.22374,57.86205],[-68.97012,57.9604],[-68.47716,58.04365],[-68.34187,58.14448],[-68.19103,58.54637],[-68.29149,58.53449],[-68.36156,58.78352],[-68.78694,58.92247],[-69.25634,58.89916],[-69.60822,58.76036],[-69.79572,58.59846],[-69.92121,58.77912],[-69.80175,58.82628],[-69.83943,59.04564],[-69.7047,58.96308],[-69.68391,58.80541],[-69.45165,58.89521],[-69.54166,59.128],[-69.44953,59.2285],[-69.23253,59.24128],[-69.44546,59.36131],[-69.62706,59.30671],[-69.69148,59.56114],[-69.52058,59.67662],[-69.6577,59.70332],[-69.56151,59.86469],[-69.76977,59.97106],[-70.57771,59.97724],[-70.29515,60.02546],[-69.77306,60.00434],[-69.61099,60.10106],[-69.60245,60.22468],[-69.76989,60.32404],[-69.82901,60.52574],[-69.6577,60.58409],[-69.7198,60.68403],[-69.38134,60.79987],[-69.53661,61.0797],[-69.93871,60.8402],[-70.08971,60.90253],[-70.11022,61.06013],[-70.3251,61.10041],[-70.45751,61.02961],[-71.37145,61.14952],[-71.80557,61.34785],[-71.58312,61.41022],[-71.89159,61.43696],[-71.80354,61.5423],[-71.54865,61.57465],[-71.65201,61.64985],[-71.99523,61.67711],[-72.23233,61.88129],[-72.60521,61.94367],[-72.62914,62.11689],[-73.06216,62.18757],[-73.20954,62.31281],[-73.57144,62.39484],[-73.67072,62.48212],[-74.41686,62.25251],[-74.7049,62.25251],[-74.77033,62.15754],[-75.00609,62.26899],[-75.32775,62.31745],[-75.59215,62.26679],[-76.59569,62.45808],[-77.49083,62.58832],[-78.02404,62.39179],[-78.1549,62.29731],[-78.08483,61.88805],[-77.93985,61.69359],[-77.79271,61.70136],[-77.54548,61.48534],[-77.78527,61.4547],[-77.81237,61.08808],[-78.16552,60.86835],[-78.19652,60.79267],[-77.91942,60.83527],[-77.89489,60.75231],[-77.60684,60.7591],[-77.82925,60.64326],[-77.54695,60.54743],[-77.74226,60.42585],[-77.40827,60.13532],[-77.63418,60.06647],[-77.23632,60.00495],[-77.41832,59.91364],[-77.29161,59.79955],[-77.79869,59.68285],[-77.73721,59.5395],[-77.88117,59.48493],[-77.8192,59.29304],[-78.10656,59.20991],[-78.31261,58.98395],[-78.5454,58.90205],[-78.47509,58.69847],[-78.57331,58.67548],[-78.03148,58.38813],[-77.6007,58.27135],[-77.07933,57.96149],[-76.8087,57.67552],[-76.58934,57.27131],[-76.50373,56.78376],[-76.54515,56.29503],[-76.65868,56.07298],[-77.16381,55.70917],[-77.1129,55.67536],[-77.78161,55.27351],[-78.39224,55.02753],[-78.96744,54.852],[-79.62849,54.71483],[-79.76561,54.65278],[-79.49063,54.46259],[-79.38207,54.19408],[-79.04625,54.18049],[-79.16918,54.09105],[-78.97956,54.01923],[-79.11457,53.50886],[-78.94323,53.3819],[-78.90168,53.201],[-78.9842,53.02843],[-78.78555,52.98188],[-78.90168,52.92662],[-78.77497,52.82616],[-78.78555,52.65913],[-78.58633,52.54243],[-78.49958,52.35582],[-78.5913,52.10615],[-78.89257,51.94676],[-78.84057,51.84227],[-79.03881,51.7685],[-78.79239,51.61079],[-78.91979,51.23298],[-79.00658,51.45576],[-79.26586,51.52778],[-79.32323,51.66698],[-79.56017,51.55553],[-79.51919,51.46739],[-79.70075,51.38544],[-79.74454,51.12352],[-80.10827,51.29609],[-80.38512,51.34138],[-80.68977,51.16157],[-80.84813,51.12352],[-80.5843,51.31505],[-80.4298,51.35716],[-80.59488,51.71137],[-80.97911,52.00182],[-81.39061,52.12779],[-81.51203,52.23933],[-81.79186,52.26423],[-81.58145,52.31647],[-81.56383,52.45624],[-81.9182,52.68037],[-81.98815,52.79845],[-82.30118,52.9676],[-82.23815,53.22142],[-82.11852,53.27729],[-82.21923,53.60444],[-82.12605,53.8122],[-82.24258,54.06505],[-82.4309,54.22822],[-82.42097,54.38386],[-82.2014,54.83393],[-82.25227,55.11791],[-82.87719,55.16051],[-83.0397,55.23896],[-83.18505,55.20148],[-83.65803,55.24864],[-83.92907,55.32652],[-84.61315,55.24519],[-84.9464,55.29515],[-85.19913,55.24242],[-85.41731,54.99921],[-85.38903,55.11213],[-85.15201,55.36042],[-85.43916,55.42843],[-85.69644,55.60378],[-86.28935,55.72565],[-86.98009,55.93358],[-87.31627,55.96235],[-87.57901,56.04621],[-87.97956,56.44286],[-88.31135,56.53803],[-88.64395,56.69343],[-88.87922,56.85993],[-89.05614,56.84553],[-89.39379,56.92817],[-89.82702,56.97602],[-90.58552,57.22993],[-91.03112,57.26464],[-92.2235,57.02147],[-92.49096,57.03807],[-92.7049,56.95539],[-92.45678,57.22297],[-92.42357,57.35444],[-92.75699,57.86591],[-92.80777,58.07575],[-93.12849,58.52839],[-93.15575,58.74437],[-93.71744,58.79218],[-94.1774,58.77912],[-94.43688,58.72382],[-94.48526,58.82005],[-94.80744,59.01813],[-94.72277,59.34227],[-94.82189,59.65034],[-94.82136,59.94811],[-94.70287,60.10566],[-94.61559,60.39228],[-94.73851,60.53937],[-94.52001,60.54682],[-94.35155,60.8581],[-94.24234,60.90339],[-93.99865,61.2246],[-94.11473,61.32832],[-93.83357,61.32832],[-93.98497,61.45799],[-93.24625,61.78376],[-93.59748,61.95384],[-93.33674,61.89655],[-92.9298,62.11656],[-93.07356,62.17805],[-92.70922,62.27644],[-92.71833,62.46467],[-92.45938,62.54723],[-91.98347,62.5316],[-91.96801,62.65502],[-92.2036,62.66682],[-92.45393,62.79393],[-92.13475,62.8769],[-91.44196,62.78693],[-91.03112,62.9514],[-90.82567,62.93834],[-90.64362,63.06892],[-90.78474,63.39765],[-91.0174,63.47114],[-91.37108,63.48505],[-91.80687,63.71589],[-92.46744,63.52839],[-92.54564,63.55476],[-92.09996,63.69929],[-93.21719,63.91096],[-93.36852,63.81721],[-93.64729,63.88146],[-93.76594,63.99348],[-93.47891,64.03392],[-92.78624,63.90099],[-92.37377,63.77912],[-91.67341,63.72224],[-90.97452,63.57868],[-90.55777,63.59825],[-90.5712,63.67072],[-90.25939,63.60786],[-89.96915,63.82221],[-90.09203,63.95258],[-89.81273,63.96015],[-89.93212,64.1175],[-89.78637,64.25023],[-89.56505,64.07612],[-89.04931,63.94636],[-89.29068,64.13691],[-88.99649,64.01061],[-88.73461,63.97236],[-87.98168,64.19151],[-87.80508,64.51997],[-87.59996,64.55817],[-86.93822,65.14195],[-87.04695,65.23798],[-87.71109,65.30101],[-87.75088,65.26752],[-89.03987,65.32819],[-89.39379,65.50117],[-89.49144,65.61579],[-89.95812,65.7943],[-91.07046,65.92845],[-91.00446,65.81586],[-91.4973,65.94685],[-90.04426,65.89159],[-89.68798,65.94685],[-88.83141,65.64521],[-88.55028,65.58312],[-88.20547,65.4051],[-87.92748,65.33344],[-87.38077,65.3297],[-86.47468,65.73395],[-86.41246,65.90449],[-85.97435,66.03559],[-85.85666,66.16283],[-86.62059,66.3144],[-86.791,66.42894],[-86.32653,66.5528],[-85.78286,66.5001],[-85.41607,66.56698],[-85.26781,66.28693],[-84.38174,66.19005],[-84.63671,66.34386],[-84.20385,66.32421],[-83.97118,66.20409],[-83.69079,66.19921],[-83.96325,66.47789],[-84.21101,66.59455],[-84.1446,66.68671],[-84.87116,66.94611],[-84.37051,66.97407],[-84.41149,66.88593],[-84.13793,66.71223],[-83.94253,66.82697],[-84.01358,66.63207],[-83.67813,66.52534],[-83.56054,66.34935],[-83.36937,66.35029],[-83.01,66.55052],[-82.63345,66.5633],[-82.18444,66.76862],[-81.9549,66.97679],[-81.52742,66.99604],[-81.23794,67.46052],[-81.45718,67.6284],[-82.08825,67.89952],[-82.01838,68.13048],[-82.3448,68.17552],[-82.3697,68.35627],[-82.63463,68.41124],[-82.47004,68.48481],[-82.01659,68.43391],[-81.26651,68.63874],[-81.23302,68.77391],[-81.81456,68.91376],[-81.2733,69.09186],[-81.34472,69.19489],[-82.14346,69.29792],[-82.28156,69.41942],[-83.19213,69.53685],[-82.5161,69.49372],[-82.61644,69.64672],[-83.25329,69.70881],[-83.75406,69.71174],[-84.33983,69.85969],[-84.86286,69.86164],[-85.05578,69.77709],[-85.32018,69.84699],[-85.5441,69.65351],[-85.38536,69.5642],[-85.53405,69.46332],[-85.34683,69.20091],[-84.52819,69.02363],[-84.95311,69.01854],[-84.80431,68.93342],[-85.14501,68.83478],[-84.78824,68.73558],[-85.36364,68.76289],[-85.66812,68.727],[-85.70629,68.41344],[-85.84406,68.32404],[-85.90172,68.05439],[-86.09765,67.98408],[-86.52929,67.6872],[-86.50194,67.37938],[-86.77896,67.41865],[-86.96068,67.25524],[-87.37279,67.24156],[-87.48379,67.36311],[-88.24861,67.77599],[-88.37955,68.02985],[-88.28331,68.12604],[-88.40685,68.27692],[-88.18,68.35859],[-88.16975,68.23924],[-87.94376,68.20087],[-87.79223,68.33124],[-88.02261,68.80866],[-88.72859,69.08393],[-88.94196,69.23359],[-89.33169,69.2495],[-89.67219,69.0445],[-89.71593,68.64619],[-90.00015,68.37926],[-90.27082,68.24213],[-90.31859,68.37926],[-90.6035,68.44078],[-90.4899,68.59154],[-90.56355,68.79894],[-90.44115,68.8701],[-90.77066,69.10887],[-91.25422,69.29869],[-90.93981,69.30329],[-90.43688,69.49315],[-91.10997,69.51329],[-91.42601,69.6684],[-91.79833,69.48969],[-92.26285,69.66584],[-92.8684,69.70197],[-92.26472,69.87523],[-91.94294,70.02411],[-92.11172,70.08861],[-92.53112,70.07758],[-92.21056,70.18293],[-91.99547,70.12303],[-91.51098,70.16132],[-91.74429,70.35932],[-91.95865,70.25776],[-92.04223,70.42137],[-92.41588,70.66779],[-92.94587,70.81745],[-92.85871,71.14977],[-92.99063,71.35712],[-93.82055,71.65534],[-93.72085,71.76533],[-94.21076,71.7923],[-94.40307,71.6649],[-94.54869,72.00214],[-95.22517,71.94953],[-95.30199,71.72053],[-95.49205,71.72297],[-95.94449,71.55223],[-95.46471,71.48399],[-95.65831,71.29149],[-95.98587,71.41507],[-96.44709,71.29894],[-96.37588,71.10289],[-96.61644,70.82575],[-96.19034,70.62474],[-96.56151,70.31525],[-96.48632,70.09699],[-96.2058,69.86583],[-95.83007,69.80781],[-94.87511,69.57164],[-94.62987,69.68773],[-94.32217,69.45299],[-93.93041,69.43541],[-93.55797,69.53071],[-93.45084,69.47382],[-93.58776,69.3662],[-93.38585,69.37963],[-93.84032,69.16869],[-93.88195,69.2495],[-93.52571,69.44135],[-93.88536,69.34508],[-94.2379,69.33649],[-94.32404,69.15583],[-94.14953,69.06456],[-94.60196,68.96833],[-94.6361,68.75605],[-94.10985,68.7591],[-93.90929,68.99567],[-93.57722,68.86217],[-93.75227,68.61949],[-93.54621,68.56428],[-94.20299,68.37385],[-94.34093,68.24433],[-94.86099,68.03087],[-95.0948,68.0913],[-95.45035,68.07176],[-95.69571,67.71149],[-95.46325,67.63935],[-95.41381,67.45661],[-95.17536,67.28962],[-95.34374,67.15876],[-95.29515,66.904],[-96.09203,66.92699],[-95.86417,66.76647],[-96.39761,66.99457],[-95.88199,66.94676],[-95.34773,66.97382],[-95.52188,67.21959],[-95.83528,67.16584],[-95.58454,67.30134],[-95.73497,67.37645],[-96.0751,67.22582],[-96.253,67.24775],[-96.06802,67.44086],[-96.45958,67.4748],[-96.3439,67.6894],[-96.19717,67.62702],[-96.21203,67.83124],[-95.89672,68.29674],[-96.80187,68.02684],[-96.48949,68.21796],[-96.69001,68.28644],[-97.08064,68.26569],[-97.00992,68.35004],[-97.26036,68.4687],[-97.97964,68.54707],[-97.74763,68.36872],[-98.21312,68.30419],[-98.71809,68.36762],[-98.31554,68.16706],[-98.38366,67.99872],[-98.05891,67.91686],[-97.69323,68.02265],[-97.12011,67.77941],[-97.55793,67.5954],[-98.09211,67.76032],[-98.56798,68.08849],[-98.72704,67.95783],[-98.36095,67.81135],[-99.22667,67.71455],[-99.42369,67.79414],[-100.71703,67.84699],[-100.95686,67.74921],[-101.25243,67.76972],[-101.52945,67.68041],[-101.98058,67.79157],[-102.3059,67.72325],[-102.76256,67.81513],[-102.94835,67.92682],[-103.54377,68.07136],[-103.87857,68.02334],[-104.48388,68.03392],[-104.67569,68.13972],[-104.60196,68.23534],[-105.09512,68.26952],[-105.52701,68.4103],[-105.40917,68.53059],[-105.46959,68.72199],[-105.7508,68.86591],[-106.27212,68.90693],[-107.75308,68.64598],[-108.28083,68.62157],[-108.81505,68.27424],[-108.45271,68.31265],[-108.33764,68.1551],[-107.64135,68.16616],[-107.88903,68.26948],[-107.54654,68.35175],[-107.14078,68.27212],[-106.78673,68.41494],[-106.60424,68.30732],[-106.52204,68.52668],[-105.64835,68.63874],[-105.74763,68.42097],[-106.44567,68.35126],[-106.44347,68.15278],[-106.59952,68.24632],[-106.75817,68.10497],[-107.14664,68.13182],[-107.4287,68.04267],[-107.87951,68.093],[-107.68733,67.9112],[-107.94164,67.85432],[-107.98961,67.69334],[-107.58585,67.50117],[-107.65144,67.40034],[-107.52701,67.21235],[-107.2032,67.12491],[-107.40339,67.04116],[-107.40925,66.81708],[-107.524,67.02041],[-107.75866,67.00886],[-107.56355,66.59455],[-107.24153,66.34854],[-108.13606,66.86009],[-108.16356,66.9645],[-108.52668,67.04149],[-108.62206,67.15965],[-108.30297,67.04035],[-107.88536,67.04824],[-107.99254,67.28246],[-108.32429,67.43513],[-108.51041,67.39204],[-108.59911,67.62531],[-108.73839,67.59321],[-108.82413,67.35716],[-109.07457,67.72199],[-109.7167,67.71918],[-109.69835,67.81013],[-110.34264,67.96841],[-110.82185,67.81696],[-111.21223,67.76236],[-111.16739,67.8461],[-111.54564,67.72138],[-112.32763,67.74555],[-112.42101,67.68244],[-113.85875,67.69623],[-114.78921,67.81696],[-115.11823,67.8039],[-115.5338,67.93439],[-115.11197,68.01618],[-115.24169,68.18692],[-114.75512,68.19432],[-114.96862,68.28315],[-114.33739,68.23591],[-114.01525,68.25267],[-113.90538,68.39981],[-114.52257,68.71723],[-115.03498,68.87515],[-115.94123,69.00312],[-116.31111,68.9477],[-115.97118,68.80927],[-118.04088,69.0246],[-118.66637,69.22549],[-120.27863,69.40778],[-120.80736,69.62352],[-121.42785,69.76683],[-122.03604,69.81867],[-122.951,69.83857],[-123.15734,69.77025],[-123.17756,69.49592],[-123.67687,69.36115],[-123.99791,69.40396],[-124.43847,69.36962],[-124.07478,69.72866],[-124.48034,69.72085],[-124.54088,69.96955],[-124.40811,70.15542],[-125.00609,70.01997],[-124.89712,69.94221],[-125.0323,69.74726],[-125.37011,69.69453],[-125.41588,69.60322],[-125.11685,69.48969],[-125.48396,69.51366],[-125.16124,69.38605],[-125.42471,69.31843],[-125.93863,69.41401],[-126.70177,69.7674],[-127.13646,70.25288],[-127.99153,70.59292],[-128.17821,70.37995],[-128.03238,70.29369],[-127.58202,70.25092],[-128.11107,70.18867],[-128.37023,70.0974],[-128.31037,69.98941],[-128.99413,69.67939],[-129.12291,69.85611],[-130.33825,69.7023],[-130.95507,69.26313],[-130.94494,69.53193],[-131.12633,69.37523],[-131.31705,69.4938],[-131.64867,69.47297],[-131.88044,69.28465],[-132.87365,69.05777],[-132.7257,68.79072],[-133.38817,68.84545],[-133.06574,68.694],[-133.45104,68.79116],[-133.20275,69.03791],[-132.96841,69.06293],[-132.62035,69.29047],[-132.49747,69.16014],[-132.38703,69.31098],[-132.11433,69.36148],[-131.98355,69.53685],[-131.04796,69.64374],[-130.94115,69.5659],[-130.52709,69.78388],[-129.59976,69.9912],[-129.42007,70.13398],[-129.67394,70.26992],[-129.8863,70.0856],[-130.64712,70.14175],[-131.00695,70.03632],[-131.18847,69.8249],[-131.40831,69.96149],[-131.83951,69.77025],[-132.54841,69.74299],[-132.5301,69.63199],[-132.88728,69.66108],[-133.21573,69.4016],[-133.63191,69.39916],[-134.26334,69.24091],[-133.78844,69.4914],[-134.12092,69.54434],[-134.31989,69.72358],[-134.47631,69.44379],[-134.80647,69.50275],[-135.28433,69.41454],[-135.17589,69.26215],[-135.43342,69.33393],[-135.83788,69.30907],[-135.95417,69.04841],[-135.86848,68.90693],[-135.60607,68.91136],[-135.36791,68.78213],[-135.37877,68.67402],[-136.06762,68.88532],[-136.66299,68.8758],[-137.19115,68.9479],[-138.09553,69.14012],[-138.95568,69.40664],[-139.14379,69.51366],[-139.91796,69.62132],[-140.22273,69.59911],[-141.00556,69.65095],[-141.00508,68.63049],[-141.0047,67.75581],[-141.00415,66.58958],[-141.00364,65.56918],[-141.00315,64.54867],[-141.0026,63.38249],[-141.00229,62.65359],[-141.00183,61.63309],[-141.00116,60.32107],[-140.53374,60.21855],[-140.42411,60.29317],[-140.01579,60.18739],[-139.62835,60.3341],[-139.10161,60.3466],[-139.18215,60.07339],[-138.6921,59.88689],[-138.59921,59.75382],[-137.61136,59.23933],[-137.42311,58.90772],[-136.84082,59.14817],[-136.61349,59.15422],[-136.46655,59.2878],[-136.46756,59.46164],[-136.27504,59.48645],[-136.35033,59.59238],[-135.92382,59.66675],[-135.48276,59.79248],[-135.0162,59.54345],[-135.09575,59.41886],[-134.93243,59.27065],[-134.70552,59.24011],[-134.39802,59.05195],[-134.22219,58.84271],[-133.87123,58.7359],[-133.39224,58.40388],[-133.37457,58.29097],[-133.16559,58.14731],[-132.55245,57.49908],[-132.23099,57.19682],[-132.34122,57.08039],[-132.03186,57.02841],[-132.10738,56.85875],[-131.87156,56.79346],[-131.79911,56.58766],[-131.58589,56.59505],[-131.10055,56.40767],[-130.83909,56.37245],[-130.49552,56.23243],[-130.40397,56.1219],[-130.11676,56.10565],[-130.01962,55.90795],[-130.11559,55.77998],[-130.09976,55.58723],[-129.95792,55.27351],[-130.16739,55.0854],[-130.06379,55.00288],[-129.7838,55.36595],[-129.82482,55.61921],[-129.69445,55.41376],[-129.7528,55.2871],[-130.06379,54.95441],[-130.20153,54.7285],[-130.37243,54.66425],[-130.05297,54.33739],[-130.38297,54.62328],[-130.45824,54.34862],[-130.27221,54.3581],[-130.29288,54.23745],[-130.05012,54.1562],[-130.10473,53.94709],[-129.33495,53.39692],[-129.24201,53.44741],[-129.22834,53.63272],[-128.93285,53.77635],[-128.62194,54.03213],[-128.78889,53.78091],[-128.81273,53.57294],[-128.97448,53.55663],[-128.8806,53.4477],[-128.87548,53.30622],[-128.54674,53.13597],[-128.49747,52.89472],[-128.2755,52.79975],[-128.13834,52.92666],[-128.1256,52.75283],[-128.22623,52.46052],[-128.39224,52.29605],[-128.23461,52.3264],[-128.09236,52.51325],[-128.06387,52.40591],[-127.86075,52.21601],[-127.28551,52.45905],[-127.25866,52.55329],[-126.92553,52.73428],[-127.22765,52.52285],[-127.15901,52.35554],[-127.04308,52.30976],[-127.63809,52.08373],[-127.68493,51.95002],[-127.8496,51.92011],[-127.87369,51.67341],[-127.72814,51.45995],[-127.62271,51.47818],[-127.47671,51.6752],[-127.35009,51.71381],[-126.69933,51.66543],[-127.31574,51.65575],[-127.52123,51.58906],[-127.55187,51.47089],[-127.77965,51.33055],[-127.57144,51.30061],[-127.78954,51.23339],[-127.53075,51.00373],[-127.0218,50.82193],[-126.84618,50.94343],[-126.67422,50.87816],[-126.48351,50.96467],[-126.48868,50.81672],[-126.18383,50.86787],[-126.15184,50.77399],[-126.22667,50.69282],[-125.74348,50.71723],[-125.67927,50.87031],[-125.51211,50.96084],[-125.69913,50.6894],[-126.27725,50.62588],[-126.16031,50.59772],[-126.24226,50.50104],[-125.95458,50.47574],[-125.83625,50.52766],[-125.64387,50.44843],[-125.43224,50.46605],[-125.35668,50.54312],[-125.20816,50.4267],[-125.05744,50.47728],[-125.08153,50.32469],[-124.9667,50.41242],[-124.83015,50.31761],[-124.67199,50.43085],[-124.42479,50.46625],[-124.71345,50.33137],[-124.60521,50.23286],[-124.73217,49.95429],[-124.40372,49.76732],[-123.88182,49.84736],[-124.06111,49.63081],[-123.96377,49.52115],[-123.5546,49.38996],[-123.48949,49.51504],[-123.24861,49.59781],[-123.27001,49.33535],[-123.14338,49.20747],[-123.09051,48.99252],[-123.03531,48.9925],[-122.95128,49.08295],[-122.75302,48.99252]]],[[[-67.17602,45.17866],[-67.04007,45.07563],[-66.94347,45.18977],[-66.8889,45.0607],[-66.49096,45.15563],[-66.42882,45.08373],[-66.06021,45.25804],[-65.90941,45.21027],[-65.54499,45.32958],[-65.31505,45.45922],[-64.75626,45.62779],[-64.57242,45.8607],[-64.48086,45.72789],[-64.64879,45.55907],[-64.90201,45.43],[-64.92931,45.32632],[-64.6966,45.32632],[-64.57616,45.41564],[-63.59301,45.39517],[-63.36022,45.36107],[-63.80142,45.31102],[-64.36754,45.10782],[-64.3487,45.31944],[-64.51065,45.22858],[-64.86319,45.13955],[-65.72346,44.72744],[-65.53673,44.73664],[-65.74865,44.60692],[-65.78588,44.69636],[-65.99877,44.57966],[-65.84789,44.55651],[-66.11368,44.34337],[-66.21044,44.08556],[-66.17007,43.86026],[-66.02815,43.7023],[-65.90941,43.81924],[-65.71931,43.5089],[-65.56599,43.57404],[-65.47484,43.47093],[-65.32722,43.6964],[-65.12857,43.67467],[-64.83898,43.82966],[-64.8474,43.9291],[-64.66698,43.99787],[-64.33348,44.29914],[-64.30553,44.56599],[-64.04125,44.52261],[-64.06599,44.63426],[-63.88842,44.69636],[-63.92943,44.51134],[-63.54857,44.47321],[-63.58755,44.66417],[-63.43895,44.59634],[-63.28515,44.62743],[-63.10265,44.784],[-63.05858,44.6752],[-62.47574,44.90111],[-62.46715,44.84138],[-62.23375,44.9593],[-62.05752,44.97549],[-61.70238,45.16926],[-61.38915,45.16356],[-61.27855,45.25401],[-61.11974,45.21345],[-60.99865,45.33316],[-61.45075,45.34935],[-61.26732,45.44343],[-61.47053,45.68309],[-61.61978,45.61433],[-61.89415,45.70372],[-61.92431,45.88915],[-62.47045,45.61449],[-62.63341,45.71735],[-63.10066,45.81135],[-63.28795,45.72419],[-63.49193,45.88264],[-63.8059,45.88866],[-64.09325,46.03262],[-63.77111,46.11522],[-63.94628,46.17878],[-64.15127,46.16633],[-64.25329,46.23444],[-64.51403,46.23941],[-64.90583,46.88687],[-64.82543,47.0891],[-65.36754,47.0878],[-65.12255,47.20275],[-64.86783,47.4857],[-64.78596,47.73896],[-64.82628,47.8155],[-65.20934,47.81969],[-65.47741,47.6837],[-65.62881,47.67064],[-65.81786,47.90742],[-66.319,48.01105],[-66.38589,48.07514],[-66.73152,47.98652],[-66.51537,48.1081],[-66.09557,48.09715],[-65.89574,48.22553],[-65.78384,48.11559],[-65.4322,48.00328],[-65.18102,48.04283],[-64.77937,48.20405],[-64.72326,48.3354],[-64.35961,48.41303],[-64.18883,48.5266],[-64.16218,48.62963],[-64.52965,48.88239],[-64.16881,48.76183],[-64.22118,48.89436],[-64.55256,49.09736],[-64.96349,49.21931],[-65.56579,49.26647],[-66.21931,49.20787],[-66.62206,49.12263],[-67.42516,48.8736],[-67.54678,48.86237],[-67.96203,48.70165],[-68.20564,48.64191],[-69.05443,48.23237],[-70.03108,47.46959],[-70.5349,47.01057],[-71.15795,46.84081],[-71.30248,46.74519],[-71.71418,46.63219],[-71.84569,46.66828],[-72.18993,46.52623],[-72.27432,46.42056],[-72.49596,46.3605],[-72.73103,46.17662],[-73.1398,46.05834],[-73.25935,45.85411],[-73.41283,45.75153],[-73.55728,45.41429],[-73.68737,45.43122],[-74.04845,45.23253],[-74.39957,45.14476],[-74.47354,45.06713],[-74.71296,44.99925],[-73.39916,45.00439],[-71.50408,45.01374],[-71.33432,45.28871],[-71.14172,45.25233],[-71.01654,45.34313],[-70.90691,45.24623],[-70.68679,45.57272],[-70.40735,45.73153],[-70.26315,45.95683],[-70.31136,46.07187],[-70.1884,46.35841],[-70.07432,46.41955],[-70.00776,46.70408],[-69.26763,47.43984],[-69.06965,47.43189],[-69.0402,47.24906],[-68.90623,47.19022],[-68.19705,47.3414],[-67.96244,47.19769],[-67.80518,47.03563],[-67.78457,45.96014],[-67.80012,45.69985],[-67.44996,45.61081],[-67.47502,45.28235],[-67.35627,45.16593],[-67.17602,45.17866]]],[[[-54.12255,47.64273],[-54.35106,47.40302],[-54.24405,47.4077],[-54.12255,47.64273]]],[[[-53.5677,48.19082],[-53.6494,48.15693],[-53.70442,48.1516],[-53.8413,48.17137],[-53.92101,48.21662],[-53.87523,48.10651],[-53.5655,48.08218],[-53.5677,48.19082]]],[[[-54.88345,49.55508],[-54.73644,49.52436],[-54.54605,49.58478],[-54.88345,49.55508]]],[[[-54.27676,49.57559],[-54.03002,49.65746],[-54.15046,49.75373],[-54.30748,49.67178],[-54.27676,49.57559]]],[[[-52.62881,47.52668],[-52.70421,47.75601],[-52.79841,47.78815],[-52.86115,47.60839],[-53.12194,47.43724],[-53.25182,47.62539],[-52.9029,48.0952],[-53.27648,48.01643],[-53.49869,47.74641],[-53.55386,47.53925],[-53.84679,47.70677],[-53.60855,48.05427],[-53.90518,48.08511],[-53.92528,48.23701],[-53.84508,48.19082],[-53.75463,48.19331],[-53.63947,48.16934],[-53.54092,48.23981],[-53.38842,48.28612],[-53.36217,48.38321],[-53.18741,48.35529],[-53.05846,48.43586],[-52.9829,48.60419],[-53.08454,48.69986],[-53.24352,48.52635],[-53.41417,48.62377],[-53.54711,48.49242],[-53.90343,48.56818],[-53.65958,48.64712],[-53.75023,48.71214],[-53.89354,48.63203],[-53.91771,48.80097],[-54.02086,48.81538],[-53.89635,48.98054],[-53.60896,49.04369],[-53.45368,49.24217],[-53.66373,49.35944],[-54.04109,49.48086],[-54.37291,49.42231],[-54.54475,49.52912],[-54.81696,49.27562],[-55.05419,49.29438],[-55.27257,49.20995],[-55.12816,49.46638],[-55.31485,49.53461],[-55.23632,49.38996],[-55.5209,49.4936],[-55.64476,49.39029],[-55.77416,49.5135],[-56.13073,49.42915],[-55.87719,49.59602],[-55.8356,49.69164],[-56.069,49.69843],[-55.49523,49.91914],[-55.49299,50.01439],[-55.76732,49.93867],[-55.89257,50.03148],[-56.14867,49.96003],[-56.06664,50.09618],[-56.14879,50.15571],[-56.31705,50.03925],[-56.36319,49.89765],[-56.54751,49.85419],[-56.8378,49.55634],[-56.78156,49.72944],[-56.9051,49.75373],[-56.74059,49.87718],[-56.73876,50.0268],[-56.52343,50.19644],[-56.42785,50.37568],[-56.09561,50.67927],[-55.74332,51.07014],[-55.71911,51.18431],[-56.01842,51.21825],[-56.0349,51.38422],[-55.61742,51.30439],[-55.40852,51.57941],[-55.73786,51.555],[-55.64306,51.47297],[-55.89025,51.50092],[-55.82258,51.62385],[-56.7202,51.31932],[-56.79524,51.13784],[-56.97989,50.98778],[-56.92553,50.91816],[-57.06896,50.80207],[-57.32933,50.71332],[-57.19839,50.59691],[-57.35529,50.60659],[-57.49474,50.42528],[-57.61018,50.16568],[-57.93977,49.70527],[-57.87145,49.52717],[-58.02257,49.55439],[-58.1859,49.44269],[-58.22948,49.26846],[-57.9261,49.19196],[-58.12706,49.13516],[-58.06859,48.97919],[-58.39843,49.13671],[-58.66657,48.72582],[-58.68537,48.60175],[-58.89269,48.5539],[-58.94717,48.65144],[-58.80346,48.77143],[-59.22647,48.53986],[-59.26244,48.4726],[-58.70324,48.55451],[-58.40608,48.49726],[-58.67394,48.37344],[-59.00178,48.1225],[-59.24169,48.01553],[-59.39883,47.88032],[-59.28287,47.75943],[-59.30114,47.6142],[-59.11164,47.56078],[-58.04198,47.69855],[-57.76781,47.61603],[-57.37605,47.63019],[-57.31456,47.58369],[-56.98388,47.58698],[-56.85123,47.53172],[-56.63756,47.58808],[-56.15835,47.64273],[-55.86001,47.79121],[-55.91442,47.65925],[-55.80826,47.6092],[-56.16942,47.50373],[-56.10578,47.4667],[-55.7469,47.58808],[-55.91666,47.45734],[-55.58922,47.5124],[-55.6643,47.43724],[-55.43781,47.47138],[-55.32909,47.67064],[-55.13117,47.58356],[-54.77359,47.67064],[-54.89232,47.53628],[-55.18399,47.46035],[-55.30126,47.26765],[-55.48717,47.14029],[-55.86986,47.07514],[-55.95031,46.90436],[-55.73941,46.85444],[-55.46569,46.93081],[-55.25088,46.91885],[-55.0747,47.081],[-55.09732,47.17178],[-54.83788,47.41926],[-54.75959,47.36278],[-54.50609,47.40253],[-54.24913,47.73013],[-54.17903,47.87897],[-54.01329,47.8072],[-53.88585,47.52749],[-53.89289,47.39289],[-54.19762,46.88581],[-54.05036,46.80805],[-53.57258,47.16206],[-53.49869,47.13565],[-53.64338,46.98542],[-53.52115,46.94465],[-53.64489,46.80117],[-53.55468,46.61835],[-53.26598,46.739],[-53.21133,46.63532],[-53.06688,46.6656],[-52.94127,46.79133],[-52.81408,47.27342],[-52.62881,47.52668]]],[[[-127.91869,51.52204],[-128.00988,51.7237],[-128.15661,51.62788],[-128.08605,51.48688],[-127.94323,51.42243],[-127.91869,51.52204]]],[[[-128.13834,51.864],[-128.03258,51.76423],[-127.95344,51.98749],[-128.15925,52.03482],[-128.2482,51.864],[-128.13834,51.864]]],[[[-130.99665,52.11172],[-131.10875,52.15404],[-131.1127,52.00186],[-130.99665,52.11172]]],[[[-128.2482,52.02167],[-128.16023,52.19855],[-128.29638,52.10594],[-128.2482,52.02167]]],[[[-128.22777,52.21284],[-128.4473,52.23801],[-128.52244,52.15755],[-128.22777,52.21284]]],[[[-128.0974,52.24079],[-127.9077,52.20087],[-127.96085,52.29605],[-128.0974,52.24079]]],[[[-127.24083,52.42642],[-127.75105,52.25019],[-127.88825,51.95344],[-127.69811,52.00406],[-127.64224,52.13813],[-127.20669,52.35065],[-127.24083,52.42642]]],[[[-128.61823,52.45368],[-128.75536,52.46735],[-128.6796,52.26813],[-128.61823,52.45368]]],[[[-128.56298,52.6114],[-128.72468,52.59772],[-128.75723,52.4903],[-128.53409,52.43594],[-128.56298,52.6114]]],[[[-131.56456,52.72744],[-131.70238,52.72126],[-131.61897,52.60566],[-131.46691,52.63614],[-131.56456,52.72744]]],[[[-128.31037,52.42943],[-128.37173,52.79572],[-128.45189,52.63093],[-128.37857,52.378],[-128.31037,52.42943]]],[[[-128.93008,52.61445],[-129.25699,52.82807],[-129.27611,52.72744],[-128.98127,52.45368],[-128.93008,52.61445]]],[[[-128.31037,52.72744],[-128.27497,52.60253],[-128.17317,52.82364],[-128.31037,52.72744]]],[[[-129.30407,53.03588],[-129.46109,53.18671],[-129.55175,53.14289],[-129.39493,53.00039],[-129.30407,53.03588]]],[[[-131.1127,52.17194],[-131.02391,52.2353],[-131.18415,52.31843],[-131.31819,52.28181],[-131.46898,52.50772],[-131.6608,52.54243],[-131.77107,52.78327],[-131.88052,52.84073],[-131.61889,52.92023],[-131.59557,53.04194],[-131.7941,53.25214],[-132.0655,53.16128],[-132.56578,53.14574],[-132.46955,53.02847],[-132.11388,53.00117],[-132.33434,52.92259],[-132.13378,52.75471],[-132.08601,52.85773],[-131.93879,52.77314],[-132.08601,52.73428],[-131.88264,52.57616],[-131.65779,52.47785],[-131.26293,52.1247],[-131.1127,52.17194]]],[[[-128.80378,52.70067],[-128.74852,52.91303],[-128.66934,52.9079],[-128.75536,52.60391],[-128.60562,52.61123],[-128.53873,53.01972],[-128.63467,53.16315],[-128.90502,53.29336],[-129.07811,53.3028],[-129.07897,53.11107],[-129.18981,53.02334],[-129.057,52.74103],[-128.80378,52.70067]]],[[[-129.29353,53.1079],[-129.13418,53.12019],[-129.18395,53.31367],[-129.32388,53.22089],[-129.29353,53.1079]]],[[[-128.91364,53.40644],[-128.99722,53.54393],[-129.14818,53.36372],[-128.92797,53.32819],[-128.91364,53.40644]]],[[[-129.74295,53.2353],[-129.88264,53.39818],[-130.2613,53.58063],[-130.49608,53.63923],[-130.53051,53.55976],[-130.31452,53.39277],[-130.08617,53.31232],[-129.93944,53.16889],[-129.74295,53.2353]]],[[[-129.16625,53.3854],[-129.09386,53.50894],[-128.98054,53.58466],[-128.88427,53.57624],[-128.84219,53.71597],[-129.15998,53.62702],[-129.16625,53.3854]]],[[[-130.40636,53.687],[-130.09166,53.5703],[-130.13825,53.70283],[-130.21679,53.71809],[-130.22203,53.77635],[-130.40636,53.687]]],[[[-130.2528,53.89248],[-130.29092,53.83784],[-130.20409,53.80117],[-130.20238,53.73029],[-130.0985,53.70808],[-130.04963,53.5878],[-129.8863,53.58462],[-129.8968,53.4781],[-129.49865,53.21556],[-129.50268,53.31708],[-129.33654,53.36062],[-129.83096,53.73542],[-130.1962,53.91657],[-130.2528,53.89248]]],[[[-130.44738,53.98184],[-130.34944,53.99942],[-130.49144,53.87751],[-130.34122,53.84577],[-130.23152,53.97378],[-130.42162,54.10004],[-130.6739,53.98924],[-130.47155,53.91022],[-130.44738,53.98184]]],[[[-132.57942,53.20722],[-132.22753,53.15681],[-131.90783,53.35806],[-131.94262,53.52163],[-131.87051,53.7829],[-131.69327,53.99189],[-131.66828,54.15314],[-131.91637,54.04011],[-132.13036,54.01093],[-132.07852,53.89248],[-132.2023,53.65546],[-132.48379,53.57714],[-132.35289,53.67276],[-132.52505,53.70384],[-132.24063,53.77705],[-132.11425,53.88129],[-132.29674,54.11229],[-132.54467,54.04019],[-132.57567,54.11835],[-133.04052,54.16454],[-133.1444,53.89692],[-133.11042,53.78661],[-132.93566,53.70063],[-132.92886,53.52253],[-132.51793,53.41267],[-132.70979,53.26179],[-132.57942,53.20722]]],[[[-130.74279,54.60562],[-130.93122,54.62271],[-130.9619,54.45478],[-130.74279,54.60562]]],[[[-57.87145,54.81786],[-57.94131,54.92561],[-58.22525,54.85301],[-58.15709,54.76386],[-57.87145,54.81786]]],[[[-130.43122,54.78998],[-130.25853,54.84309],[-130.18179,55.03156],[-130.46158,54.83153],[-130.43122,54.78998]]],[[[-61.00967,56.04377],[-61.09846,56.17471],[-61.23233,56.0998],[-61.00967,56.04377]]],[[[-61.41373,56.37336],[-61.79735,56.42113],[-61.46215,56.31875],[-61.41373,56.37336]]],[[[-61.22883,56.45527],[-61.59447,56.56049],[-61.63345,56.46955],[-61.22883,56.45527]]],[[[-61.62975,56.84634],[-61.64712,56.73648],[-61.38842,56.62324],[-61.49763,56.78799],[-61.33869,56.93505],[-61.51989,56.94872],[-61.62975,56.84634]]],[[[-61.61294,57.41547],[-61.72281,57.5384],[-61.90038,57.44896],[-61.61294,57.41547]]],[[[-61.85261,57.58613],[-61.99828,57.5727],[-61.92907,57.45612],[-61.85261,57.58613]]],[[[-61.93139,57.79536],[-61.92105,57.90941],[-62.10578,57.83857],[-61.93139,57.79536]]],[[[-69.10197,59.13132],[-69.35416,59.14057],[-69.36352,58.96345],[-69.0818,59.06141],[-69.10197,59.13132]]],[[[-104.49014,68.51586],[-104.6813,68.57856],[-105.06216,68.54951],[-104.65518,68.39802],[-104.49014,68.51586]]],[[[-101.69396,68.77033],[-101.97956,68.826],[-102.35192,68.6872],[-101.8662,68.57246],[-101.69396,68.77033]]],[[[-100.20678,68.8039],[-100.40412,69.02973],[-100.63134,68.99567],[-100.63134,68.79707],[-100.36351,68.72207],[-100.20678,68.8039]]],[[[-100.04231,69.08503],[-100.22737,68.9997],[-100.03482,68.94086],[-100.04231,69.08503]]],[[[-100.98143,69.48225],[-101.27684,69.58535],[-101.1988,69.4055],[-100.98143,69.48225]]],[[[-96.55492,69.47919],[-96.14314,69.35253],[-96.14835,69.56269],[-96.74022,69.57787],[-96.55492,69.47919]]],[[[-95.94449,69.42084],[-95.72175,69.55565],[-95.71166,69.32176],[-95.41299,69.3863],[-95.38077,69.52326],[-95.62951,69.61982],[-95.92325,69.5915],[-95.94449,69.42084]]],[[[-139.11339,69.6542],[-139.11026,69.53685],[-138.87011,69.59211],[-139.11339,69.6542]]],[[[-95.21491,68.86221],[-95.57103,68.83511],[-95.84553,68.89061],[-96.06774,69.23526],[-96.89342,69.49775],[-97.29686,69.69815],[-97.92516,69.89594],[-98.21935,69.79759],[-98.37019,69.60578],[-98.00084,69.44815],[-98.54943,69.58511],[-98.6079,69.44269],[-98.39318,69.31806],[-99.0067,69.13907],[-99.49157,69.12084],[-99.59081,69.01484],[-99.18224,68.83145],[-98.99275,68.95368],[-98.86335,68.83442],[-98.52237,68.75031],[-97.76057,68.65209],[-97.46447,68.53522],[-97.03677,68.55378],[-96.5205,68.44758],[-96.29589,68.48013],[-95.80736,68.7294],[-95.53038,68.67841],[-95.21491,68.86221]]],[[[-100.35139,70.48965],[-100.4864,70.68155],[-100.71451,70.68146],[-100.65563,70.55158],[-100.35139,70.48965]]],[[[-100.87218,69.80781],[-101.0607,70.19611],[-101.52945,70.11286],[-101.69278,70.30874],[-101.95279,70.26972],[-102.85106,70.51634],[-103.13158,70.68232],[-103.13931,70.51057],[-103.97012,70.75104],[-104.10521,70.8981],[-104.64782,71.1197],[-104.49698,71.32575],[-104.28238,71.36396],[-104.38028,71.60004],[-105.03889,72.11396],[-104.95958,72.17837],[-105.30508,72.45661],[-105.36718,72.79243],[-105.83072,73.01333],[-106.234,73.08723],[-106.87344,73.31558],[-107.17243,73.19501],[-107.66202,73.32844],[-108.08764,73.35415],[-107.86791,73.18964],[-108.16495,73.20612],[-108.08365,72.76008],[-107.87536,72.57331],[-107.98522,72.51805],[-107.7272,72.28791],[-107.77916,72.1413],[-107.27221,71.909],[-107.25158,71.80614],[-107.56363,71.77521],[-107.72452,71.63483],[-107.98522,71.63483],[-108.28694,71.79873],[-108.1883,71.94953],[-108.41661,71.99047],[-108.40241,72.14875],[-108.66307,72.36103],[-108.63341,72.56558],[-110.0764,72.99575],[-110.70372,73.0091],[-110.48351,72.83918],[-109.79996,72.73102],[-110.17072,72.6894],[-109.78771,72.50438],[-110.04963,72.43944],[-110.38052,72.55952],[-110.72911,72.57128],[-111.08629,72.40827],[-111.0279,72.2853],[-111.36986,72.40819],[-111.6647,72.29214],[-111.85464,72.38142],[-111.2893,72.56599],[-111.21963,72.72411],[-112.0773,72.89802],[-113.015,73.01602],[-113.39094,72.91157],[-113.60407,72.76171],[-113.41259,72.73037],[-113.73404,72.61424],[-114.60424,72.60749],[-114.0231,72.7978],[-113.96198,73.12287],[-114.26513,73.33568],[-114.5843,73.38459],[-117.36925,72.91779],[-117.8673,72.70148],[-118.18981,72.63544],[-118.59341,72.4287],[-118.12487,72.30952],[-118.12784,72.22724],[-118.67821,72.14228],[-119.05431,71.93529],[-119.05089,71.62678],[-118.48864,71.65843],[-118.42894,71.57954],[-118.07632,71.66498],[-117.65372,71.57217],[-118.30826,71.46992],[-118.16198,71.37897],[-117.55134,71.37417],[-115.8236,71.54816],[-115.45466,71.53864],[-116.2058,71.42622],[-116.10342,71.37665],[-117.47492,71.18549],[-117.798,71.1704],[-118.38646,71.0222],[-118.18684,70.83942],[-117.58544,70.60635],[-116.23339,70.63972],[-115.58092,70.58015],[-114.18309,70.66779],[-113.98839,70.71621],[-113.49071,70.68183],[-112.86657,70.5432],[-112.14395,70.49388],[-111.54865,70.26992],[-112.52697,70.24519],[-112.58625,70.20002],[-114.18472,70.31574],[-116.0327,70.22028],[-116.96508,70.12905],[-117.44205,69.98941],[-117.25206,69.76411],[-116.61962,69.57168],[-116.63268,69.46182],[-115.97484,69.3002],[-115.18895,69.24266],[-114.39729,69.28815],[-113.6931,69.19489],[-113.54971,69.04409],[-113.65551,68.80048],[-113.35049,68.59154],[-112.74901,68.46308],[-112.58332,68.50967],[-110.98009,68.54841],[-110.60513,68.61693],[-109.62462,68.64167],[-108.95165,68.74242],[-108.53946,68.94697],[-107.94123,68.94111],[-107.33483,69.02558],[-106.92638,69.23896],[-106.96345,69.36274],[-106.58389,69.50361],[-106.31981,69.40473],[-106.4121,69.18806],[-105.88585,69.17646],[-104.91706,69.04792],[-105.27782,68.95474],[-104.59362,68.86449],[-104.44685,68.94155],[-103.44725,68.7895],[-103.01464,68.80174],[-101.96451,68.96963],[-101.77155,69.19379],[-102.17317,69.35253],[-102.0548,69.48444],[-102.46422,69.48066],[-102.83678,69.38687],[-103.51008,69.61945],[-103.43659,69.70816],[-102.78384,69.53685],[-102.50959,69.5642],[-102.58226,69.74348],[-102.34878,69.76341],[-102.17943,69.90176],[-101.67345,69.64672],[-101.47484,69.89378],[-101.32852,69.67939],[-100.96434,69.66446],[-100.87218,69.80781]]],[[[-72.94896,66.73457],[-73.33214,66.6634],[-73.45564,66.55061],[-74.47216,66.14859],[-74.01232,65.85513],[-73.65319,65.72028],[-73.47444,65.45962],[-74.05114,65.53669],[-74.60875,65.33588],[-75.10973,65.39387],[-75.21544,65.25414],[-75.94909,65.32246],[-75.56212,65.16893],[-75.36315,65.00764],[-75.29402,64.7508],[-75.40722,64.7259],[-75.63305,64.95352],[-75.45234,65.07856],[-75.75731,65.21381],[-76.67687,65.41108],[-77.43566,65.45962],[-77.31404,65.36249],[-77.51415,65.32612],[-77.31281,65.20014],[-77.96361,65.05195],[-78.14399,64.95726],[-78.07311,64.8159],[-78.1966,64.65144],[-77.85399,64.37031],[-77.35082,64.24112],[-77.13325,64.30109],[-76.68895,64.19155],[-76.73034,64.27627],[-76.18806,64.30142],[-75.97834,64.40648],[-75.71577,64.38398],[-75.92182,64.48701],[-75.79304,64.61701],[-74.97212,64.41812],[-74.68102,64.37775],[-74.46874,64.56208],[-74.84862,64.7508],[-74.54389,64.89851],[-74.70836,64.74022],[-74.39448,64.57685],[-74.04979,64.7259],[-74.05134,64.46931],[-74.17394,64.37031],[-73.9958,64.32933],[-73.93318,64.60326],[-73.66405,64.56354],[-73.35151,64.63784],[-73.18037,64.57575],[-73.48188,64.4051],[-73.30834,64.25528],[-73.24336,64.33613],[-72.90559,64.1656],[-72.94188,64.06794],[-72.66625,63.85639],[-72.40559,63.82844],[-72.24177,63.95942],[-72.20063,63.78042],[-72.02302,63.67609],[-71.54979,63.71235],[-71.5832,63.59252],[-71.27717,63.56615],[-71.68623,63.42438],[-72.14232,63.44831],[-71.74738,63.34894],[-71.71349,63.17792],[-71.14208,62.98481],[-70.49323,62.8666],[-70.24031,62.7541],[-69.93895,62.80122],[-69.39082,62.7521],[-69.58678,62.6577],[-69.02717,62.37979],[-68.55366,62.24974],[-67.33776,62.13996],[-67.08751,62.034],[-66.74555,62.01289],[-66.66242,61.93757],[-66.27448,61.8581],[-65.95043,61.89688],[-66.1422,62.01289],[-65.93,62.19782],[-66.15526,62.24811],[-66.35822,62.45173],[-66.75971,62.68391],[-67.00621,62.65717],[-67.03974,62.77387],[-67.53694,63.04499],[-68.14692,63.16063],[-68.49958,63.43122],[-68.86335,63.60993],[-68.99022,63.74042],[-68.73082,63.77725],[-68.12043,63.60236],[-67.73127,63.3697],[-67.81953,63.59235],[-67.68969,63.63288],[-67.50068,63.44282],[-66.77282,63.09907],[-66.57421,63.16494],[-66.41841,63.00751],[-65.96349,62.93749],[-65.60383,62.82514],[-65.2447,62.7801],[-65.35017,62.7071],[-65.16963,62.56843],[-64.93952,62.63105],[-65.28527,62.98408],[-64.88707,62.86937],[-64.62776,62.91108],[-64.79223,63.13011],[-65.05976,63.17792],[-65.14912,63.28779],[-64.90209,63.23941],[-65.09931,63.54951],[-64.95031,63.63862],[-64.77172,63.3288],[-64.53681,63.25519],[-64.50483,63.64411],[-64.70678,63.76227],[-64.92951,63.77766],[-64.89525,63.89737],[-64.64668,63.97549],[-65.1931,64.02192],[-65.05293,64.06867],[-65.52587,64.32933],[-65.26891,64.29564],[-65.09423,64.41966],[-65.69111,64.48798],[-65.75243,64.59003],[-65.58283,64.75682],[-65.95214,64.88451],[-66.21797,64.69245],[-66.14965,64.87055],[-66.6822,65.04418],[-66.68403,64.80964],[-66.93733,65.24116],[-67.09797,65.20307],[-67.0843,65.46772],[-67.45869,65.50117],[-67.27314,65.64521],[-67.86897,65.64521],[-68.00756,65.78071],[-68.20539,65.79605],[-68.33434,66.0493],[-68.05297,66.0078],[-68.52379,66.20694],[-68.25841,66.21857],[-67.97265,66.08344],[-67.9228,65.90323],[-67.17011,65.93256],[-67.16328,66.03559],[-67.75292,66.25471],[-67.87658,66.46381],[-67.57478,66.41918],[-67.38984,66.29938],[-67.1291,66.3168],[-67.14277,66.44025],[-67.37861,66.54922],[-66.86156,66.54271],[-66.76598,66.38508],[-66.47179,66.35029],[-66.54011,66.24478],[-66.28059,66.24226],[-65.95906,66.11469],[-65.55993,66.23469],[-65.9604,66.05268],[-65.8994,65.95368],[-65.39314,65.98225],[-64.85041,66.12002],[-64.85432,66.02945],[-65.35334,65.91413],[-65.45385,65.67935],[-65.18403,65.65672],[-65.29353,65.56049],[-65.0102,65.36937],[-64.40864,65.4807],[-64.91511,65.34349],[-64.68916,65.2519],[-64.55712,65.09321],[-64.43598,65.32982],[-64.27827,65.10395],[-63.80207,65.16446],[-63.87096,65.0445],[-63.52412,64.90302],[-63.3238,65.2215],[-63.37336,65.32982],[-63.6551,65.46703],[-63.31871,65.59675],[-63.43232,65.84687],[-63.19616,65.63373],[-62.86254,65.65477],[-62.74706,65.58999],[-62.5891,65.72403],[-62.79247,65.86701],[-62.51032,65.79328],[-62.29149,65.8227],[-62.4289,65.97871],[-61.95421,66.01976],[-62.13744,66.15453],[-62.53852,66.22736],[-62.3188,66.30313],[-62.62666,66.44025],[-62.21955,66.39716],[-61.93456,66.28946],[-61.46223,66.37141],[-61.98982,66.41918],[-61.58202,66.47785],[-61.27046,66.6048],[-61.30114,66.67772],[-61.83898,66.97407],[-62.10591,66.91942],[-62.0041,67.03681],[-62.27119,67.04719],[-62.42504,66.92821],[-62.31135,66.72769],[-62.6068,66.95356],[-62.82274,66.80146],[-62.90502,66.97305],[-63.34907,66.89069],[-63.25044,67.13231],[-62.97692,67.22187],[-63.16364,67.33755],[-63.4121,67.21772],[-64.02143,67.21296],[-63.99714,67.45384],[-64.32677,67.4536],[-64.04613,67.52993],[-64.37865,67.77237],[-64.74079,67.82998],[-65.0467,67.72822],[-65.10692,67.84492],[-64.71955,67.98518],[-64.96479,68.05244],[-65.41942,67.91376],[-65.44685,67.99388],[-65.82758,67.96841],[-65.95934,67.81733],[-65.96813,68.03315],[-66.2646,67.96516],[-66.24031,68.08186],[-66.69319,68.14545],[-66.90661,68.06468],[-66.76598,68.24213],[-67.35652,68.35737],[-66.89367,68.42243],[-67.49226,68.5301],[-68.37853,68.60098],[-68.04772,68.6872],[-68.87592,68.76838],[-69.15071,68.8312],[-68.49279,68.79707],[-68.40058,68.84545],[-67.77339,68.784],[-68.04304,68.97224],[-67.73546,69.04011],[-68.50703,69.20112],[-68.13838,69.20336],[-69.01354,69.35936],[-68.19795,69.31098],[-67.67805,69.17719],[-66.66877,69.18456],[-66.78803,69.34003],[-67.22761,69.46434],[-68.00512,69.46198],[-68.58747,69.59101],[-69.29052,69.50873],[-68.72614,69.64672],[-68.34919,69.63312],[-68.01305,69.77607],[-67.11547,69.72866],[-67.2495,69.96345],[-67.54609,70.14761],[-68.05464,70.32514],[-68.32307,70.22338],[-68.19111,70.12661],[-68.6715,69.98314],[-69.48029,69.81867],[-68.64362,70.14704],[-68.70653,70.20942],[-69.68318,70.13959],[-69.75849,69.97289],[-70.22358,69.94562],[-69.8769,70.04401],[-70.08861,70.06826],[-69.4702,70.24811],[-68.48737,70.36921],[-68.36225,70.5843],[-69.09785,70.72309],[-69.59028,70.77342],[-70.04088,70.59663],[-70.48021,70.61319],[-69.95653,70.73452],[-69.91499,70.87987],[-70.98534,70.63369],[-71.35298,70.12328],[-71.18318,70.54312],[-71.51488,70.57905],[-71.75353,70.31464],[-71.72716,70.49706],[-71.52623,70.62051],[-71.26403,70.58356],[-70.80553,70.72435],[-70.51643,70.93708],[-70.78722,71.11457],[-71.15095,71.03775],[-71.32282,70.88719],[-72.33727,70.7578],[-72.35627,70.87873],[-72.04511,71.08478],[-71.44502,71.07347],[-71.11705,71.27045],[-71.5819,71.51508],[-72.4726,71.64728],[-72.63899,71.54548],[-72.83759,71.51069],[-72.75508,71.43561],[-72.99462,71.40766],[-73.04987,71.27045],[-73.44091,71.34683],[-73.56379,71.5585],[-74.01631,71.49018],[-73.59642,71.7639],[-73.90587,71.77562],[-74.52265,71.66258],[-74.72822,71.54418],[-74.63097,71.3902],[-74.92809,71.45604],[-74.63459,71.6551],[-75.08507,71.70311],[-74.26269,71.81977],[-74.11803,71.96723],[-74.23681,72.07612],[-75.28181,72.12409],[-74.94172,72.25739],[-75.19835,72.49763],[-76.65197,72.63874],[-76.88911,72.74348],[-77.60102,72.7558],[-78.44306,72.58698],[-78.53209,72.42561],[-77.7851,72.24433],[-78.56957,72.35566],[-78.87507,72.23066],[-78.916,72.03144],[-78.71894,71.92329],[-79.23066,71.97626],[-78.95051,72.27582],[-79.2834,72.39444],[-79.59382,72.34052],[-79.81884,72.50642],[-80.48286,72.18073],[-80.39668,72.05012],[-80.75939,71.98363],[-81.02632,72.09349],[-80.57201,72.09138],[-80.97175,72.20336],[-80.5124,72.38154],[-80.52607,72.57954],[-80.24547,72.73778],[-80.64033,72.92792],[-80.64277,73.16983],[-81.13353,73.24706],[-81.22907,73.5397],[-81.52839,73.71621],[-82.83112,73.73672],[-84.65803,73.39509],[-85.19298,73.23127],[-84.45885,73.06245],[-85.1754,73.14899],[-85.53563,73.02578],[-85.17195,73.01154],[-84.2379,72.80122],[-85.54328,72.97647],[-85.68208,72.89362],[-85.70246,72.63471],[-85.51452,72.46345],[-85.00805,72.37409],[-84.93916,72.29214],[-84.16454,72.0246],[-85.03584,72.25471],[-85.47643,72.26626],[-85.49535,72.08588],[-85.9875,72.03144],[-85.57343,71.90721],[-85.58344,71.79182],[-85.25788,71.66836],[-84.71325,71.68203],[-84.52827,71.47313],[-84.79869,71.28767],[-84.753,70.9759],[-84.96797,70.92398],[-84.8568,71.15974],[-85.7685,71.1494],[-86.28486,71.00625],[-86.80317,71.00043],[-86.20722,71.07868],[-85.97468,71.17495],[-85.5432,71.18057],[-85.17195,71.2779],[-84.85814,71.27611],[-84.95966,71.42878],[-85.49694,71.51439],[-86.12755,71.79426],[-86.40819,72.0058],[-86.46044,72.20336],[-86.25341,72.3946],[-86.68025,72.64619],[-86.69856,72.81611],[-86.03034,73.30244],[-85.57722,73.5124],[-84.95197,73.66767],[-85.1057,73.812],[-86.71418,73.8474],[-87.76447,73.71674],[-88.68749,73.42304],[-89.31188,73.04629],[-89.29438,72.75263],[-89.5782,72.79243],[-89.58747,72.61665],[-89.78425,72.57331],[-89.963,72.25739],[-89.5782,72.16242],[-89.99254,72.0716],[-90.10468,71.91633],[-89.79792,71.76459],[-90.00398,71.45604],[-89.81342,71.32901],[-88.06696,71.21284],[-87.81794,71.25747],[-87.74901,71.14077],[-87.28242,71.00935],[-87.35859,70.94961],[-88.32494,70.95844],[-88.6424,71.05459],[-89.12633,71.03156],[-89.55773,71.09296],[-89.20885,70.94213],[-89.44909,70.90803],[-88.69408,70.46503],[-87.87938,70.31834],[-88.26293,70.33198],[-87.85253,70.23798],[-87.77973,70.33198],[-87.00495,70.28327],[-87.24873,70.39411],[-87.03144,70.46849],[-86.85822,70.32514],[-86.56599,70.35529],[-86.54987,70.23648],[-85.78291,69.99519],[-85.25483,69.98892],[-85.80036,70.09984],[-85.36933,70.10928],[-84.69477,70.00658],[-83.6728,69.94636],[-83.05162,70.01048],[-82.44148,69.84406],[-82.14354,69.8249],[-81.71154,69.93476],[-82.24604,70.11286],[-81.60005,69.97744],[-80.92931,69.71483],[-80.7799,69.75601],[-81.19323,70.0008],[-81.44526,70.00483],[-81.76244,70.12287],[-81.07152,70.09927],[-80.36653,69.99405],[-79.90608,69.9831],[-79.68086,69.84858],[-78.88805,69.89378],[-78.66511,70.01382],[-78.97065,70.32514],[-79.56513,70.3902],[-79.42431,70.49226],[-79.1599,70.4431],[-79.0799,70.53807],[-78.7447,70.45612],[-78.38911,70.21638],[-77.89155,70.26374],[-77.68257,70.18366],[-77.68269,69.8249],[-77.49091,69.86274],[-76.88911,69.8017],[-76.8354,69.69465],[-77.20287,69.64672],[-76.62959,69.54597],[-76.39131,69.40534],[-76.21715,69.41739],[-75.68745,69.28705],[-75.62096,69.08796],[-75.98986,69.01089],[-76.42248,69.05988],[-76.63813,69.01594],[-76.5338,68.88142],[-76.62499,68.68236],[-76.32555,68.69847],[-75.60652,68.88581],[-75.4864,69.02204],[-75.13915,68.88874],[-75.05158,69.00935],[-74.66804,69.04759],[-75.00109,68.92797],[-74.6848,68.87983],[-74.95934,68.81098],[-74.71776,68.77391],[-74.52318,68.61083],[-74.22004,68.51582],[-73.8852,68.55488],[-74.18757,68.7294],[-73.70775,68.66047],[-73.94738,68.41348],[-73.72802,68.31367],[-72.99462,68.23591],[-72.94404,67.93228],[-72.61889,67.79548],[-72.6728,67.70258],[-72.43611,67.53148],[-72.36982,67.3308],[-72.19335,67.2757],[-72.3509,67.11945],[-72.80346,67.04296],[-72.94896,66.73457]]],[[[-115.32364,73.50869],[-116.86701,74.08755],[-117.41649,74.23249],[-118.06599,74.28071],[-118.72541,74.22077],[-118.98257,74.00727],[-119.14436,74.20905],[-120.15656,74.279],[-121.5808,74.55585],[-122.6232,74.46308],[-123.30354,74.44941],[-124.75569,74.34858],[-124.14533,73.85106],[-123.77375,73.76561],[-124.06794,73.5397],[-124.4453,73.41926],[-124.66641,73.15449],[-124.85993,73.09032],[-124.49039,72.92512],[-125.06823,72.88418],[-124.95238,72.56965],[-125.29918,72.48908],[-125.65099,72.25739],[-125.79043,71.94916],[-125.25341,71.95572],[-124.66169,71.80463],[-124.06456,71.70039],[-123.62352,71.46223],[-123.4357,71.2486],[-123.09992,71.08462],[-122.15608,71.26118],[-121.70055,71.46809],[-121.42317,71.38032],[-120.63524,71.49144],[-120.38337,71.70148],[-120.43399,71.9643],[-120.15274,72.13996],[-120.26122,72.24185],[-119.77282,72.22956],[-119.34016,72.34675],[-119.16389,72.62983],[-117.21548,73.06611],[-116.45905,73.26118],[-115.75377,73.35749],[-115.32364,73.50869]]],[[[-123.36901,48.77424],[-123.5819,48.9313],[-123.49625,48.71556],[-123.36901,48.77424]]],[[[-123.65392,49.03368],[-123.36929,48.86188],[-123.33446,48.90298],[-123.65392,49.03368]]],[[[-124.66442,49.74689],[-124.12316,49.49982],[-124.34789,49.70417],[-124.65758,49.8015],[-124.66442,49.74689]]],[[[-126.65868,49.78783],[-126.76854,49.88345],[-126.98705,49.81513],[-126.80675,49.62739],[-126.61766,49.63081],[-126.65868,49.78783]]],[[[-125.0275,50.14411],[-125.00548,50.01765],[-124.89098,50.06904],[-125.0275,50.14411]]],[[[-125.19884,50.04108],[-125.17976,50.22895],[-125.33601,50.27448],[-125.32372,50.14326],[-125.19884,50.04108]]],[[[-125.33601,50.30174],[-125.2115,50.3181],[-125.28795,50.43741],[-125.33601,50.30174]]],[[[-126.33654,50.60346],[-126.6245,50.53457],[-126.23485,50.55707],[-126.33654,50.60346]]],[[[-126.61766,50.67231],[-126.28807,50.65461],[-126.1859,50.7416],[-126.27229,50.83002],[-126.61766,50.67231]]],[[[-126.78213,50.77473],[-126.63378,50.84809],[-126.9051,50.82933],[-126.78213,50.77473]]],[[[-123.3212,48.49584],[-123.39924,48.68155],[-123.53087,48.68496],[-123.59382,48.83698],[-123.83511,49.00019],[-123.75137,49.02798],[-123.95494,49.22919],[-124.35997,49.35664],[-124.54507,49.37718],[-124.83804,49.51728],[-124.97326,49.68496],[-124.88207,49.72492],[-125.17833,49.92499],[-125.38805,50.19855],[-125.43619,50.31363],[-126.11726,50.45539],[-126.45983,50.47484],[-127.19856,50.62128],[-127.5052,50.77334],[-127.88248,50.86689],[-128.07697,50.87031],[-128.41723,50.77188],[-128.31981,50.60981],[-128.06017,50.45258],[-127.5926,50.54361],[-127.59118,50.48575],[-127.91552,50.46625],[-127.96426,50.36384],[-127.75512,50.25947],[-127.8981,50.11408],[-127.64989,50.17805],[-127.36254,50.03254],[-127.29206,50.14427],[-127.14753,50.08442],[-127.22907,49.94648],[-127.12194,49.85773],[-126.78295,49.94245],[-126.64973,49.89802],[-126.60521,49.73212],[-126.32437,49.64826],[-126.56257,49.58739],[-126.57266,49.41429],[-126.43212,49.47256],[-126.28807,49.3627],[-126.05508,49.4453],[-125.95604,49.2329],[-125.74055,49.2674],[-125.7469,49.10944],[-125.87169,49.09016],[-125.46056,48.92072],[-125.3334,49.04182],[-125.22126,48.95478],[-124.84699,49.02045],[-125.18517,48.80097],[-125.09398,48.73005],[-124.66539,48.57323],[-123.89078,48.36689],[-123.55061,48.31306],[-123.3212,48.49584]]],[[[-64.47745,60.33393],[-64.64135,60.49226],[-64.86156,60.46552],[-64.75031,60.37385],[-64.47745,60.33393]]],[[[-67.8808,60.49681],[-67.99913,60.58589],[-68.24131,60.58561],[-68.43903,60.25933],[-68.32097,60.19713],[-67.97285,60.2903],[-67.8808,60.49681]]],[[[-78.24372,60.83487],[-78.6914,60.7204],[-78.33629,60.75869],[-78.24372,60.83487]]],[[[-64.84057,61.35155],[-64.67504,61.508],[-64.71703,61.66348],[-65.04662,61.69766],[-65.42919,61.66226],[-65.48583,61.59931],[-64.84057,61.35155]]],[[[-65.2412,61.9204],[-65.14733,61.78392],[-64.90148,61.72736],[-64.89196,61.83283],[-65.2412,61.9204]]],[[[-79.28246,62.26992],[-79.55858,62.4204],[-79.8308,62.41079],[-80.21497,62.13766],[-80.28555,61.93037],[-80.1804,61.77426],[-79.75023,61.58592],[-79.326,61.98843],[-79.28246,62.26992]]],[[[-64.3806,62.52749],[-64.7565,62.56708],[-64.92296,62.4195],[-64.59415,62.36982],[-64.3806,62.52749]]],[[[-74.01623,62.67084],[-74.65307,62.71931],[-74.3756,62.63447],[-73.96471,62.60944],[-74.01623,62.67084]]],[[[-70.24059,62.61563],[-70.49249,62.76696],[-71.20816,62.88874],[-70.77807,62.74966],[-70.92516,62.74592],[-70.74055,62.55756],[-70.36198,62.52687],[-70.24059,62.61563]]],[[[-82.19131,62.98615],[-82.42048,62.92797],[-82.73937,62.93838],[-83.11889,62.84724],[-83.29646,62.93089],[-83.51985,62.82636],[-83.55285,62.69969],[-83.90697,62.4914],[-83.673,62.14509],[-83.28063,62.25251],[-83.13459,62.17658],[-82.74669,62.31053],[-82.29597,62.58515],[-81.95694,62.69766],[-81.86237,62.92475],[-82.19131,62.98615]]],[[[-77.53799,63.28779],[-77.68261,63.43867],[-78.18635,63.49323],[-78.53173,63.3902],[-77.94076,63.08715],[-77.55968,63.18476],[-77.53799,63.28779]]],[[[-64.08641,63.33503],[-64.29255,63.43867],[-64.32604,63.64411],[-64.49791,63.61677],[-64.25886,63.32722],[-64.08641,63.33503]]],[[[-76.68887,63.48583],[-76.70934,63.56778],[-77.12027,63.68505],[-77.39696,63.69343],[-77.41828,63.59064],[-76.98209,63.40729],[-76.70197,63.3697],[-76.68887,63.48583]]],[[[-64.88834,63.79491],[-64.61339,63.7875],[-64.72899,63.90266],[-64.88834,63.79491]]],[[[-77.97338,63.96556],[-77.71032,63.94233],[-77.59569,64.04116],[-77.97338,63.96556]]],[[[-73.52961,64.50405],[-73.68419,64.52481],[-73.6542,64.32323],[-73.52961,64.50405]]],[[[-65.54625,64.54841],[-65.22834,64.62495],[-65.29308,64.74022],[-65.68814,64.54759],[-65.54625,64.54841]]],[[[-62.25723,65.74824],[-62.46955,65.66503],[-62.12694,65.67935],[-62.25723,65.74824]]],[[[-80.18334,63.76756],[-80.64387,63.88166],[-80.52188,63.96971],[-80.88878,64.12263],[-80.90372,64.01081],[-81.37328,64.07441],[-82.00011,64.01065],[-81.62719,64.1236],[-81.77131,64.51203],[-82.36596,64.76801],[-82.71451,64.78099],[-83.20836,64.9477],[-83.39769,65.13662],[-84.09846,65.20954],[-84.15225,65.33222],[-84.57738,65.48941],[-84.84797,65.21353],[-85.07673,65.45637],[-85.31648,65.54149],[-85.05236,65.61416],[-85.20104,65.80927],[-85.48827,65.79662],[-85.48651,65.92414],[-85.93893,65.7632],[-86.17394,65.28653],[-86.15933,64.93944],[-86.41942,64.59687],[-86.36482,64.30882],[-86.19286,64.10342],[-86.8959,63.93024],[-87.17736,63.73041],[-87.1754,63.58503],[-86.86815,63.56175],[-86.6612,63.6577],[-86.28539,63.64606],[-85.79357,63.71337],[-85.61701,63.67487],[-85.63516,63.24311],[-85.50975,63.12922],[-85.27391,63.12336],[-84.59024,63.31513],[-84.28425,63.62678],[-84.06387,63.62067],[-83.64924,63.76512],[-83.68529,64.01407],[-83.53942,64.11074],[-83.01374,64.19155],[-83.05923,63.95433],[-82.53392,63.97305],[-82.35582,63.85297],[-82.48176,63.68521],[-82.07461,63.69184],[-81.01887,63.45026],[-80.46642,63.72728],[-80.18334,63.76756]]],[[[-85.00113,66.00764],[-85.18615,65.94685],[-85.11266,65.76211],[-84.71321,65.55516],[-84.57409,65.63565],[-84.71495,65.83527],[-85.00113,66.00764]]],[[[-84.47354,66.09024],[-84.12458,65.90668],[-84.14273,65.76675],[-83.68529,65.74824],[-83.76106,65.67251],[-83.36705,65.6186],[-83.21231,65.706],[-83.53555,65.71678],[-83.80199,65.8227],[-83.69274,65.92573],[-84.06884,66.06289],[-84.47354,66.09024]]],[[[-83.27379,66.30931],[-83.00691,66.19945],[-82.90445,66.26838],[-83.27379,66.30931]]],[[[-62.40746,67.18696],[-62.90152,67.06342],[-62.80777,67.02025],[-62.40746,67.18696]]],[[[-63.75748,67.52277],[-63.9547,67.65497],[-64.03799,67.52961],[-63.75748,67.52277]]],[[[-73.35827,67.83808],[-73.52184,68.00959],[-73.80431,67.99738],[-74.27697,68.07762],[-74.75601,68.06342],[-74.64025,67.85668],[-74.40233,67.77888],[-73.4095,67.77603],[-73.35827,67.83808]]],[[[-66.29638,68.26948],[-66.6527,68.19774],[-66.27058,68.16144],[-66.29638,68.26948]]],[[[-86.57714,68.2906],[-86.68692,68.31037],[-86.98571,68.06745],[-86.83658,67.79182],[-86.59752,67.72822],[-86.41267,67.84492],[-86.40783,68.20775],[-86.57714,68.2906]]],[[[-75.03352,68.17329],[-75.1376,68.23627],[-75.9112,68.34455],[-76.68887,68.26264],[-77.21223,67.87043],[-77.32266,67.70799],[-77.17805,67.42552],[-76.98156,67.24331],[-75.88927,67.258],[-75.39045,67.35765],[-75.06505,67.55244],[-75.04406,67.81696],[-75.16137,67.95311],[-75.03352,68.17329]]],[[[-78.90905,68.32404],[-79.14558,68.34756],[-79.04426,68.16621],[-78.90905,68.32404]]],[[[-74.36876,68.38923],[-74.15388,68.25556],[-74.0841,68.34325],[-74.36876,68.38923]]],[[[-78.61425,68.50629],[-78.46345,68.61953],[-78.93554,68.52188],[-78.61425,68.50629]]],[[[-74.84484,68.57856],[-74.5382,68.555],[-74.79259,68.67569],[-74.84484,68.57856]]],[[[-74.838,68.42023],[-74.98937,68.66877],[-75.23892,68.7248],[-75.41149,68.52277],[-74.81127,68.32404],[-74.838,68.42023]]],[[[-79.07982,68.87897],[-78.82999,68.91743],[-78.45665,69.22907],[-78.21402,69.30288],[-78.60741,69.37299],[-78.97643,69.10371],[-79.20417,69.08491],[-79.423,68.9274],[-79.07982,68.87897]]],[[[-90.25036,69.29792],[-90.20934,69.43452],[-90.4899,69.37987],[-90.25036,69.29792]]],[[[-76.69229,69.41088],[-77.32677,69.41706],[-77.26496,69.14672],[-76.9217,69.12665],[-76.6752,69.31098],[-76.69229,69.41088]]],[[[-67.9099,69.53376],[-67.73107,69.65876],[-67.8806,69.71052],[-68.30773,69.59211],[-67.9099,69.53376]]],[[[-78.39452,69.64672],[-78.85464,69.50422],[-78.51724,69.48477],[-77.94205,69.64672],[-78.14126,69.74982],[-78.39452,69.64672]]],[[[-79.97106,69.63312],[-79.53287,69.63312],[-79.32681,69.70881],[-79.67243,69.82038],[-79.97411,69.73062],[-80.2318,69.80439],[-80.71837,69.75601],[-80.33422,69.55805],[-79.93635,69.53685],[-79.97106,69.63312]]],[[[-87.08422,69.98941],[-86.46036,70.01675],[-86.65075,70.12092],[-87.37902,70.10602],[-87.08422,69.98941]]],[[[-71.50796,71.01728],[-72.01159,71.05215],[-72.22802,70.93529],[-72.11815,70.82543],[-71.43871,70.9099],[-71.50796,71.01728]]],[[[-72.9536,71.51752],[-73.35245,71.53364],[-73.26683,71.36441],[-73.06347,71.32575],[-73.01154,71.4195],[-72.81705,71.44864],[-72.9536,71.51752]]],[[[-72.7379,71.66153],[-73.04357,71.58641],[-72.76529,71.529],[-72.7379,71.66153]]],[[[-96.91771,72.73778],[-96.65087,72.77875],[-96.75939,72.89619],[-96.91771,72.73778]]],[[[-97.07201,73.13813],[-97.10033,72.99201],[-96.6551,72.96357],[-96.65087,73.14183],[-97.07201,73.13813]]],[[[-104.6809,73.62983],[-105.16714,73.75666],[-106.5996,73.71064],[-107.0393,73.48444],[-106.50878,73.41413],[-105.29833,72.85322],[-104.57266,73.33218],[-104.50084,73.56721],[-104.6809,73.62983]]],[[[-80.90339,73.60737],[-80.77131,73.27912],[-80.16381,73.23339],[-80.17614,73.0456],[-79.94864,72.84748],[-79.56843,72.75983],[-79.17544,72.75458],[-78.17089,72.89863],[-76.31896,72.81672],[-76.24328,73.09345],[-76.63427,73.16983],[-76.70197,73.30634],[-77.03987,73.35883],[-77.21349,73.51081],[-78.13854,73.66885],[-79.45031,73.63532],[-80.4462,73.77351],[-80.86181,73.75137],[-80.90339,73.60737]]],[[[-96.32127,72.46686],[-96.61611,72.75202],[-97.06858,72.61424],[-97.03099,72.72411],[-97.25596,72.96206],[-97.98517,73.04414],[-98.38414,72.91218],[-98.34861,73.04365],[-97.7333,73.30634],[-97.15049,73.39509],[-97.4317,73.53229],[-96.99473,73.62592],[-96.9564,73.73729],[-97.26036,73.86123],[-97.90464,73.90225],[-98.09654,73.8183],[-99.2184,73.73945],[-99.80271,73.93696],[-100.21417,73.91987],[-100.02928,73.76561],[-100.41494,73.84366],[-100.88584,73.8321],[-101.04791,73.68256],[-100.54942,73.60053],[-100.69399,73.47769],[-100.91856,73.60297],[-101.22984,73.60615],[-101.62563,73.49136],[-100.85789,73.26284],[-100.33714,73.32624],[-100.61147,73.1481],[-100.22789,73.13443],[-100.0497,72.96369],[-100.42027,72.87499],[-100.44834,72.73811],[-101.29624,72.71857],[-101.53628,72.88862],[-102.0462,73.08031],[-102.48476,73.04125],[-102.75596,72.81232],[-102.61424,72.66132],[-101.96653,72.49706],[-101.84015,72.32648],[-101.44863,72.24213],[-101.22898,72.3354],[-100.95164,72.17866],[-100.63654,72.18647],[-100.03546,71.86762],[-99.86436,71.85944],[-99.41225,71.54548],[-99.23509,71.34959],[-98.94627,71.37393],[-98.71788,71.27167],[-98.21519,71.40941],[-98.04181,71.5312],[-98.21983,71.65864],[-97.46124,71.61738],[-96.96157,71.80683],[-96.55967,71.83983],[-96.55467,72.26423],[-96.66441,72.31826],[-96.32127,72.46686]]],[[[-99.24743,73.85505],[-98.95128,73.80712],[-98.14342,73.8784],[-97.64322,74.07221],[-97.72525,74.12165],[-98.75251,74.03364],[-99.44026,73.909],[-99.24743,73.85505]]],[[[-90.291,73.92329],[-91.57238,74.03315],[-92.27131,73.99217],[-92.79996,74.13182],[-93.66755,74.17284],[-94.72057,74.10139],[-95.24865,74.00991],[-95.31762,73.89199],[-94.8402,73.6916],[-95.24592,73.75971],[-95.66234,73.73094],[-95.72541,73.64151],[-95.58202,73.16234],[-95.71923,73.01154],[-95.66893,72.80215],[-95.19807,72.52294],[-95.14525,71.96589],[-94.7495,72.01533],[-94.12902,72.0246],[-93.81102,72.31631],[-93.46422,72.46345],[-93.8758,72.70991],[-94.15567,72.77131],[-93.40323,72.79434],[-92.38488,72.70991],[-91.85765,72.84797],[-91.37731,73.21345],[-90.3732,73.79239],[-90.291,73.92329]]],[[[-97.73681,74.47138],[-97.37706,74.51236],[-97.50304,74.62303],[-97.73681,74.47138]]],[[[-95.36229,74.59081],[-95.87002,74.58124],[-95.3496,74.49592],[-95.36229,74.59081]]],[[[-103.63842,75.19953],[-103.82055,75.36669],[-104.40323,75.4326],[-104.67687,75.34601],[-104.90648,75.12409],[-104.22948,75.01887],[-103.86726,75.06444],[-103.63842,75.19953]]],[[[-93.43692,74.94432],[-93.49938,75.26801],[-94.39391,75.60423],[-94.89953,75.64472],[-95.79149,75.50104],[-96.46935,75.1944],[-96.61612,74.99152],[-96.34944,75.00869],[-95.89757,74.82587],[-95.30541,74.80549],[-94.72419,74.63178],[-93.60765,74.6542],[-93.43692,74.94432]]],[[[-96.5751,75.43773],[-96.515,75.55024],[-96.20572,75.45799],[-95.91039,75.5607],[-96.41686,75.59479],[-97.05492,75.49921],[-96.87271,75.35737],[-96.5751,75.43773]]],[[[-102.87328,75.7661],[-102.50451,75.79906],[-102.38866,75.89037],[-101.98131,75.95173],[-102.21467,75.99266],[-103.04491,75.90616],[-103.32746,75.75088],[-102.87328,75.7661]]],[[[-94.48526,75.97842],[-94.91047,75.93745],[-94.65779,75.74649],[-94.31652,75.76435],[-94.48526,75.97842]]],[[[-102.57164,75.99266],[-102.44384,76.08991],[-103.97623,75.94428],[-103.69164,75.88898],[-102.57164,75.99266]]],[[[-117.78474,75.89647],[-117.46251,76.08828],[-117.65974,76.12588],[-118.20938,75.96857],[-118.6212,75.92207],[-119.40905,75.60163],[-118.61392,75.50373],[-117.93248,75.73981],[-117.78474,75.89647]]],[[[-78.89542,76.12299],[-79.06819,76.1247],[-79.72313,75.86237],[-79.4252,75.79629],[-78.86071,76.04731],[-78.89542,76.12299]]],[[[-103.81143,76.03364],[-102.83764,76.08063],[-102.53063,76.15717],[-102.72663,76.31562],[-104.312,76.21239],[-104.36775,76.07636],[-103.81143,76.03364]]],[[[-104.39802,76.46874],[-104.37767,76.32486],[-103.33625,76.33173],[-103.07006,76.46459],[-103.57974,76.52684],[-104.02465,76.67048],[-104.65201,76.60204],[-104.39802,76.46874]]],[[[-97.42487,75.51972],[-97.37751,75.67984],[-97.93936,75.74567],[-97.57022,75.86522],[-97.5004,76.15729],[-97.78856,76.32225],[-97.66511,76.48615],[-98.90469,76.62442],[-99.13854,76.45506],[-99.64094,76.63744],[-100.26964,76.64956],[-100.98819,76.50658],[-100.67528,76.38105],[-100.02184,76.30801],[-100.47875,76.23383],[-99.68375,76.12377],[-100.22106,76.13605],[-99.86559,75.9079],[-100.15217,75.91694],[-100.35391,76.06558],[-101.13207,76.24519],[-101.08617,76.34199],[-101.81127,76.45881],[-102.19481,76.29434],[-102.10277,76.22077],[-101.38549,76.25336],[-101.90884,76.08723],[-101.35875,75.77973],[-101.833,75.90583],[-102.26228,75.86982],[-102.24673,75.72443],[-102.68765,75.67797],[-102.63341,75.49811],[-101.44937,75.60765],[-98.93122,75.71418],[-99.82323,75.65624],[-100.04117,75.45722],[-100.72134,75.43773],[-100.40599,75.27334],[-100.33019,75.01407],[-99.64542,74.97602],[-98.03502,75.02627],[-97.56884,75.14981],[-98.1647,75.33417],[-97.81945,75.41621],[-97.72423,75.57221],[-97.42487,75.51972]]],[[[-101.15974,76.58173],[-100.24771,76.73941],[-100.97248,76.73554],[-101.68712,76.58857],[-101.15974,76.58173]]],[[[-89.67496,76.73261],[-89.98217,76.84235],[-90.56802,76.71564],[-90.06477,76.48615],[-89.67496,76.50658],[-89.85928,76.61644],[-89.67496,76.73261]]],[[[-105.39513,75.67426],[-105.51183,75.89057],[-105.75992,75.99018],[-106.60684,76.06159],[-107.04613,75.88898],[-107.89737,75.90111],[-107.85757,76.06586],[-108.49918,76.04047],[-108.08088,76.28685],[-108.73192,76.64322],[-108.46862,76.68627],[-108.77562,76.86416],[-109.49446,76.72285],[-109.80826,76.49165],[-110.38362,76.43085],[-110.38362,76.30052],[-109.8319,76.24079],[-109.30797,76.10253],[-109.43334,76.00361],[-110.0546,75.89647],[-109.10204,75.75007],[-108.83495,75.62275],[-108.89639,75.49238],[-110.51358,75.57331],[-111.25084,75.52188],[-111.45905,75.84186],[-112.18611,75.84809],[-111.76928,75.94741],[-112.36461,76.03364],[-112.43248,76.17084],[-112.99421,76.27326],[-113.96304,76.19062],[-114.20592,76.47101],[-114.45079,76.50092],[-115.51232,76.4562],[-115.91332,76.34903],[-115.77945,76.23729],[-114.97533,76.17731],[-116.16271,76.20384],[-116.70588,76.05781],[-116.70812,75.89956],[-116.20254,75.86807],[-114.85774,75.91079],[-114.87499,75.86738],[-116.88536,75.78901],[-117.19831,75.57551],[-116.11563,75.57779],[-115.05223,75.71027],[-115.26281,75.60163],[-116.0419,75.48481],[-117.20222,75.48078],[-117.55431,75.35806],[-117.51008,75.20112],[-116.66804,75.12718],[-116.2565,75.21125],[-116.25593,75.06729],[-115.71544,74.97036],[-115.23327,75.17357],[-115.19595,75.00243],[-114.95848,74.97053],[-114.44083,75.06794],[-114.04646,75.36644],[-113.78429,75.33967],[-113.95763,75.07445],[-113.02294,75.09479],[-112.29528,75.20502],[-112.34606,75.12153],[-110.95075,75.25161],[-111.55549,75.01264],[-112.79784,74.98505],[-113.49559,74.83918],[-114.23436,74.75873],[-114.43981,74.68366],[-113.69302,74.44449],[-113.02379,74.39594],[-112.43741,74.41352],[-111.65754,74.50121],[-110.58902,74.72529],[-110.67097,74.77302],[-109.58194,74.85814],[-108.82421,75.07152],[-108.41661,74.91706],[-107.68358,75.05048],[-107.5126,74.94343],[-107.0052,74.92381],[-106.76024,75.003],[-106.0089,75.05663],[-105.39513,75.67426]]],[[[-114.83703,76.75983],[-113.67317,76.70425],[-113.45348,76.77351],[-113.84606,76.89887],[-114.43456,76.88239],[-114.83703,76.75983]]],[[[-79.56017,74.99152],[-80.44343,75.03994],[-79.62849,75.18024],[-79.44351,75.28701],[-79.64981,75.46979],[-80.3758,75.46507],[-79.99547,75.52424],[-80.50341,75.66157],[-81.28629,75.66372],[-81.11315,75.77912],[-82.33104,75.84357],[-83.08898,75.7403],[-83.73624,75.82661],[-84.57608,75.62425],[-85.04491,75.65583],[-86.15168,75.50878],[-85.7919,75.43036],[-86.39509,75.43134],[-87.36563,75.61591],[-87.49572,75.49238],[-87.75084,75.58088],[-88.21251,75.47382],[-88.57994,75.65851],[-88.9003,75.60908],[-88.91739,75.43036],[-89.25719,75.63581],[-89.19766,75.79629],[-89.92813,76.00633],[-90.11376,75.93745],[-91.10464,76.03461],[-90.18822,76.06778],[-91.24364,76.16401],[-89.38012,76.18448],[-89.2976,76.30052],[-90.99014,76.45136],[-90.57168,76.56403],[-91.44107,76.69367],[-92.69302,76.59601],[-93.07925,76.62763],[-93.38126,76.46699],[-93.19677,76.75308],[-93.91881,76.93903],[-95.77074,77.07673],[-96.80236,76.98697],[-96.78523,76.86628],[-96.31444,76.8083],[-96.87149,76.70319],[-96.4757,76.6905],[-96.02701,76.555],[-95.82331,76.39911],[-94.06762,76.25943],[-93.12833,76.37019],[-92.64672,76.11994],[-92.62979,76.02033],[-92.18456,75.89492],[-92.00438,75.60163],[-92.30004,75.51252],[-92.47208,75.21532],[-92.11425,75.13614],[-92.01846,74.77749],[-91.5135,74.64472],[-91.09944,74.62905],[-91.22777,74.7248],[-90.77131,74.88793],[-91.02497,74.70409],[-89.94864,74.53278],[-89.14737,74.6079],[-88.94042,74.79523],[-88.86929,74.66315],[-88.52831,74.89891],[-88.4156,74.73119],[-88.51781,74.50121],[-87.64362,74.45832],[-86.60375,74.47138],[-86.80101,74.54938],[-86.12462,74.48436],[-84.25829,74.5065],[-83.49352,74.57783],[-83.12829,74.8321],[-82.91999,74.5515],[-81.78869,74.4584],[-81.32022,74.56184],[-80.54186,74.56354],[-80.16173,74.62377],[-80.24543,74.75873],[-79.39517,74.87629],[-79.56017,74.99152]]],[[[-119.31749,76.1999],[-119.09533,76.08832],[-118.86046,76.28482],[-118.56896,76.3452],[-118.97643,76.49234],[-118.30211,76.56769],[-118.49665,76.7189],[-117.73624,76.78034],[-117.91857,76.69334],[-118.00699,76.40249],[-117.35245,76.25959],[-116.93432,76.35578],[-117.07478,76.52607],[-116.32482,76.58173],[-115.89281,76.69843],[-116.02404,76.89875],[-115.75365,76.96479],[-116.37873,77.12824],[-115.39257,77.30793],[-116.40673,77.56241],[-117.15404,77.45873],[-116.64696,77.39045],[-117.23111,77.28571],[-117.85237,77.39045],[-118.82055,77.36103],[-120.09113,77.0056],[-120.36799,76.81452],[-121.08934,76.67072],[-121.55358,76.437],[-122.3806,76.40851],[-122.83165,76.23729],[-122.48298,76.10236],[-122.42589,75.93281],[-121.84708,76.04523],[-121.29967,75.91079],[-120.87995,76.19864],[-120.68375,76.00617],[-120.3885,75.97224],[-120.489,75.84707],[-119.86294,75.85912],[-119.49169,76.03685],[-119.71068,76.26704],[-119.48082,76.35517],[-119.31749,76.1999]]],[[[-89.66128,77.35635],[-89.77575,77.4864],[-90.30411,77.62938],[-91.16869,77.6175],[-91.19961,77.40786],[-90.92447,77.30703],[-90.0939,77.20409],[-89.66128,77.35635]]],[[[-104.39452,77.19253],[-104.42125,77.30793],[-105.50304,77.7211],[-106.07722,77.73859],[-105.53628,77.30443],[-104.75402,77.11123],[-104.39452,77.19253]]],[[[-93.25202,77.64436],[-93.60802,77.78148],[-95.44416,77.81127],[-96.23546,77.70551],[-95.98762,77.47907],[-93.50154,77.46406],[-93.25202,77.64436]]],[[[-102.44872,77.73994],[-101.7906,77.67939],[-100.96068,77.7285],[-101.64517,77.89033],[-102.39818,77.88886],[-102.44872,77.73994]]],[[[-113.68627,77.8666],[-114.32726,78.0808],[-115.11823,77.95966],[-114.30069,77.71328],[-113.72248,77.76923],[-113.68627,77.8666]]],[[[-109.60367,78.07392],[-110.71174,78.10383],[-112.2709,78.01533],[-113.24128,77.90497],[-113.19961,77.52766],[-112.10924,77.32575],[-111.28112,77.43146],[-110.88073,77.41242],[-110.23542,77.50422],[-110.12951,77.78148],[-110.71996,77.76618],[-110.84146,77.86982],[-109.68615,77.97138],[-109.60367,78.07392]]],[[[-109.25951,78.4593],[-109.50451,78.58959],[-110.42691,78.76634],[-111.16442,78.69892],[-111.81603,78.5489],[-112.3546,78.54003],[-113.21422,78.40656],[-113.06151,78.27436],[-112.17553,78.37739],[-111.43399,78.2746],[-111.15461,78.39053],[-110.33243,78.28596],[-109.42394,78.3085],[-109.25951,78.4593]]],[[[-96.91031,77.79515],[-96.74022,77.87031],[-95.06066,77.97264],[-94.88931,78.10928],[-95.36994,78.24677],[-94.82787,78.36372],[-95.69982,78.52611],[-96.27351,78.53506],[-96.16421,78.62377],[-97.45104,78.79711],[-98.14908,78.81867],[-98.31607,78.64623],[-98.02758,78.56916],[-98.41112,78.49409],[-97.82958,78.22651],[-96.86929,78.13715],[-97.77428,78.04157],[-96.99348,77.92487],[-96.91031,77.79515]]],[[[-105.6068,79.10358],[-105.4025,79.01289],[-104.67854,79.01114],[-105.03185,78.82616],[-104.07763,78.98627],[-103.85627,78.88255],[-104.22326,78.78828],[-103.49844,78.78828],[-103.49718,78.50654],[-104.64098,78.58344],[-105.01773,78.52448],[-104.81957,78.36164],[-103.94652,78.24283],[-103.6588,78.32111],[-102.74413,78.38056],[-102.765,78.27408],[-102.16076,78.28832],[-101.09203,78.20563],[-100.76207,78.08299],[-100.61001,77.86396],[-99.93859,77.7829],[-99.01724,77.89378],[-99.0445,78.08186],[-99.87165,78.43887],[-99.55793,78.5987],[-100.39855,78.8299],[-101.20792,78.82246],[-100.98819,78.93163],[-101.64843,79.081],[-102.42077,79.01423],[-102.87946,79.2333],[-103.72159,79.36335],[-105.15685,79.29987],[-105.40811,79.3343],[-105.6068,79.10358]]],[[[-100.15217,79.99799],[-100.07022,79.87816],[-99.58361,79.89867],[-98.8028,79.67585],[-98.70596,79.96699],[-99.1197,80.13373],[-99.77937,80.15078],[-100.15217,79.99799]]],[[[-95.85237,80.65278],[-95.18688,80.61294],[-95.16369,80.70002],[-95.85237,80.65278]]],[[[-96.62312,80.04434],[-96.61612,79.885],[-95.85375,79.65241],[-95.19327,79.64741],[-94.29345,79.75873],[-94.72769,79.6105],[-95.61148,79.55903],[-95.75536,79.40624],[-94.52977,79.34247],[-94.48009,79.42666],[-93.84097,79.39899],[-93.9298,79.25918],[-92.60631,79.45063],[-91.83031,79.34317],[-92.56444,79.31037],[-92.08629,79.206],[-90.38777,79.23957],[-92.29027,79.15306],[-93.22911,79.17121],[-94.27155,78.96821],[-93.87458,78.83397],[-93.03844,78.76777],[-93.8131,78.76777],[-93.21622,78.58959],[-92.81135,78.63809],[-91.73729,78.55948],[-92.88199,78.50707],[-92.61388,78.33637],[-92.00438,78.21288],[-90.35269,78.1446],[-90.37255,78.2875],[-89.45519,78.1645],[-89.97631,78.43944],[-90.00617,78.61376],[-89.04996,78.18171],[-88.77001,78.18553],[-88.55118,78.43281],[-88.7674,78.61799],[-88.2285,78.46357],[-87.93391,78.61693],[-88.16023,78.67841],[-88.21654,78.95287],[-87.98912,78.95954],[-87.85879,78.69269],[-87.53669,78.67158],[-86.5039,79.06867],[-85.51049,79.16621],[-84.91861,79.29597],[-85.56379,79.57978],[-86.62035,79.65205],[-87.15929,79.57657],[-86.96203,79.90876],[-87.23937,80.07038],[-87.93541,80.06806],[-87.57555,80.17959],[-87.70055,80.41258],[-88.46898,80.43989],[-88.70857,80.28974],[-88.14615,80.09732],[-89.04003,80.19375],[-89.26049,80.30366],[-89.05797,80.46784],[-89.32486,80.53677],[-90.73107,80.56672],[-90.70979,80.70332],[-91.91503,81.07738],[-92.23693,81.25633],[-93.25768,81.37344],[-94.18847,81.36665],[-94.39586,81.26171],[-93.21719,81.21455],[-93.15575,81.09785],[-94.35993,81.10472],[-94.37068,80.97492],[-94.86315,81.0646],[-95.49974,80.80801],[-94.51399,80.7259],[-94.52107,80.60493],[-96.02701,80.58393],[-95.94896,80.39155],[-96.56827,80.27607],[-95.40152,80.12665],[-94.6171,80.2226],[-94.08747,80.17988],[-94.84569,80.0454],[-96.01854,80.07201],[-96.71056,80.14814],[-96.62312,80.04434]]],[[[-61.08548,82.33116],[-61.57889,82.48888],[-62.84105,82.51818],[-63.65152,82.71776],[-63.44709,82.82673],[-64.4429,82.76048],[-64.69668,82.90978],[-65.44485,82.77745],[-65.85159,82.84235],[-67.44205,82.65843],[-68.61771,82.63044],[-67.24665,82.77021],[-66.40286,82.94322],[-68.17178,82.99913],[-69.61701,82.98994],[-69.68753,83.11652],[-72.97224,83.07298],[-73.8284,82.86571],[-74.20002,83.00214],[-76.13549,83.0537],[-77.38724,82.98973],[-76.66779,82.87987],[-75.89383,82.59874],[-76.55691,82.67548],[-77.13866,82.86689],[-77.8522,82.92601],[-78.98973,82.87792],[-79.34048,82.97553],[-80.3522,82.86445],[-79.89501,82.76524],[-81.57616,82.79125],[-80.60062,82.55882],[-82.06998,82.6743],[-82.29434,82.58446],[-81.49999,82.49775],[-82.4973,82.50938],[-82.71158,82.38146],[-80.93367,82.10395],[-79.86368,82.02692],[-79.23062,81.81786],[-80.02127,81.9676],[-81.58121,82.11957],[-82.96988,82.29845],[-82.58426,82.09484],[-83.67487,82.34899],[-85.76187,82.46747],[-85.35062,82.29027],[-86.84797,82.22057],[-86.72818,82.13744],[-84.75243,81.9912],[-85.7342,81.98859],[-87.99909,82.10529],[-88.68073,82.05842],[-89.3699,81.81965],[-89.76464,81.92198],[-91.0139,81.84227],[-91.94921,81.63231],[-91.41706,81.54393],[-90.68277,81.67711],[-89.5856,81.63231],[-90.83357,81.46434],[-90.49234,81.37084],[-88.40363,81.58653],[-89.92447,81.34223],[-89.38736,81.25178],[-90.35277,81.17365],[-89.82616,81.01305],[-86.52188,81.12523],[-85.24502,81.29906],[-84.73367,81.28351],[-86.69921,81.00544],[-88.41316,80.99877],[-89.38638,80.87889],[-88.10106,80.68077],[-87.27603,80.63178],[-86.11156,80.99291],[-85.3931,81.06025],[-82.38484,81.18541],[-82.75276,81.13573],[-85.19607,81.02281],[-85.79849,80.94628],[-86.74905,80.60448],[-86.11783,80.53681],[-84.39704,80.51],[-83.80175,80.55976],[-83.70612,80.74864],[-83.30179,80.69843],[-81.97029,80.83723],[-82.1494,80.72687],[-83.04971,80.65282],[-82.91312,80.53942],[-81.21711,80.62767],[-79.61449,80.82762],[-79.34671,81.0017],[-78.19172,81.30516],[-76.85391,81.45531],[-78.88577,81.01183],[-78.84781,80.85765],[-77.99759,80.90607],[-76.58918,80.90241],[-76.56912,80.8463],[-78.53189,80.78075],[-79.96434,80.61127],[-78.01785,80.59699],[-80.05118,80.52757],[-80.35232,80.47264],[-83.20556,80.31708],[-81.66169,79.90758],[-81.50325,79.71483],[-80.88101,79.65392],[-79.75202,79.70698],[-80.62011,79.60407],[-81.65164,79.59422],[-82.17089,79.86888],[-83.78787,80.25092],[-85.3157,80.26854],[-86.43773,80.32001],[-86.6431,80.15318],[-86.3118,79.97374],[-86.4899,79.76976],[-85.02103,79.61754],[-84.4866,79.41271],[-84.32962,79.19237],[-83.44742,79.029],[-84.50577,79.1468],[-84.7521,79.03893],[-84.27929,78.95531],[-82.9678,78.94078],[-82.53458,78.88512],[-81.47879,79.04902],[-81.77172,78.86591],[-83.20926,78.85118],[-82.78783,78.69274],[-83.74564,78.83885],[-85.24612,78.91686],[-85.75731,78.83165],[-86.60985,78.80927],[-87.48245,78.45197],[-87.48786,78.12718],[-86.76976,78.12043],[-86.52933,78.20677],[-86.22769,78.06212],[-85.48782,78.11669],[-84.95962,78.35008],[-84.76102,78.34325],[-85.06277,78.06269],[-85.66055,77.95014],[-85.16413,77.80622],[-85.28246,77.65965],[-84.76102,77.52025],[-83.91824,77.49352],[-83.42251,77.60729],[-82.78409,78.01769],[-82.51346,77.9597],[-82.88089,77.72797],[-83.42463,77.50719],[-83.8037,77.47276],[-83.46622,77.34894],[-84.61701,77.38365],[-84.46613,77.30174],[-85.40225,77.40074],[-85.78181,77.50438],[-86.21557,77.79328],[-87.19205,77.90453],[-88.18098,77.80146],[-88.1883,77.64037],[-87.64655,77.48676],[-87.68122,77.35338],[-86.91291,77.26704],[-87.61563,77.10078],[-88.29361,77.13634],[-89.53718,76.85676],[-89.41897,76.68749],[-89.68118,76.57494],[-88.91063,76.41047],[-88.53881,76.81647],[-88.40355,76.39366],[-87.62991,76.33556],[-87.40103,76.45568],[-86.72195,76.34838],[-86.65909,76.46568],[-86.23221,76.54869],[-86.40543,76.40668],[-85.24909,76.31611],[-84.41019,76.30927],[-84.94205,76.42235],[-84.23501,76.44676],[-84.19725,76.61811],[-83.69461,76.43146],[-82.28201,76.4005],[-82.06159,76.61652],[-81.93529,76.49498],[-80.96854,76.48021],[-80.77644,76.38654],[-81.0952,76.21861],[-80.66723,76.16405],[-79.55028,76.31696],[-79.34773,76.29686],[-78.77424,76.57734],[-78.49979,76.45934],[-77.77078,76.66429],[-77.91543,76.96593],[-78.33308,77.01264],[-78.8675,76.92443],[-79.37564,76.92565],[-79.0065,77.10472],[-79.4324,77.23859],[-80.0264,77.18903],[-81.10302,77.28746],[-81.75272,77.16657],[-81.84887,77.29003],[-81.19974,77.32335],[-81.73721,77.4348],[-81.58227,77.51695],[-80.77986,77.33592],[-79.97122,77.28063],[-79.13321,77.29133],[-78.28913,77.37755],[-77.73681,77.60082],[-77.9807,77.81672],[-78.42996,77.91132],[-78.18293,77.96593],[-76.88069,77.90502],[-76.23241,78.0211],[-75.93399,77.9586],[-75.58194,78.11302],[-76.82348,78.18578],[-76.60477,78.25519],[-75.62621,78.19982],[-75.1077,78.37547],[-76.50052,78.54747],[-75.3981,78.51561],[-74.80232,78.58861],[-74.77375,78.83482],[-75.30492,78.88463],[-76.44119,78.87128],[-75.78075,78.982],[-76.73282,79.03673],[-77.71801,78.96971],[-78.29898,78.79576],[-77.91507,79.05589],[-77.53392,79.02387],[-76.13345,79.12413],[-78.0594,79.17931],[-76.08877,79.2047],[-75.89383,79.10362],[-74.49234,79.03673],[-74.78335,79.19318],[-74.46874,79.22716],[-77.32575,79.26744],[-77.40152,79.45307],[-76.83475,79.35558],[-75.91405,79.34703],[-76.19522,79.49352],[-75.02798,79.37328],[-75.0646,79.49409],[-74.03026,79.45006],[-73.17386,79.5388],[-73.38333,79.77562],[-74.84488,79.85033],[-74.22777,79.8957],[-73.06351,79.80931],[-72.9202,79.70958],[-72.23168,79.66258],[-71.1424,79.7895],[-70.91161,79.89256],[-71.37601,79.94233],[-70.70535,79.99156],[-70.64822,80.14289],[-72.16788,80.05646],[-69.95946,80.26183],[-70.45291,80.34374],[-69.37418,80.39741],[-69.13296,80.53624],[-68.27937,80.75987],[-66.67211,81.03986],[-65.98892,81.22826],[-64.69213,81.39082],[-64.54605,81.55036],[-65.73575,81.49327],[-67.78702,81.317],[-70.07103,81.16205],[-68.44066,81.31135],[-66.65408,81.49986],[-67.26883,81.5714],[-65.85814,81.62726],[-65.37503,81.76268],[-64.37259,81.72496],[-62.25764,82.02355],[-61.31241,82.19721],[-61.08548,82.33116]]],[[[-79.97793,56.20205],[-79.71573,56.30915],[-79.86001,56.38618],[-80.05988,56.30443],[-79.97793,56.20205]]],[[[-66.86148,44.72675],[-66.90599,44.60617],[-66.75405,44.65734],[-66.86148,44.72675]]],[[[-73.85729,45.54938],[-73.73135,45.55695],[-73.57286,45.6861],[-73.75894,45.65253],[-73.85729,45.54938]]],[[[-73.49926,45.70995],[-73.66796,45.57559],[-73.97362,45.44465],[-73.61921,45.44257],[-73.54137,45.48261],[-73.49926,45.70995]]],[[[-70.84325,47.03319],[-71.12474,46.87702],[-70.86193,46.94595],[-70.84325,47.03319]]],[[[-60.08088,45.79243],[-60.12735,45.86945],[-59.86205,45.9357],[-59.92072,45.99457],[-59.81054,46.16987],[-60.28352,46.32754],[-60.47541,46.23347],[-60.78165,45.95429],[-60.70971,45.89033],[-60.39953,45.99795],[-60.71483,45.79243],[-60.73013,45.69099],[-61.10285,45.77888],[-60.91413,45.85448],[-60.74747,46.06623],[-60.42691,46.284],[-60.57787,46.26415],[-60.35049,46.61587],[-60.33873,46.87556],[-60.49576,46.89545],[-60.38337,47.01679],[-60.60326,47.03364],[-60.86921,46.80004],[-61.09484,46.45393],[-61.28881,46.24262],[-61.54113,46.04047],[-61.45531,45.70991],[-61.33487,45.56623],[-61.00967,45.6081],[-60.72688,45.56562],[-60.39537,45.64252],[-60.08088,45.79243]]],[[[-62.00402,46.46406],[-62.51692,46.47582],[-63.23811,46.40742],[-63.33235,46.49885],[-63.6389,46.56704],[-63.69664,46.45722],[-63.88097,46.52241],[-63.83365,46.61237],[-64.09325,46.77998],[-63.97484,46.89399],[-63.99706,47.06733],[-64.23131,46.90331],[-64.41682,46.68277],[-64.13101,46.59911],[-64.1245,46.40965],[-63.73693,46.39643],[-63.78478,46.32001],[-63.62776,46.22382],[-63.28429,46.14704],[-63.13435,46.23811],[-62.86612,46.13569],[-62.99665,46.06196],[-62.8463,45.97801],[-62.54524,45.97183],[-62.47574,46.12141],[-62.60676,46.1835],[-62.43733,46.21625],[-62.35969,46.36103],[-62.22761,46.34589],[-62.00402,46.46406]]],[[[-61.67101,47.54654],[-61.94131,47.40253],[-62.01708,47.24551],[-61.67101,47.54654]]],[[[-64.50475,47.8898],[-64.6966,47.84199],[-64.64879,47.73212],[-64.50475,47.8898]]],[[[-64.3192,49.79125],[-63.92516,49.67487],[-63.64143,49.5135],[-63.58678,49.38996],[-63.09333,49.2329],[-62.2482,49.06794],[-61.70702,49.0976],[-61.66076,49.15103],[-61.88264,49.35448],[-62.20433,49.41421],[-62.53425,49.60468],[-62.96215,49.74055],[-63.37466,49.82941],[-63.94465,49.89606],[-64.1328,49.95014],[-64.51057,49.86807],[-64.3192,49.79125]]],[[[-79.39509,52.08373],[-79.65575,51.98749],[-79.62043,51.92048],[-79.3365,51.96332],[-79.2517,52.07689],[-79.39509,52.08373]]],[[[-80.75935,52.91918],[-81.12279,53.20222],[-81.42439,53.22883],[-81.8828,53.17988],[-82.06265,53.02277],[-81.02684,52.75263],[-80.69953,52.70014],[-80.75935,52.91918]]],[[[-79.28588,54.91352],[-79.65392,54.85444],[-79.75792,54.78018],[-79.01891,54.94082],[-79.28588,54.91352]]],[[[-78.75764,56.16791],[-78.67569,56.18155],[-78.67077,56.44306],[-78.75764,56.4348],[-78.93639,56.11945],[-78.75764,56.16791]]],[[[-79.54589,56.04377],[-79.64525,55.89667],[-79.46935,55.87938],[-79.15559,56.23615],[-79.05248,56.22932],[-79.05761,56.43696],[-79.23498,56.55146],[-79.40933,56.23286],[-79.55102,56.2663],[-79.73717,56.16144],[-80.02571,55.90034],[-79.90905,55.82526],[-79.58406,56.11066],[-79.54589,56.04377]]]]},"properties":{"ISO_A2":"CA","ISO_A2_EH":"CA","ADM0_A3":"CAN","ISO_A3":"CAN","ADMIN":"Canada"}},
{"type":"Feature","geometry":{"type":"MultiPolygon","coordinates":[[[[-97.13927,25.96581],[-97.26636,25.96064],[-97.42542,25.85486],[-97.62264,26.00906],[-97.80201,26.06373],[-98.22266,26.07541],[-98.36934,26.19401],[-98.64056,26.24181],[-98.79585,26.36831],[-99.0855,26.40764],[-99.16487,26.54045],[-99.24828,26.8271],[-99.46173,27.05695],[-99.43199,27.20759],[-99.52136,27.31125],[-99.47292,27.42665],[-99.5072,27.57377],[-99.70037,27.65919],[-99.86336,27.80466],[-99.87881,27.90184],[-100.07489,28.15441],[-100.28434,28.29652],[-100.3971,28.59273],[-100.62432,28.92472],[-100.66897,29.11621],[-100.81609,29.27077],[-101.01623,29.39007],[-101.03778,29.46006],[-101.31216,29.59786],[-101.4051,29.77844],[-101.52181,29.76594],[-102.10934,29.80211],[-102.32101,29.89394],[-102.4061,29.77728],[-102.68347,29.74372],[-102.77966,29.5923],[-102.8994,29.2761],[-102.85878,29.22915],[-103.14799,28.98511],[-103.30154,29.00237],[-103.79418,29.27759],[-104.05731,29.33904],[-104.26717,29.52657],[-104.53082,29.66791],[-104.68048,29.94231],[-104.68156,30.19294],[-104.85326,30.41215],[-104.88659,30.55188],[-105.00849,30.67699],[-105.36377,30.85037],[-105.59094,31.07144],[-105.76819,31.18001],[-106.00474,31.39695],[-106.16432,31.4478],[-106.35849,31.71755],[-106.51719,31.77382],[-108.21512,31.77775],[-108.21481,31.32744],[-109.58181,31.32734],[-111.06712,31.33364],[-112.32471,31.72799],[-113.9617,32.23413],[-114.82211,32.50024],[-114.72428,32.71284],[-115.79406,32.63196],[-117.12512,32.53167],[-117.02497,32.27692],[-116.94831,32.24702],[-116.84227,31.98652],[-116.6197,31.85757],[-116.67561,31.55264],[-116.5301,31.44033],[-116.30944,31.14851],[-116.33545,30.95634],[-116.24974,30.95677],[-116.06802,30.81318],[-116.04925,30.47959],[-115.8373,30.34647],[-115.78327,30.09264],[-115.80748,29.9562],[-115.6999,29.89801],[-115.69756,29.75583],[-115.49858,29.6114],[-115.28572,29.52989],[-115.18712,29.42862],[-114.97203,29.37775],[-114.59163,28.9654],[-114.47663,28.92915],[-114.27175,28.6588],[-114.16584,28.64696],[-114.04259,28.45844],[-114.12488,28.25573],[-114.05748,28.20629],[-114.26171,27.94416],[-114.16832,27.95083],[-114.1046,27.70771],[-113.91857,27.71931],[-114.10293,27.60187],[-114.28238,27.73583],[-114.32535,27.8747],[-114.49906,27.77407],[-115.0559,27.86026],[-115.03363,27.75929],[-114.85334,27.68163],[-114.73423,27.52125],[-114.50646,27.40618],[-114.48754,27.2381],[-114.294,27.12546],[-114.11437,27.10546],[-114.0052,26.97744],[-113.81639,26.94897],[-113.63714,26.72553],[-113.50389,26.79342],[-113.28577,26.74955],[-113.14574,26.97012],[-113.16369,26.78913],[-113.06072,26.59912],[-112.72836,26.37023],[-112.34349,26.17813],[-112.19828,25.99511],[-112.06313,25.62533],[-112.07787,25.25874],[-112.13062,25.17203],[-112.14493,24.87409],[-112.08804,24.77338],[-111.9667,24.77831],[-111.80314,24.54645],[-111.69878,24.53556],[-111.44444,24.32439],[-111.03971,24.10419],[-110.57734,23.68156],[-110.30736,23.54103],[-110.16726,23.32109],[-110.09838,23.01756],[-109.89538,22.8742],[-109.71318,23.03105],[-109.53167,23.10821],[-109.42565,23.29719],[-109.47646,23.56021],[-109.67982,23.64817],[-109.69844,23.79843],[-109.82396,23.91039],[-109.82829,24.0628],[-109.98765,24.04632],[-110.00698,24.15883],[-110.23261,24.34321],[-110.33928,24.31586],[-110.35038,24.11446],[-110.56236,24.2125],[-110.68185,24.36066],[-110.73858,24.55457],[-110.65697,24.80692],[-110.75779,25.01224],[-110.90445,25.14301],[-111.02539,25.44715],[-111.30712,25.77921],[-111.36026,25.9641],[-111.31834,26.07374],[-111.46156,26.40006],[-111.44224,26.51753],[-111.56908,26.57623],[-111.56005,26.69565],[-111.81807,26.89623],[-111.81458,26.71458],[-111.67679,26.58186],[-111.78427,26.5718],[-111.90518,26.73428],[-111.87072,26.82807],[-112.01716,26.9785],[-111.95037,27.09328],[-112.21276,27.21046],[-112.37311,27.5641],[-112.59801,27.6543],[-112.77322,27.8639],[-112.78646,28.19608],[-112.87213,28.28374],[-112.8463,28.44108],[-113.10297,28.50458],[-113.26039,28.84011],[-113.35448,28.80027],[-113.43466,28.95987],[-113.52485,28.89157],[-113.53588,29.05142],[-113.62308,29.25271],[-113.77087,29.40776],[-114.20848,29.74478],[-114.39224,29.78301],[-114.6603,30.18325],[-114.62952,30.4248],[-114.69847,30.63721],[-114.72026,30.9411],[-114.83239,31.00666],[-114.88868,31.16289],[-114.85291,31.52661],[-114.78063,31.65583],[-114.93383,31.90888],[-114.15901,31.49451],[-114.02894,31.49154],[-113.93952,31.60041],[-113.65958,31.49754],[-113.54895,31.2957],[-113.22935,31.2451],[-113.04872,31.15669],[-113.12884,30.81244],[-113.07989,30.67044],[-112.87068,30.42853],[-112.86079,30.269],[-112.75324,30.18588],[-112.75147,29.92426],[-112.68635,29.90778],[-112.37784,29.4628],[-112.41982,29.37591],[-112.23945,29.31534],[-112.15218,28.98744],[-111.92502,28.80172],[-111.94938,28.75651],[-111.76061,28.58397],[-111.70835,28.46014],[-111.4735,28.38105],[-111.25066,28.05201],[-110.8863,27.83885],[-110.80818,27.9278],[-110.52107,27.84455],[-110.61559,27.8122],[-110.5874,27.44937],[-110.42563,27.30191],[-110.52439,27.30008],[-110.28762,27.14839],[-109.98217,27.11514],[-109.85631,26.80097],[-109.76837,26.70651],[-109.53056,26.68423],[-109.52895,26.75144],[-109.25573,26.49799],[-109.253,26.34907],[-109.15673,26.3642],[-109.10936,26.21646],[-109.22541,26.33446],[-109.43326,26.02167],[-109.44054,25.7934],[-109.17121,25.64875],[-109.13126,25.5834],[-108.90087,25.70067],[-108.97232,25.57998],[-109.11612,25.53632],[-109.03466,25.46524],[-108.76895,25.54019],[-108.77969,25.43325],[-108.45079,25.26936],[-108.38606,25.16193],[-108.21801,25.17316],[-108.13915,24.97394],[-108.2838,25.10684],[-108.15559,24.883],[-108.05012,24.82315],[-108.03612,24.99848],[-107.97159,24.77875],[-107.99519,24.64838],[-107.62413,24.45848],[-107.51919,24.51138],[-107.54149,24.36506],[-107.77501,24.47744],[-107.40429,24.25251],[-107.03588,23.98078],[-106.4298,23.23041],[-106.22033,23.05195],[-106.03197,22.83011],[-105.80016,22.63845],[-105.65503,22.2563],[-105.63226,21.95574],[-105.41408,21.60111],[-105.20006,21.49287],[-105.24314,21.34206],[-105.23433,21.06097],[-105.45528,20.86702],[-105.47833,20.75148],[-105.36156,20.76275],[-105.2343,20.63613],[-105.32873,20.51374],[-105.57559,20.48774],[-105.69868,20.40691],[-105.55321,20.20148],[-105.52562,20.03193],[-105.25076,19.66608],[-105.08771,19.56107],[-105.01712,19.36848],[-104.63602,19.15937],[-104.3041,19.08168],[-104.33167,19.02226],[-103.97998,18.87494],[-103.70017,18.65433],[-103.4984,18.33348],[-103.36164,18.26682],[-103.02444,18.18582],[-102.7423,18.06696],[-102.59725,18.04905],[-102.19063,17.91599],[-102.03673,17.99067],[-101.81106,17.89026],[-101.64449,17.66829],[-101.49649,17.61441],[-101.45577,17.52634],[-101.18224,17.41254],[-101.05903,17.26424],[-99.99169,16.90974],[-99.74124,16.73062],[-99.37426,16.66791],[-98.85655,16.52818],[-98.7769,16.55514],[-98.58243,16.36066],[-98.4453,16.2781],[-98.17215,16.20917],[-97.77272,15.97945],[-97.26602,15.93591],[-96.84512,15.73257],[-96.55604,15.65903],[-96.23664,15.68333],[-95.95988,15.82791],[-95.43448,15.97538],[-95.23325,16.15825],[-94.80553,16.23713],[-95.06383,16.26826],[-94.85208,16.4289],[-94.76329,16.29352],[-94.65441,16.36359],[-94.58715,16.28242],[-94.70096,16.19558],[-94.43956,16.18679],[-93.9639,15.9975],[-94.23001,16.16327],[-94.43688,16.22285],[-94.41727,16.29251],[-94.22423,16.20356],[-94.14244,16.22675],[-94.04263,16.12531],[-93.8981,16.08894],[-93.94339,16.01057],[-93.65604,15.83926],[-93.22863,15.50186],[-92.98314,15.26557],[-92.84044,15.18195],[-92.69986,14.99909],[-92.24626,14.54628],[-92.16173,14.70233],[-92.15421,14.99593],[-92.07381,15.07371],[-92.20465,15.28951],[-91.75189,16.04631],[-91.72378,16.06879],[-90.48574,16.0707],[-90.42613,16.16315],[-90.44489,16.30836],[-90.37985,16.36727],[-90.54372,16.49021],[-90.73531,16.74658],[-91.06687,16.91819],[-91.29042,17.18908],[-91.43077,17.25497],[-90.99199,17.25192],[-90.9909,17.80196],[-90.25965,17.81535],[-89.1605,17.81431],[-89.13256,17.97027],[-89.04944,17.99921],[-88.88033,17.88847],[-88.73639,18.05192],[-88.48924,18.48451],[-88.30382,18.48135],[-88.03628,18.87499],[-88.00219,18.69013],[-88.07779,18.4986],[-87.93517,18.4431],[-87.84455,18.19668],[-87.77123,18.4064],[-87.72338,18.68122],[-87.66202,18.76683],[-87.60619,19.02041],[-87.48095,19.31977],[-87.68786,19.24213],[-87.65567,19.37324],[-87.43301,19.49201],[-87.56456,19.56778],[-87.67382,19.50568],[-87.7421,19.61494],[-87.4746,19.87564],[-87.444,20.19115],[-87.23497,20.49258],[-87.06745,20.61921],[-86.87531,20.85505],[-86.74157,21.16413],[-86.81505,21.20478],[-86.82795,21.4333],[-86.92479,21.44611],[-86.99791,21.5659],[-87.13418,21.61945],[-87.23819,21.44302],[-88.12946,21.61603],[-88.2827,21.55671],[-88.44782,21.5751],[-88.70271,21.45856],[-89.12316,21.36347],[-89.78596,21.28457],[-90.09948,21.16413],[-90.33239,21.03246],[-90.44913,20.74213],[-90.4899,20.53413],[-90.49738,20.06737],[-90.47782,19.9221],[-90.66454,19.78193],[-90.70946,19.68749],[-90.73009,19.37592],[-90.93554,19.16307],[-91.43119,18.88012],[-91.26553,18.73566],[-91.33283,18.57343],[-91.59288,18.44306],[-92.03165,18.56037],[-91.86042,18.60981],[-91.94806,18.69123],[-92.40514,18.67106],[-92.69587,18.61563],[-92.85573,18.46605],[-93.44469,18.4418],[-93.58031,18.41633],[-93.76744,18.2812],[-93.86148,18.30655],[-94.20714,18.18964],[-94.46695,18.14423],[-94.58088,18.18985],[-94.80785,18.52363],[-95.00255,18.55541],[-95.20836,18.70865],[-95.49519,18.70734],[-95.80736,18.75214],[-95.97716,19.05825],[-96.08849,19.1153],[-96.27831,19.3146],[-96.45612,19.8688],[-96.67601,20.15786],[-97.15054,20.64704],[-97.19717,20.81021],[-97.49682,21.40062],[-97.65758,21.63654],[-97.71972,21.95181],[-97.62507,21.79442],[-97.37898,21.55435],[-97.47224,21.43781],[-97.41861,21.27338],[-97.31623,21.56094],[-97.61046,21.83576],[-97.76061,22.09585],[-97.77428,22.25349],[-97.89098,22.5961],[-97.74234,22.97207],[-97.76854,23.26008],[-97.71666,24.00812],[-97.65144,24.51586],[-97.45897,25.17939],[-97.31945,25.38996],[-97.16515,25.72333],[-97.13927,25.96581]]],[[[-106.51235,21.59703],[-106.64216,21.6966],[-106.63116,21.60086],[-106.51235,21.59703]]],[[[-109.83575,24.22465],[-109.93322,24.37441],[-109.90043,24.19924],[-109.83575,24.22465]]],[[[-111.75349,24.44697],[-111.86439,24.52048],[-112.00175,24.50631],[-111.75856,24.3561],[-111.75349,24.44697]]],[[[-110.32494,24.51586],[-110.41574,24.5696],[-110.3265,24.40075],[-110.32494,24.51586]]],[[[-110.71079,25.09505],[-110.65468,24.94607],[-110.52493,24.88],[-110.59309,25.03445],[-110.71079,25.09505]]],[[[-112.10348,24.61717],[-112.11562,24.6893],[-112.20619,24.81743],[-112.13785,25.26526],[-112.3046,24.79218],[-112.14622,24.73213],[-112.10348,24.61717]]],[[[-111.08119,25.99866],[-111.17603,26.04334],[-111.23034,25.82361],[-111.08119,25.99866]]],[[[-115.19498,28.34136],[-115.35805,28.08258],[-115.1817,28.02758],[-115.19498,28.34136]]],[[[-112.27466,28.76839],[-112.19561,29.02133],[-112.28157,29.22547],[-112.43871,29.20209],[-112.48591,28.97163],[-112.58303,28.87536],[-112.27466,28.76839]]],[[[-113.13817,29.06489],[-113.18276,29.28969],[-113.37029,29.31001],[-113.34978,29.38407],[-113.51088,29.54934],[-113.5891,29.4096],[-113.35397,29.17074],[-113.11479,28.98448],[-113.13817,29.06489]]],[[[-91.60033,18.77204],[-91.82315,18.67333],[-91.66006,18.69233],[-91.60033,18.77204]]],[[[-86.74901,20.59223],[-86.93676,20.54719],[-87.00788,20.43623],[-86.99527,20.26081],[-86.79711,20.47748],[-86.74901,20.59223]]],[[[-118.25148,29.08944],[-118.35678,29.14948],[-118.28359,28.89257],[-118.25148,29.08944]]]]},"properties":{"ISO_A2":"MX","ISO_A2_EH":"MX","ADM0_A3":"MEX","ISO_A3":"MEX","ADMIN":"Mexico"}},
{"type":"Feature","geometry":{"type":"Polygon","coordinates":[[[-89.1605,17.81431],[-89.1492,17.03627],[-89.23413,15.95495],[-89.17745,15.90027],[-88.91397,15.89395],[-88.92764,15.98387],[-88.65022,16.28555],[-88.53596,16.27411],[-88.30622,16.6529],[-88.28331,16.89134],[-88.21744,16.95547],[-88.30053,17.17792],[-88.23078,17.49653],[-88.28331,17.58027],[-88.20832,17.88199],[-88.09154,18.11839],[-88.09154,18.37173],[-88.3837,18.38496],[-88.30382,18.48135],[-88.48924,18.48451],[-88.73639,18.05192],[-88.88033,17.88847],[-89.04944,17.99921],[-89.13256,17.97027],[-89.1605,17.81431]]]},"properties":{"ISO_A2":"BZ","ISO_A2_EH":"BZ","ADM0_A3":"BLZ","ISO_A3":"BLZ","ADMIN":"Belize"}},
{"type":"Feature","geometry":{"type":"MultiPolygon","coordinates":[[[[-82.5736,9.5762],[-82.61885,9.48671],[-82.82902,9.60272],[-82.94429,9.43715],[-82.93938,9.05958],[-82.71936,8.92152],[-82.92297,8.75616],[-82.8498,8.62986],[-82.87041,8.43812],[-83.05325,8.3151],[-82.94367,8.24857],[-82.89763,8.03475],[-82.87719,8.21906],[-82.65892,8.32278],[-82.51171,8.27643],[-82.22545,8.3395],[-82.19652,8.20218],[-82.11559,8.23334],[-81.67736,8.06826],[-81.52579,7.71145],[-81.19518,7.63886],[-81.19241,7.86335],[-81.08768,7.84231],[-80.94632,7.55569],[-80.84813,7.21914],[-80.44481,7.24588],[-80.25906,7.42463],[-80.01785,7.45681],[-79.99466,7.50345],[-80.14379,7.75275],[-80.45608,8.0362],[-80.47025,8.22065],[-80.38577,8.31135],[-80.22496,8.30105],[-79.7744,8.57955],[-79.7036,8.87018],[-79.482,8.99836],[-79.27335,9.01927],[-79.083,8.98884],[-78.87389,8.89118],[-78.60375,8.66474],[-78.44978,8.39102],[-78.21642,8.50023],[-78.18887,8.40575],[-78.09854,8.47578],[-78.00593,8.27603],[-78.15559,8.39411],[-78.18293,8.29792],[-78.30578,8.25385],[-78.23746,8.15396],[-78.43358,8.0458],[-78.29214,7.69147],[-78.16609,7.51264],[-77.89584,7.2351],[-77.82018,7.47655],[-77.73424,7.55179],[-77.74024,7.71886],[-77.61332,7.53747],[-77.33974,7.70723],[-77.32161,7.88102],[-77.16901,7.93507],[-77.42232,8.45641],[-77.48873,8.47364],[-77.37352,8.66474],[-77.47696,8.66991],[-77.87766,9.11889],[-78.02457,9.22647],[-78.56132,9.43804],[-78.90331,9.42292],[-79.05806,9.45793],[-78.97058,9.57331],[-79.19376,9.5396],[-79.53287,9.62434],[-79.63033,9.60847],[-79.69063,9.4958],[-79.87487,9.34317],[-79.94376,9.36359],[-80.10082,9.22232],[-80.40832,9.14226],[-80.72683,8.99722],[-80.82242,8.89069],[-81.08772,8.80874],[-81.30446,8.78188],[-81.53905,8.81293],[-81.81456,9.1166],[-81.93741,9.13833],[-81.77424,8.99746],[-82.09781,8.93061],[-82.24596,9.01415],[-82.24962,9.17182],[-82.35058,9.20726],[-82.36897,9.41494],[-82.5736,9.5762]]],[[[-81.66438,7.39728],[-81.73884,7.64427],[-81.8828,7.51679],[-81.74625,7.34886],[-81.66438,7.39728]]],[[[-78.89224,8.45805],[-78.97092,8.45845],[-78.9699,8.3051],[-78.85802,8.29584],[-78.89224,8.45805]]]]},"properties":{"ISO_A2":"PA","ISO_A2_EH":"PA","ADM0_A3":"PAN","ISO_A3":"PAN","ADMIN":"Panama"}},
{"type":"Feature","geometry":{"type":"MultiPolygon","coordinates":[[[[-60.02098,8.55801],[-60.3719,8.6354],[-60.46158,8.53437],[-60.69245,8.60468],[-60.98721,8.56489],[-60.99242,8.51219],[-61.18102,8.49339],[-61.28405,8.3972],[-61.65197,8.58584],[-61.20946,8.60904],[-61.07852,8.99746],[-60.984,9.16739],[-60.7838,9.33861],[-60.97704,9.54963],[-61.13012,9.5725],[-61.63673,9.89877],[-61.59252,9.78197],[-61.83145,9.79194],[-62.02538,9.95736],[-62.19648,10.01968],[-62.24299,9.84284],[-62.31871,9.7683],[-62.49494,10.1518],[-62.60216,10.23094],[-62.61852,10.09162],[-62.77741,10.01846],[-62.79198,10.08027],[-62.62658,10.13081],[-62.67496,10.29336],[-62.83112,10.40681],[-62.89586,10.53754],[-62.66234,10.56704],[-62.33495,10.53022],[-62.23986,10.63789],[-61.96247,10.65217],[-61.84577,10.74095],[-62.1542,10.68635],[-62.71963,10.76],[-62.90429,10.70222],[-63.01423,10.7211],[-63.46618,10.66763],[-63.53156,10.63105],[-63.78067,10.67585],[-64.13121,10.6197],[-64.27074,10.67268],[-64.24913,10.52045],[-63.96666,10.58137],[-63.72973,10.4975],[-63.82038,10.44758],[-64.14346,10.48013],[-64.33918,10.39069],[-64.49055,10.24067],[-64.71703,10.22761],[-64.74812,10.10688],[-65.08019,10.05565],[-65.16954,10.09732],[-65.8275,10.23444],[-66.11828,10.49795],[-66.1044,10.58442],[-66.25178,10.64859],[-67.01236,10.61123],[-67.17003,10.55598],[-67.56017,10.52827],[-67.94123,10.46646],[-68.12955,10.48774],[-68.24234,10.57844],[-68.33145,10.80683],[-68.26269,10.90314],[-68.38866,11.12824],[-68.65567,11.34789],[-68.86319,11.45287],[-69.06188,11.45352],[-69.27042,11.53604],[-69.62361,11.46776],[-69.70031,11.54019],[-69.80858,11.80362],[-69.83532,12.0152],[-69.92536,12.15961],[-70.01773,12.19892],[-70.2058,12.11201],[-70.30199,11.85814],[-70.20592,11.76252],[-70.18651,11.60269],[-69.81603,11.69367],[-69.74714,11.48078],[-69.81408,11.42561],[-69.94598,11.51977],[-70.5139,11.25316],[-70.8697,11.19628],[-71.29394,10.98664],[-71.50113,10.96003],[-71.41246,10.91909],[-71.44591,10.79621],[-71.58312,10.80923],[-71.50284,10.62694],[-71.54157,10.56489],[-71.36388,10.21996],[-71.26781,10.15192],[-71.20694,9.98062],[-71.04186,9.76089],[-71.09024,9.55541],[-71.05614,9.36359],[-71.27355,9.13508],[-71.5148,9.04898],[-71.75886,9.12006],[-71.73449,9.3076],[-71.91894,9.50019],[-71.99523,9.45922],[-71.99893,9.65473],[-72.12438,9.82608],[-71.98249,10.08828],[-71.89769,10.13923],[-71.77904,10.34174],[-71.62955,10.45401],[-71.57628,10.7211],[-71.69359,10.83714],[-71.76867,11.01529],[-71.6529,11.04121],[-71.76977,11.10635],[-71.93932,11.38076],[-71.96052,11.59125],[-71.37816,11.75845],[-71.32751,11.85],[-71.44946,11.79546],[-71.97108,11.66193],[-72.25659,11.1678],[-72.49932,11.1208],[-72.57647,10.95737],[-72.70613,10.81125],[-72.75439,10.67485],[-72.90756,10.45246],[-72.98771,9.99942],[-72.97763,9.83806],[-73.37782,9.16469],[-73.17617,9.19094],[-73.00972,9.29538],[-72.9364,9.09919],[-72.82669,9.14169],[-72.67543,8.65151],[-72.38677,8.33861],[-72.33576,8.1039],[-72.48779,7.94918],[-72.45177,7.83281],[-72.48335,7.64935],[-72.45131,7.44022],[-72.20621,7.38188],[-72.081,7.0666],[-71.83264,6.98645],[-71.6204,7.05213],[-71.28352,7.01885],[-71.18405,6.96257],[-70.90345,7.06319],[-70.57861,7.08582],[-70.52091,7.01559],[-70.31906,6.93829],[-70.09662,6.94444],[-69.44364,6.12224],[-69.31135,6.14622],[-69.2461,6.08066],[-69.06113,6.21784],[-68.63532,6.13588],[-68.44902,6.195],[-68.30417,6.17699],[-67.92414,6.23456],[-67.83914,6.30752],[-67.57398,6.26623],[-67.49047,6.20164],[-67.42857,6.03847],[-67.60122,5.82058],[-67.647,5.48336],[-67.80978,5.37882],[-67.84368,5.29725],[-67.79309,5.06334],[-67.86508,4.51208],[-67.78198,4.33888],[-67.80493,4.26847],[-67.63176,3.76187],[-67.47141,3.68006],[-67.40392,3.50446],[-67.30465,3.42571],[-67.45218,3.24368],[-67.83862,2.88613],[-67.62659,2.81342],[-67.57559,2.6911],[-67.4852,2.66191],[-67.32542,2.47463],[-67.19762,2.40203],[-67.21767,2.28451],[-67.12099,2.1191],[-67.06683,1.89412],[-66.8825,1.32602],[-66.87506,1.22251],[-66.40708,0.80207],[-66.15634,0.73303],[-65.97408,0.80698],[-65.74544,0.97415],[-65.58294,0.97767],[-65.517,0.86279],[-65.56049,0.65603],[-65.45122,0.69014],[-65.3272,0.91028],[-65.20304,0.92382],[-65.13677,1.12691],[-65.02249,1.13998],[-64.83929,1.27083],[-64.73088,1.24757],[-64.40901,1.50751],[-64.39477,1.39219],[-64.08086,1.64739],[-64.0536,1.89371],[-63.99503,1.95802],[-63.76264,1.98567],[-63.61753,2.10117],[-63.41176,2.14938],[-63.38483,2.42058],[-63.83132,2.42864],[-64.04797,2.47132],[-63.99787,2.70599],[-64.22292,3.124],[-64.24561,3.41894],[-64.20298,3.59472],[-64.32416,3.72412],[-64.53143,3.85351],[-64.6629,3.99699],[-64.81291,4.25279],[-64.74594,4.28762],[-64.58967,4.11887],[-64.36498,4.15187],[-64.1251,4.08849],[-64.06381,3.9116],[-63.87514,3.94981],[-63.6228,3.93521],[-63.51067,3.85455],[-63.4254,3.96836],[-63.28598,3.92082],[-62.99705,3.59914],[-62.93101,3.56376],[-62.74958,3.66037],[-62.7888,3.8994],[-62.76622,4.02071],[-62.56096,4.03779],[-62.53698,4.12541],[-62.38417,4.17347],[-62.19266,4.09474],[-61.93149,4.14642],[-61.71889,4.25465],[-61.56727,4.24853],[-61.45818,4.41914],[-61.29305,4.44805],[-61.29726,4.52373],[-61.01196,4.5183],[-60.90343,4.69959],[-60.76368,4.75509],[-60.61263,4.90058],[-60.6643,5.17025],[-60.73985,5.20214],[-61.37961,5.9053],[-61.26938,6.10723],[-61.12156,6.18665],[-61.13898,6.4248],[-61.20967,6.54097],[-61.12983,6.71584],[-60.93382,6.73174],[-60.90757,6.81524],[-60.72153,6.75969],[-60.62069,6.84589],[-60.37734,6.93854],[-60.29234,7.10525],[-60.47532,7.1885],[-60.548,7.12551],[-60.64306,7.2209],[-60.60177,7.33015],[-60.73058,7.52543],[-60.60126,7.63385],[-60.50328,7.82087],[-60.37476,7.82361],[-60.23112,7.96411],[-60.01946,8.06031],[-59.99331,8.16852],[-59.81559,8.28776],[-60.02098,8.55801]]],[[[-61.01647,8.61009],[-61.27037,8.51455],[-61.04157,8.51854],[-61.01647,8.61009]]],[[[-60.92028,9.02847],[-61.01671,8.88032],[-60.83837,9.00056],[-60.92028,9.02847]]],[[[-61.08544,8.89069],[-60.85204,9.09614],[-61.06932,8.97883],[-61.08544,8.89069]]],[[[-65.22761,10.9538],[-65.41177,10.92475],[-65.20494,10.90436],[-65.22761,10.9538]]],[[[-63.84683,11.1354],[-63.98583,11.10928],[-64.04906,10.99071],[-64.19831,11.08763],[-64.37059,11.06249],[-64.40856,10.96748],[-64.17585,10.96748],[-64.04263,10.86848],[-63.89806,10.88496],[-63.78767,10.97378],[-63.84683,11.1354]]],[[[-61.39027,8.58058],[-61.54012,8.56541],[-61.33844,8.50995],[-61.39027,8.58058]]],[[[-60.74502,8.71936],[-60.80813,8.63289],[-60.61768,8.63672],[-60.74502,8.71936]]],[[[-60.95136,8.82783],[-61.16711,8.69939],[-61.1768,8.60385],[-60.84658,8.63772],[-60.68604,8.78901],[-60.7376,8.86661],[-60.95136,8.82783]]]]},"properties":{"ISO_A2":"VE","ISO_A2_EH":"VE","ADM0_A3":"VEN","ISO_A3":"VEN","ADMIN":"Venezuela"}},
{"type":"Feature","geometry":{"type":"MultiPolygon","coordinates":[[[[140.97446,-2.60052],[140.97355,-3.80002],[140.97577,-4.59595],[140.9769,-5.62115],[140.9769,-6.33512],[140.95313,-6.48053],[140.84921,-6.70285],[140.97716,-6.89663],[140.9769,-7.9621],[140.97698,-9.10613],[141.115,-9.21844],[141.42172,-9.15032],[141.51002,-9.21502],[141.86842,-9.22039],[142.2234,-9.16123],[142.6526,-9.33025],[143.17335,-9.0429],[143.40553,-8.96217],[143.39991,-8.78216],[143.26157,-8.59238],[143.1316,-8.48602],[142.89967,-8.41286],[142.71453,-8.268],[142.98048,-8.33563],[143.3379,-8.24773],[143.59205,-8.24196],[143.62762,-8.18629],[143.54803,-8.03167],[143.44842,-7.98154],[143.65089,-7.98138],[143.76735,-8.04022],[143.9568,-7.97226],[143.75953,-7.58318],[143.92433,-7.69427],[144.21485,-7.79599],[144.22853,-7.66562],[144.34441,-7.65944],[144.50782,-7.79803],[144.40724,-7.51409],[144.51393,-7.67197],[144.51661,-7.50848],[144.58473,-7.65195],[144.65357,-7.56129],[144.77101,-7.68108],[144.85231,-7.56943],[144.87957,-7.78167],[145.32163,-7.86199],[145.40797,-7.93174],[145.77247,-7.92742],[145.79811,-8.00701],[146.07936,-8.0875],[146.22193,-8.26043],[146.27719,-8.43523],[146.43531,-8.61061],[146.56593,-8.81813],[146.6268,-9.02304],[146.90854,-9.10369],[146.91586,-9.26035],[147.05274,-9.46022],[147.34498,-9.58025],[147.62127,-9.98886],[147.91334,-10.0888],[147.97739,-10.16627],[148.15504,-10.07073],[148.40203,-10.20045],[148.63868,-10.18792],[148.68312,-10.10491],[148.7378,-10.23008],[148.97804,-10.27614],[149.06739,-10.23463],[149.46062,-10.35231],[149.74838,-10.33831],[150.08155,-10.46111],[149.89601,-10.54363],[150.21127,-10.70135],[150.42986,-10.68768],[150.48699,-10.62168],[150.69288,-10.55674],[150.64731,-10.47698],[150.34693,-10.36533],[150.39991,-10.30023],[150.59848,-10.34433],[150.87403,-10.2247],[150.62721,-10.27793],[150.60174,-10.20672],[150.30104,-10.17929],[150.18751,-10.09124],[149.93946,-10.06243],[149.73097,-9.80934],[150.05592,-9.71502],[150.01222,-9.64218],[149.73097,-9.59783],[149.61988,-9.62086],[149.22657,-9.48675],[149.18287,-9.3681],[149.33725,-9.12493],[149.31804,-9.02256],[149.14186,-8.97454],[149.0691,-9.03509],[148.75831,-9.10369],[148.55926,-9.03248],[148.43678,-8.66619],[148.23756,-8.56927],[148.21078,-8.30608],[148.11402,-8.05535],[147.99855,-8.05535],[147.87648,-7.93719],[147.72682,-7.93206],[147.68336,-7.81072],[147.3545,-7.51531],[147.18849,-7.46258],[147.14137,-7.21307],[146.95623,-6.95468],[146.97731,-6.74041],[147.60011,-6.72715],[147.85402,-6.69101],[147.86752,-6.47633],[147.82667,-6.33538],[147.72625,-6.27223],[147.62176,-6.10662],[147.44907,-5.9616],[147.04225,-5.93865],[146.93287,-5.84197],[146.79803,-5.83359],[146.46095,-5.5993],[146.17286,-5.54949],[145.96949,-5.46526],[145.75961,-5.47698],[145.72739,-5.42246],[145.8108,-5.0665],[145.81186,-4.86102],[145.6902,-4.76824],[145.34571,-4.39023],[145.05095,-4.34189],[144.86785,-4.09922],[144.55128,-3.96844],[144.51344,-3.81756],[143.99586,-3.79314],[143.81804,-3.62168],[143.61866,-3.54485],[143.47788,-3.42059],[143.1255,-3.34808],[143.02931,-3.35556],[142.06284,-3.06015],[142.00001,-2.95599],[141.80128,-2.90008],[141.29624,-2.67645],[140.97446,-2.60052]]],[[[153.76157,-11.58587],[153.20558,-11.31707],[153.22853,-11.42653],[153.56446,-11.63633],[153.76157,-11.58587]]],[[[154.28175,-11.34824],[154.09002,-11.3108],[154.11752,-11.42946],[154.28175,-11.34824]]],[[[152.80828,-10.6325],[152.58229,-10.66033],[152.75367,-10.70818],[152.80828,-10.6325]]],[[[150.8755,-10.53631],[150.79347,-10.55836],[150.88234,-10.6535],[150.8755,-10.53631]]],[[[151.17701,-9.95468],[151.12762,-10.04217],[151.04811,-9.93515],[150.76393,-9.70281],[150.95802,-10.10491],[151.23227,-10.20045],[151.30063,-9.96771],[151.17701,-9.95468]]],[[[150.80095,-9.65244],[150.93092,-9.65244],[150.88836,-9.52142],[150.75945,-9.39918],[150.67384,-9.43865],[150.50554,-9.33766],[150.42693,-9.41872],[150.51206,-9.56097],[150.4336,-9.63128],[150.80095,-9.65244]]],[[[150.36891,-9.37184],[150.21453,-9.20582],[150.10825,-9.36102],[150.33766,-9.51971],[150.36891,-9.37184]]],[[[152.99547,-9.1413],[152.79417,-9.0035],[152.51787,-8.99641],[152.81155,-9.25467],[152.96995,-9.22931],[152.99547,-9.1413]]],[[[151.11256,-8.76865],[151.13901,-8.54762],[151.12241,-8.42596],[150.99903,-8.51816],[151.12241,-8.58294],[151.04542,-8.73284],[151.11256,-8.76865]]],[[[143.60841,-8.63812],[143.47486,-8.52532],[143.27101,-8.46893],[143.41228,-8.59564],[143.65252,-8.70648],[143.60841,-8.63812]]],[[[143.37941,-8.42596],[143.53012,-8.48553],[143.57374,-8.37371],[143.31666,-8.37225],[143.37941,-8.42596]]],[[[148.04916,-5.60613],[147.84718,-5.48642],[147.76905,-5.61175],[147.89576,-5.77068],[148.03891,-5.82203],[148.04916,-5.60613]]],[[[155.93344,-6.6408],[155.91676,-6.51751],[155.81332,-6.36484],[155.62306,-6.19085],[155.45216,-6.13714],[155.40382,-6.00604],[155.21339,-5.86989],[155.19215,-5.76588],[155.01832,-5.54127],[154.89194,-5.55462],[154.73317,-5.42669],[154.77036,-5.55877],[154.70021,-5.76686],[154.75587,-5.94785],[154.97869,-6.19297],[155.23463,-6.36338],[155.18727,-6.55446],[155.36085,-6.74586],[155.52361,-6.83912],[155.71778,-6.87282],[155.81642,-6.78216],[155.91236,-6.80901],[155.93344,-6.6408]]],[[[147.20965,-5.26995],[147.13396,-5.19085],[147.01808,-5.24391],[147.01043,-5.33489],[147.12721,-5.44329],[147.21518,-5.43035],[147.20965,-5.26995]]],[[[154.72739,-5.21136],[154.62436,-5.01336],[154.53566,-5.13746],[154.63185,-5.45908],[154.68873,-5.42734],[154.72739,-5.21136]]],[[[145.99684,-4.53427],[145.87574,-4.68678],[145.93922,-4.76092],[146.04469,-4.7011],[145.99684,-4.53427]]],[[[152.41798,-4.34531],[152.17791,-4.29681],[152.24578,-4.23512],[152.00864,-4.19166],[151.96469,-4.33123],[151.86305,-4.2387],[151.54029,-4.17669],[151.50734,-4.22918],[151.60914,-4.45176],[151.69565,-4.81878],[151.61248,-4.96559],[151.36891,-4.9035],[151.08286,-5.16383],[151.02223,-5.39031],[150.8755,-5.4931],[150.80958,-5.44329],[150.63396,-5.55674],[150.59254,-5.48699],[150.42335,-5.45664],[150.3069,-5.56146],[150.14235,-5.53411],[150.03207,-5.29518],[150.06186,-5.18109],[150.2024,-5.06211],[150.03492,-5.03436],[150.02638,-5.22503],[149.91652,-5.34922],[149.98024,-5.43808],[149.71844,-5.56894],[149.61492,-5.5136],[149.49879,-5.5888],[149.22438,-5.5993],[148.97804,-5.46526],[148.84767,-5.54095],[148.65187,-5.48089],[148.55641,-5.53997],[148.42994,-5.44476],[148.32472,-5.64642],[148.38624,-5.77508],[148.6211,-5.80787],[149.01206,-6.0276],[149.05291,-6.16172],[149.30421,-6.05869],[149.46404,-6.10263],[149.62941,-6.29925],[150.10336,-6.30267],[150.4651,-6.27402],[150.58806,-6.1784],[150.88038,-6.05389],[151.06105,-6.02939],[151.35548,-5.83416],[151.53256,-5.66473],[151.47902,-5.52988],[151.73943,-5.53411],[151.78598,-5.58489],[152.09889,-5.45574],[152.12306,-5.29078],[151.98797,-5.16399],[151.99269,-4.97177],[152.13673,-4.99912],[152.29184,-4.93548],[152.41163,-4.68377],[152.36524,-4.4721],[152.41798,-4.34531]]],[[[152.65065,-3.11468],[152.54424,-3.13087],[152.64381,-3.22454],[152.65065,-3.11468]]],[[[152.07154,-2.91668],[151.98292,-2.84287],[152.02536,-2.99607],[152.07154,-2.91668]]],[[[152.01319,-2.80682],[151.91304,-2.70539],[151.91584,-2.84429],[152.01319,-2.80682]]],[[[153.13722,-4.26946],[152.95631,-3.99863],[152.57496,-3.82106],[152.49293,-3.64284],[152.21746,-3.45696],[152.0525,-3.24668],[151.7986,-3.17783],[151.68678,-3.06699],[151.43735,-2.90887],[151.21632,-2.86924],[151.17042,-2.78509],[150.89332,-2.67523],[150.75978,-2.76881],[150.91521,-2.76491],[151.09059,-2.8327],[151.61248,-3.16619],[151.80909,-3.3611],[151.98406,-3.45892],[152.17107,-3.49017],[152.28859,-3.56976],[152.51889,-3.85467],[152.68784,-4.16383],[152.67115,-4.45176],[152.7326,-4.64959],[152.89772,-4.84832],[153.07521,-4.60182],[153.05405,-4.45232],[153.13722,-4.26946]]],[[[150.4651,-2.53248],[150.4236,-2.46722],[150.20786,-2.37477],[149.95777,-2.47763],[150.18678,-2.67946],[150.45135,-2.65838],[150.4651,-2.53248]]],[[[147.82667,-2.23756],[147.73048,-2.32643],[147.81642,-2.34743],[147.82667,-2.23756]]],[[[147.43279,-1.98382],[147.42262,-2.04583],[147.11004,-1.96331],[146.8698,-1.94703],[146.58058,-1.99521],[146.6172,-2.10687],[146.52076,-2.13877],[146.57154,-2.22812],[146.7024,-2.11435],[146.95493,-2.19476],[147.21648,-2.18304],[147.29176,-2.06422],[147.43116,-2.06081],[147.43279,-1.98382]]],[[[149.73504,-1.47356],[149.58074,-1.34637],[149.56023,-1.49773],[149.79298,-1.58034],[149.73504,-1.47356]]]]},"properties":{"ISO_A2":"PG","ISO_A2_EH":"PG","ADM0_A3":"PNG","ISO_A3":"PNG","ADMIN":"Papua New Guinea"}},
{"type":"Feature","geometry":{"type":"Polygon","coordinates":[[[34.24835,31.21145],[34.20027,31.31427],[34.04705,31.22919],[33.64796,31.11726],[33.40642,31.15542],[33.13331,31.04556],[33.09864,31.18952],[32.76954,31.04556],[32.60157,31.06098],[32.33139,31.27143],[32.27223,31.11888],[32.09059,31.07966],[32.03712,31.21678],[31.92644,31.187],[31.76905,31.29877],[31.91798,31.52399],[31.52369,31.44965],[31.22096,31.5799],[30.98072,31.43651],[30.79851,31.44648],[30.73439,31.38813],[30.54265,31.39497],[30.86638,31.54829],[30.49252,31.45922],[30.36215,31.50873],[30.28761,31.27823],[30.16521,31.21678],[30.06959,31.33348],[29.83839,31.15412],[29.50327,30.95669],[29.21892,30.83804],[29.02809,30.82705],[28.81804,30.95116],[28.40496,31.08649],[28.31837,31.0598],[27.89715,31.11441],[27.86329,31.23355],[27.66033,31.18024],[27.38347,31.2685],[27.3423,31.36823],[26.96551,31.44965],[26.36215,31.52192],[25.96681,31.6166],[25.82407,31.61494],[25.40187,31.50316],[25.19093,31.53148],[25.15089,31.65648],[25.02372,31.49441],[24.86125,31.38036],[24.8595,31.14596],[24.99489,30.7851],[24.90766,30.49866],[24.77237,30.33102],[24.68834,30.14416],[24.81164,29.89089],[24.87376,29.46833],[24.98125,29.18137],[24.98125,27.6665],[24.98125,26.66452],[24.98125,25.20544],[24.98125,23.74628],[24.98125,22.8708],[24.98125,21.99535],[26.3438,21.99509],[27.31697,21.99494],[28.29035,21.99478],[29.45823,21.99463],[30.43151,21.99447],[31.24841,21.99437],[31.40406,22.22376],[31.49056,22.14821],[31.43548,21.99535],[32.136,21.9954],[33.18114,21.99541],[34.08418,21.99545],[35.48644,21.99556],[36.88364,21.99571],[36.89538,22.06613],[36.43982,22.35644],[36.19776,22.65168],[35.88596,22.7357],[35.6953,22.93213],[35.62109,23.13929],[35.48943,23.49702],[35.51393,23.97712],[35.68452,23.91092],[35.71748,23.99336],[35.42865,24.18595],[35.39186,24.28278],[35.23546,24.40013],[34.98976,24.90502],[34.68189,25.4287],[34.54656,25.72504],[34.33872,26.00178],[34.01401,26.61164],[33.94142,26.65351],[34.00359,26.84894],[33.83676,27.12075],[33.82537,27.25971],[33.69166,27.34186],[33.63299,27.49584],[33.49635,27.64663],[33.48219,27.84589],[33.59205,27.79125],[33.51254,27.95905],[33.12648,28.2875],[33.00294,28.48949],[32.86891,28.57893],[32.82065,28.74787],[32.6255,28.97272],[32.65968,29.0891],[32.59148,29.34951],[32.33766,29.59992],[32.57049,29.95576],[32.69068,29.73363],[32.72145,29.46748],[32.81723,29.41405],[32.88559,29.24307],[33.13649,29.03461],[33.23764,28.56611],[33.43393,28.3664],[33.56471,28.29711],[33.71599,28.07526],[34.07846,27.80069],[34.27174,27.81245],[34.42742,27.98306],[34.45525,28.16747],[34.40691,28.30801],[34.63347,28.7707],[34.67457,29.10651],[34.73658,29.30512],[34.88673,29.49006],[34.82437,29.7417],[34.59947,30.34451],[34.53384,30.40021],[34.48041,30.65121],[34.24835,31.21145]]]},"properties":{"ISO_A2":"EG","ISO_A2_EH":"EG","ADM0_A3":"EGY","ISO_A3":"EGY","ADMIN":"Egypt"}},
{"type":"Feature","geometry":{"type":"MultiPolygon","coordinates":[[[[51.97862,18.99564],[51.01981,18.86658],[49.73844,18.69416],[49.12882,18.6121],[49.03585,18.57972],[48.16195,18.14892],[47.58901,17.46328],[47.42758,17.09183],[47.1909,16.95891],[46.97034,16.95685],[46.7101,17.27538],[46.32263,17.22407],[45.43038,17.31202],[45.16539,17.42839],[44.40414,17.41873],[44.10447,17.35197],[43.75064,17.34566],[43.50337,17.51345],[43.39103,17.51196],[43.16504,17.32592],[43.24861,17.25192],[43.15616,17.2097],[43.10872,16.92698],[43.20861,16.7734],[43.08495,16.67257],[43.03627,16.5363],[42.78948,16.37096],[42.84327,16.05219],[42.82,15.87495],[42.69923,15.71743],[42.80909,15.26777],[42.67823,15.3083],[42.61012,15.2436],[42.86402,15.13642],[42.93727,14.94847],[42.94223,14.78889],[43.02866,14.53799],[42.98732,14.48924],[43.09552,14.08396],[43.23317,13.87637],[43.28094,13.72211],[43.24887,13.21271],[43.47316,12.84663],[43.46225,12.69335],[43.6006,12.75629],[43.90943,12.64533],[43.9463,12.59805],[44.19117,12.66047],[44.41554,12.67015],[44.54282,12.79731],[44.69361,12.80345],[44.88136,12.72989],[44.94459,12.83397],[45.05665,12.81713],[45.11818,12.96174],[45.40301,13.07014],[45.66578,13.34199],[46.23455,13.43635],[46.313,13.41356],[46.70069,13.43033],[46.91188,13.53327],[47.3982,13.65485],[47.66725,13.88719],[48.01686,14.05728],[48.18873,13.96914],[48.33823,14.0163],[48.46876,13.98896],[48.68149,14.04361],[49.00367,14.32477],[49.07797,14.50609],[49.57814,14.73729],[49.94215,14.83877],[50.17954,14.84333],[50.55405,15.04857],[51.06984,15.14964],[51.36785,15.22972],[51.67994,15.40347],[52.04713,15.57001],[52.22836,15.61612],[52.22438,15.84675],[52.15553,15.98387],[52.29274,16.26382],[52.59767,16.47671],[53.09034,16.6424],[52.80156,17.26742],[52.73015,17.29988],[52.48453,17.85416],[51.97862,18.99564]]],[[[52.2892,12.20082],[52.06849,12.22201],[52.24023,12.15688],[52.2892,12.20082]]],[[[54.47066,12.54357],[54.1194,12.70112],[54.0081,12.64574],[53.76289,12.6197],[53.65476,12.70476],[53.39603,12.65647],[53.33424,12.51553],[53.57215,12.33461],[53.77635,12.30497],[54.1405,12.35134],[54.24594,12.43354],[54.44468,12.48472],[54.47066,12.54357]]],[[[42.76027,14.06468],[42.70069,13.98794],[42.78859,13.9267],[42.76027,14.06468]]],[[[42.636,15.44554],[42.55893,15.39297],[42.58221,15.26822],[42.636,15.44554]]]]},"properties":{"ISO_A2":"YE","ISO_A2_EH":"YE","ADM0_A3":"YEM","ISO_A3":"YEM","ADMIN":"Yemen"}},
{"type":"Feature","geometry":{"type":"MultiPolygon","coordinates":[[[[-8.68238,27.28542],[-8.68081,26.01314],[-8.70722,25.995],[-10.20229,25.99495],[-12.01531,25.9949],[-12.01531,24.93662],[-12.01531,23.49518],[-12.03272,23.44498],[-12.35389,23.32248],[-12.61943,23.27083],[-13.01525,23.018],[-13.1655,22.7527],[-13.09333,22.49548],[-13.01525,21.33343],[-14.0155,21.33327],[-15.00226,21.33317],[-16.26771,21.33291],[-16.95883,21.33286],[-17.08118,20.87475],[-17.05687,20.76691],[-17.01586,21.03124],[-16.91759,21.15917],[-16.77505,20.93765],[-16.66503,20.67056],[-16.54235,20.56086],[-16.52929,20.73896],[-16.42955,20.64423],[-16.29507,20.33055],[-16.1997,20.21516],[-16.21398,20.03327],[-16.29796,19.92251],[-16.23379,19.79365],[-16.46719,19.46406],[-16.35049,19.54662],[-16.32323,19.45791],[-16.52184,19.39643],[-16.46719,19.25926],[-16.36828,19.2215],[-16.20458,18.98273],[-16.13199,18.62865],[-16.06941,18.48404],[-16.02416,17.96015],[-16.04898,17.66718],[-16.1726,17.26236],[-16.34309,16.94229],[-16.45922,16.64395],[-16.53921,16.26724],[-16.54235,15.80882],[-16.46599,16.17405],[-16.38109,16.24666],[-16.3274,16.47455],[-16.13227,16.55475],[-16.05377,16.49543],[-15.81296,16.51377],[-15.67219,16.48137],[-15.42688,16.55315],[-14.93094,16.64338],[-14.34325,16.63666],[-14.0156,16.35585],[-13.96408,16.23007],[-13.81132,16.12207],[-13.71058,16.18888],[-13.67593,16.10693],[-13.48493,16.15498],[-13.31373,15.92213],[-13.23784,15.62344],[-13.12222,15.60349],[-13.08958,15.49704],[-12.96432,15.50916],[-12.77976,15.14639],[-12.47151,14.998],[-12.38249,14.84602],[-12.26413,14.77494],[-12.07039,14.7344],[-11.82038,14.89997],[-11.84565,15.17908],[-11.72706,15.54117],[-11.40956,15.6022],[-11.29819,15.45105],[-11.04539,15.27021],[-10.91517,15.1029],[-10.73637,15.42263],[-10.30875,15.43521],[-10.1316,15.37263],[-9.8356,15.3711],[-9.67212,15.43066],[-9.42389,15.44053],[-9.45185,15.55921],[-9.33242,15.68757],[-9.34922,15.49564],[-8.32701,15.49528],[-6.67393,15.49466],[-5.51095,15.4942],[-5.35329,16.31198],[-5.62335,16.52783],[-5.75647,17.74104],[-5.85754,18.6608],[-5.96353,19.62061],[-6.1137,20.91955],[-6.21938,21.82286],[-6.37472,23.15029],[-6.49844,24.20837],[-6.59311,24.99413],[-4.82161,24.99507],[-5.51596,25.42326],[-6.1399,25.79021],[-7.29704,26.47074],[-8.68238,27.28542]]],[[[-16.3778,19.81354],[-16.46398,19.68464],[-16.43248,19.60126],[-16.3778,19.81354]]]]},"properties":{"ISO_A2":"MR","ISO_A2_EH":"MR","ADM0_A3":"MRT","ISO_A3":"MRT","ADMIN":"Mauritania"}},
{"type":"Feature","geometry":{"type":"MultiPolygon","coordinates":[[[[9.79957,2.34174],[9.76547,2.0854],[9.79908,1.90111],[9.60727,1.64444],[9.56422,1.5034],[9.34669,1.18171],[9.50652,1.1376],[9.58432,1.04296],[9.69923,1.12547],[9.8475,1.07246],[9.80437,0.99835],[9.90863,0.93509],[10.02944,1.00351],[11.33634,0.99917],[11.32208,2.16576],[9.991,2.1656],[9.81085,2.26488],[9.79957,2.34174]]],[[[8.9227,3.75072],[8.7024,3.76093],[8.56275,3.45653],[8.47389,3.46308],[8.42205,3.3393],[8.46941,3.25796],[8.68621,3.19733],[8.78492,3.39509],[8.95753,3.64301],[8.9227,3.75072]]]]},"properties":{"ISO_A2":"GQ","ISO_A2_EH":"GQ","ADM0_A3":"GNQ","ISO_A3":"GNQ","ADMIN":"Equatorial Guinea"}},
{"type":"Feature","geometry":{"type":"Polygon","coordinates":[[[-16.75365,13.06501],[-16.67353,13.16431],[-15.83332,13.15685],[-15.82267,13.31942],[-15.51954,13.3866],[-15.37924,13.36252],[-15.22777,13.42518],[-15.13765,13.58997],[-15.01507,13.49574],[-14.59215,13.35314],[-14.39498,13.24297],[-14.20169,13.22956],[-13.85104,13.33575],[-13.81871,13.42936],[-13.98849,13.57915],[-14.34728,13.45236],[-14.58554,13.66046],[-14.72858,13.61933],[-14.84397,13.75268],[-15.0977,13.81998],[-15.26725,13.7418],[-15.39407,13.77151],[-15.51819,13.5831],[-16.5614,13.58691],[-16.52184,13.35904],[-16.28059,13.35977],[-16.14159,13.45458],[-15.63492,13.45458],[-15.99486,13.41303],[-16.1612,13.4287],[-16.37474,13.26386],[-16.54577,13.29011],[-16.58532,13.44335],[-16.67882,13.49616],[-16.8297,13.33853],[-16.75365,13.06501]]]},"properties":{"ISO_A2":"GM","ISO_A2_EH":"GM","ADM0_A3":"GMB","ISO_A3":"GMB","ADMIN":"Gambia"}},
{"type":"Feature","geometry":{"type":"MultiPolygon","coordinates":[[[[114.22983,22.55581],[114.08237,22.52936],[113.9144,22.37613],[114.11101,22.36595],[114.23894,22.28168],[114.38974,22.36595],[114.33513,22.50642],[114.22983,22.55581]]],[[[113.84645,22.19709],[114.01889,22.26459],[113.89251,22.29271],[113.84645,22.19709]]]]},"properties":{"ISO_A2":"HK","ISO_A2_EH":"HK","ADM0_A3":"HKG","ISO_A3":"HKG","ADMIN":"Hong Kong S.A.R."}},
{"type":"Feature","geometry":{"type":"Polygon","coordinates":[[[12.45314,41.90275],[12.45398,41.90386],[12.45303,41.90392],[12.45314,41.90275]]]},"properties":{"ISO_A2":"VA","ISO_A2_EH":"VA","ADM0_A3":"VAT","ISO_A3":"VAT","ADMIN":"Vatican"}},
{"type":"Feature","geometry":{"type":"Polygon","coordinates":[[[34.01229,35.0638],[33.89991,35.16445],[33.9236,35.27855],[34.57276,35.64354],[34.59254,35.69196],[34.18165,35.55418],[34.03562,35.47138],[33.66033,35.35932],[33.4275,35.32893],[32.92042,35.39777],[32.86525,35.15697],[32.71139,35.18163],[32.83922,35.07993],[33.19025,35.18995],[33.40032,35.19775],[33.4768,35.09481],[33.67944,35.0339],[33.90651,35.06911],[34.01229,35.0638]]]},"properties":{"ISO_A2":"-99","ISO_A2_EH":"-99","ADM0_A3":"CYN","ISO_A3":"-99","ADMIN":"Northern Cyprus"}},
{"type":"Feature","geometry":{"type":"MultiPolygon","coordinates":[[[[33.90651,35.06911],[33.89812,35.06127],[34.02196,35.05701],[34.01229,35.0638],[33.90651,35.06911]]],[[[33.67944,35.0339],[33.4768,35.09481],[33.40032,35.19775],[33.19025,35.18995],[32.83922,35.07993],[32.71139,35.18163],[32.69155,35.18371],[32.81586,35.06277],[33.17387,35.16266],[33.41592,35.16034],[33.44631,35.00117],[33.51959,35.04412],[33.70293,34.98794],[33.67944,35.0339]]],[[[32.64069,35.18708],[32.6019,35.17862],[32.58481,35.17251],[32.65981,35.18708],[32.64069,35.18708]]]]},"properties":{"ISO_A2":"-99","ISO_A2_EH":"-99","ADM0_A3":"CNM","ISO_A3":"-99","ADMIN":"Cyprus No Mans Area"}},
{"type":"Feature","geometry":{"type":"Polygon","coordinates":[[[77.04897,35.11044],[77.80035,35.49541],[77.41277,35.46941],[76.77735,35.64611],[77.04897,35.11044]]]},"properties":{"ISO_A2":"-99","ISO_A2_EH":"-99","ADM0_A3":"KAS","ISO_A3":"-99","ADMIN":"Siachen Glacier"}},
{"type":"Feature","geometry":{"type":"Polygon","coordinates":[[[63.38391,45.56582],[63.55739,45.58438],[63.86755,45.7477],[63.9553,45.89518],[63.9553,46.06143],[63.86755,46.20896],[63.55739,46.37226],[63.32428,46.38869],[63.01293,46.29666],[62.81253,46.06143],[62.81253,45.89518],[62.90027,45.7477],[63.21049,45.58438],[63.38391,45.56582]]]},"properties":{"ISO_A2":"-99","ISO_A2_EH":"KZ","ADM0_A3":"KAB","ISO_A3":"-99","ADMIN":"Baykonur Cosmodrome"}},
{"type":"Feature","geometry":{"type":"Polygon","coordinates":[[[33.01564,34.63443],[32.83229,34.70095],[32.76067,34.65323],[33.01564,34.63443]]]},"properties":{"ISO_A2":"-99","ISO_A2_EH":"-99","ADM0_A3":"WSB","ISO_A3":"-99","ADMIN":"Akrotiri Sovereign Base Area"}},
{"type":"Feature","geometry":{"type":"Polygon","coordinates":[[[-73.4651,-49.75996],[-73.19675,-49.68242],[-73.05975,-49.55497],[-73.09825,-49.27275],[-73.45786,-49.30769],[-73.58659,-49.53],[-73.4651,-49.75996]]]},"properties":{"ISO_A2":"-99","ISO_A2_EH":"-99","ADM0_A3":"SPI","ISO_A3":"-99","ADMIN":"Southern Patagonian Ice Field"}},
{"type":"Feature","geometry":{"type":"Polygon","coordinates":[[[33.18114,21.99541],[33.55844,21.71096],[33.86646,21.74972],[33.99912,21.76735],[34.08418,21.99545],[33.18114,21.99541]]]},"properties":{"ISO_A2":"-99","ISO_A2_EH":"-99","ADM0_A3":"BRT","ISO_A3":"-99","ADMIN":"Bir Tawil"}},
{"type":"Feature","geometry":{"type":"MultiPolygon","coordinates":[[[[-51.73064,-82.06256],[-52.64314,-82.16041],[-53.31395,-82.15276],[-54.76154,-82.29974],[-55.22484,-82.51775],[-55.85017,-82.46209],[-56.33804,-82.64544],[-57.69888,-82.91025],[-59.46996,-83.46014],[-60.90014,-83.47422],[-61.85147,-83.36761],[-61.19249,-83.1985],[-60.97834,-82.97519],[-61.65783,-83.05771],[-62.79503,-82.51971],[-61.12023,-82.34433],[-60.70873,-82.16074],[-62.07299,-82.28753],[-63.23473,-82.26914],[-64.4396,-82.41033],[-65.07258,-82.40602],[-65.23347,-82.25693],[-66.03026,-82.31162],[-65.80309,-81.88836],[-63.57722,-81.87184],[-63.4794,-81.78004],[-65.62487,-81.78411],[-65.69172,-81.71054],[-62.20735,-81.69256],[-62.41417,-81.55755],[-65.17431,-81.5123],[-68.37165,-81.11028],[-68.05712,-81.03826],[-68.68033,-80.96087],[-69.17414,-81.02972],[-69.97582,-80.97601],[-70.39712,-80.82334],[-70.4337,-80.65732],[-71.1258,-80.60263],[-72.55704,-80.7986],[-72.76919,-80.96917],[-74.04686,-80.80413],[-74.83829,-80.91937],[-75.72509,-80.81854],[-75.13012,-80.74424],[-75.71198,-80.63812],[-75.57844,-80.4035],[-76.09508,-80.29412],[-76.27448,-80.08115],[-77.66613,-80.18174],[-78.37267,-80.15032],[-79.68733,-79.9826],[-77.41906,-80.01385],[-76.63219,-79.93922],[-76.09765,-79.73357],[-76.06627,-79.43532],[-76.53258,-79.31292],[-80.42935,-79.25848],[-80.49234,-79.57789],[-81.11734,-79.4699],[-81.38825,-79.21551],[-81.74279,-79.06536],[-82.5795,-78.94459],[-82.58568,-78.86785],[-83.25353,-78.77272],[-83.88614,-78.41937],[-83.68126,-78.32724],[-82.94494,-78.47332],[-83.5913,-78.22625],[-83.76765,-77.96803],[-82.48705,-78.46575],[-80.29524,-78.84677],[-77.75402,-78.73577],[-77.36119,-78.62444],[-77.41251,-78.41961],[-79.28081,-78.17182],[-81.6162,-77.86207],[-80.76228,-77.78997],[-80.76936,-77.66985],[-80.22716,-77.79778],[-79.42369,-77.87802],[-79.14558,-77.84466],[-77.68541,-77.92986],[-74.89196,-78.16806],[-73.62731,-78.025],[-72.80451,-77.69899],[-72.72228,-77.57562],[-75.08039,-77.43711],[-75.5266,-77.54119],[-75.92129,-77.3366],[-76.99987,-77.03639],[-76.86791,-76.97356],[-77.52359,-76.72975],[-77.50927,-76.55608],[-77.11815,-76.56064],[-76.70832,-76.67441],[-76.58397,-76.52044],[-75.67992,-76.64479],[-75.21028,-76.5652],[-73.76659,-76.71901],[-73.93684,-76.65301],[-72.40624,-76.68939],[-71.70906,-76.76279],[-70.09431,-76.67506],[-69.74633,-76.4695],[-70.1809,-76.45062],[-69.47484,-76.341],[-68.01814,-76.22112],[-68.10432,-76.14788],[-66.21862,-76.01084],[-63.16161,-75.40944],[-63.08454,-75.35166],[-63.76211,-75.32464],[-64.32994,-75.36639],[-64.27233,-75.24114],[-63.04092,-75.14723],[-63.34398,-75.00742],[-64.0856,-74.99863],[-63.57311,-74.87135],[-63.06224,-74.89251],[-63.29296,-74.72015],[-62.73546,-74.67799],[-62.59105,-74.9511],[-62.13191,-74.95159],[-61.78213,-74.72177],[-62.36388,-74.4035],[-61.54271,-74.54404],[-61.06786,-74.51963],[-60.68196,-74.3248],[-60.85814,-74.24521],[-61.27872,-74.32985],[-61.8566,-74.32871],[-61.9781,-74.24424],[-61.55386,-74.17506],[-61.40441,-74.24863],[-61.05541,-74.10312],[-61.791,-73.90667],[-61.38809,-73.88177],[-61.03124,-73.96502],[-60.73473,-73.71575],[-60.98624,-73.74733],[-60.79955,-73.57789],[-61.4523,-73.4778],[-61.56257,-73.53769],[-61.9193,-73.40879],[-61.5393,-73.39218],[-62.0017,-73.10418],[-61.22964,-73.20184],[-60.98961,-73.35296],[-60.87792,-73.24196],[-60.70311,-73.39105],[-60.59862,-73.18483],[-60.45043,-73.30193],[-60.09358,-73.29925],[-59.90412,-72.99342],[-60.10733,-72.88812],[-60.33389,-73.0556],[-60.55223,-72.98056],[-60.76354,-73.07448],[-60.49169,-72.79119],[-60.59679,-72.65],[-61.00438,-72.68662],[-61.13659,-72.7833],[-61.46467,-72.40732],[-60.82348,-72.4651],[-60.69384,-71.99782],[-61.11701,-72.05006],[-61.16698,-72.16985],[-61.73265,-72.049],[-62.31265,-72.13161],[-62.11221,-72.00953],[-62.44091,-71.91961],[-61.49722,-71.85491],[-61.09179,-71.87103],[-61.16275,-71.71884],[-60.86181,-71.78883],[-60.77794,-71.67702],[-61.11905,-71.53932],[-61.55724,-71.69061],[-62.06823,-71.6736],[-61.7246,-71.60467],[-61.55403,-71.44736],[-61.1293,-71.41481],[-61.41739,-71.32252],[-60.92418,-71.33864],[-61.22533,-71.21795],[-60.93456,-71.18222],[-61.33385,-71.03997],[-61.26171,-70.89422],[-61.55443,-70.84124],[-62.00377,-70.92132],[-62.12926,-70.7234],[-61.84,-70.73691],[-61.41637,-70.50221],[-62.08983,-70.54762],[-62.38048,-70.41399],[-62.39346,-70.21884],[-62.01456,-70.29258],[-61.86872,-70.20827],[-62.00927,-70.07586],[-62.52965,-69.86395],[-62.39729,-69.51523],[-62.65343,-69.38893],[-62.96251,-69.379],[-63.17268,-69.16253],[-63.43554,-69.15797],[-63.32079,-69.05006],[-63.86754,-69.00701],[-63.44652,-68.94655],[-63.37076,-68.7741],[-63.8129,-68.71795],[-63.74181,-68.57171],[-63.2379,-68.44647],[-62.98217,-68.50221],[-62.87173,-68.42067],[-63.32848,-68.41513],[-63.90591,-68.48895],[-64.32584,-68.64218],[-64.0006,-68.75433],[-64.08487,-68.82952],[-65.2438,-68.62949],[-65.33926,-68.52597],[-64.9757,-68.40781],[-65.39159,-68.38616],[-65.48107,-68.30836],[-64.80077,-68.16375],[-64.98908,-68.08912],[-65.22643,-68.16302],[-65.76073,-68.1657],[-65.78091,-68.09482],[-65.38036,-68.01165],[-65.70669,-67.85947],[-65.33747,-67.65797],[-65.58873,-67.55438],[-65.61596,-67.36891],[-65.39362,-67.29193],[-65.32689,-67.3991],[-64.79117,-67.26214],[-65.06591,-67.20208],[-64.69009,-67.14837],[-64.9663,-67.03387],[-64.77379,-66.84564],[-64.52693,-66.75677],[-64.55093,-66.8733],[-64.30883,-66.83652],[-64.11339,-66.92815],[-63.83129,-66.9179],[-63.75133,-66.78769],[-64.13492,-66.64316],[-63.58324,-66.3943],[-63.87413,-66.27264],[-63.81159,-66.1889],[-63.23461,-66.23943],[-62.90514,-66.47674],[-62.78824,-66.66432],[-62.53409,-66.71852],[-62.51447,-66.4782],[-62.76089,-66.31609],[-62.66828,-66.22747],[-62.22033,-66.17425],[-61.95564,-66.20778],[-61.8341,-66.44264],[-61.68529,-66.44394],[-61.73127,-66.20045],[-61.49352,-66.25986],[-61.46866,-66.11435],[-61.14395,-66.22283],[-61.09024,-66.35223],[-60.73595,-66.12493],[-60.5775,-65.94012],[-61.0067,-65.91277],[-61.01407,-66.03436],[-61.33275,-65.91969],[-61.30907,-66.0866],[-61.64712,-66.03362],[-62.02278,-66.1115],[-62.37243,-65.9157],[-62.34166,-65.7951],[-62.06607,-65.69199],[-62.07994,-65.59637],[-61.75015,-65.57008],[-62.09431,-65.4625],[-62.19831,-65.30446],[-61.93163,-65.19329],[-61.62755,-65.24139],[-61.58348,-65.12509],[-61.72875,-64.96868],[-61.38121,-65.05332],[-61.05175,-65.01092],[-60.6363,-64.69655],[-60.35554,-64.62819],[-59.95751,-64.38747],[-59.75422,-64.43629],[-59.46394,-64.31064],[-59.2753,-64.45485],[-58.76203,-64.45867],[-58.94945,-64.35735],[-58.76993,-64.2824],[-58.73331,-64.03143],[-58.07706,-63.66286],[-57.88671,-63.6819],[-57.48217,-63.56552],[-57.49104,-63.46006],[-57.20128,-63.47308],[-57.12442,-63.65447],[-56.77603,-63.56308],[-57.0476,-63.41562],[-57.02941,-63.28102],[-57.28661,-63.21478],[-57.86278,-63.30657],[-58.03295,-63.41318],[-58.89855,-63.54022],[-58.92077,-63.65097],[-59.36889,-63.72324],[-59.489,-63.87908],[-59.77017,-63.85996],[-59.95621,-63.95192],[-60.30647,-63.91546],[-61.01944,-64.08245],[-60.96866,-64.29567],[-61.09069,-64.38633],[-61.42341,-64.39275],[-61.49104,-64.61452],[-61.79503,-64.58278],[-62.14183,-64.78484],[-62.30382,-64.67295],[-62.57409,-64.65667],[-62.89786,-64.93108],[-63.23375,-64.96526],[-63.03087,-65.02776],[-63.08361,-65.16611],[-63.87389,-65.04599],[-64.0559,-65.1443],[-63.98449,-65.36989],[-64.08995,-65.41334],[-63.68228,-65.52386],[-63.8063,-65.60801],[-64.00373,-65.51539],[-64.22688,-65.55332],[-64.04507,-65.69313],[-64.47867,-65.63144],[-64.39639,-65.80934],[-64.6256,-65.73854],[-64.69367,-65.84051],[-64.49584,-65.93939],[-64.68651,-66.03834],[-64.82335,-65.94036],[-65.25975,-65.95745],[-65.33202,-66.02117],[-65.09093,-66.15008],[-65.59581,-66.0984],[-65.87243,-66.29892],[-65.66271,-66.43401],[-65.80036,-66.71575],[-66.09191,-66.5914],[-66.51207,-66.63014],[-66.55191,-66.81064],[-66.42032,-66.88193],[-66.61417,-67.03802],[-66.4628,-67.3366],[-66.70885,-67.19052],[-66.78563,-67.31146],[-66.98086,-67.2763],[-66.91731,-66.9568],[-67.11905,-66.93613],[-67.44384,-67.18939],[-67.6608,-67.48284],[-67.47216,-67.549],[-66.99275,-67.46868],[-66.53376,-67.60914],[-66.8192,-67.60459],[-66.87377,-67.91806],[-67.26871,-67.96868],[-66.94587,-68.22283],[-66.68944,-68.19012],[-66.98912,-68.4778],[-67.01618,-68.78574],[-67.38418,-68.79339],[-67.27326,-68.94329],[-66.87816,-68.96445],[-67.00959,-69.26247],[-67.25304,-69.27304],[-67.41788,-69.50595],[-67.5275,-69.43369],[-68.3164,-69.28932],[-68.28917,-69.39316],[-68.82486,-69.43133],[-68.36189,-69.68336],[-68.48375,-70.05267],[-67.94937,-70.31178],[-67.68358,-70.62615],[-67.64269,-70.85475],[-67.41112,-70.99285],[-67.44396,-71.23895],[-67.62263,-71.43336],[-67.42414,-71.62054],[-66.80016,-71.9555],[-66.74795,-72.09205],[-67.5111,-72.83408],[-68.46687,-73.01572],[-68.66735,-73.08815],[-69.91885,-73.21852],[-70.29296,-73.29339],[-70.88292,-73.25604],[-71.42296,-73.35377],[-72.23925,-73.38885],[-72.38451,-73.46982],[-73.07311,-73.44443],[-73.20714,-73.54843],[-73.6573,-73.58327],[-73.94913,-73.70965],[-74.2578,-73.66546],[-74.66283,-73.73528],[-75.26814,-73.62119],[-76.27721,-73.8209],[-77.24242,-73.81243],[-76.69872,-73.54754],[-76.87975,-73.45859],[-77.53116,-73.46746],[-78.20124,-73.55633],[-78.87182,-73.58318],[-78.74405,-73.36492],[-79.64745,-73.03867],[-80.37767,-72.94997],[-80.65099,-73.0844],[-80.43676,-73.18816],[-80.39379,-73.41424],[-80.81017,-73.26312],[-81.31119,-73.27304],[-81.32824,-73.48008],[-81.11547,-73.56951],[-81.234,-73.73024],[-82.06477,-73.88698],[-82.9337,-73.71038],[-83.4501,-73.68524],[-83.7967,-73.74358],[-83.7517,-73.56024],[-84.46691,-73.56943],[-85.10147,-73.48707],[-85.54288,-73.37184],[-85.78258,-73.16912],[-86.46036,-73.33733],[-86.94652,-73.38356],[-87.39367,-73.22625],[-88.44384,-73.2636],[-88.71402,-73.11981],[-88.40632,-72.91839],[-88.10875,-72.84336],[-88.2235,-72.71233],[-89.3485,-72.63453],[-89.1105,-72.76434],[-89.23029,-73.11126],[-90.20669,-73.14983],[-90.53429,-73.28021],[-91.11486,-73.30071],[-91.95385,-73.1845],[-92.80138,-73.14275],[-93.57164,-73.17523],[-94.3358,-73.32155],[-94.57799,-73.23553],[-95.19376,-73.20908],[-95.68859,-73.2444],[-95.84268,-73.33148],[-96.47496,-73.29949],[-97.41885,-73.12493],[-97.98119,-73.16937],[-97.71744,-73.02532],[-99.68224,-73.01727],[-100.37686,-73.06585],[-100.76594,-72.97601],[-101.96032,-73.0556],[-102.07665,-72.97845],[-102.71691,-72.99774],[-102.18863,-72.89446],[-102.09398,-72.77174],[-103.04141,-72.70761],[-103.42992,-72.84938],[-103.28832,-73.15936],[-102.87365,-73.3082],[-101.8566,-73.30446],[-99.76806,-73.36419],[-99.48526,-73.54746],[-98.81436,-73.63226],[-99.4973,-73.61858],[-99.86742,-73.73309],[-101.16393,-73.77068],[-101.38536,-73.66717],[-102.88976,-73.58554],[-102.92333,-73.85752],[-101.58922,-74.00018],[-101.30565,-74.27288],[-101.3959,-74.5027],[-100.92732,-74.55055],[-100.13073,-74.4734],[-100.08336,-74.84612],[-100.52863,-74.85524],[-100.10509,-74.94313],[-99.32396,-74.96258],[-99.37971,-75.11273],[-98.40221,-75.23642],[-99.01431,-75.33953],[-99.43139,-75.3034],[-100.10993,-75.38641],[-100.4357,-75.35052],[-101.1127,-75.43206],[-101.65685,-75.30535],[-101.5642,-75.14674],[-103.29597,-75.08538],[-103.81216,-75.15301],[-104.55065,-75.16074],[-104.83625,-75.10662],[-105.14175,-75.18133],[-106.71451,-75.33359],[-107.86608,-75.3235],[-108.10367,-75.25652],[-109.69286,-75.14609],[-110.17284,-75.23919],[-110.44591,-75.19297],[-111.61872,-75.19736],[-110.67544,-74.82936],[-110.29442,-74.78191],[-110.10314,-74.5486],[-110.2482,-74.37225],[-110.66881,-74.24049],[-110.74136,-74.32024],[-111.23078,-74.19671],[-111.88703,-74.22861],[-111.69709,-74.42295],[-111.91682,-74.61842],[-111.54263,-74.80153],[-112.07575,-74.80885],[-113.73493,-74.96038],[-114.10578,-75.06894],[-114.26968,-75.00384],[-113.82628,-74.72975],[-114.357,-74.6959],[-113.64928,-74.58799],[-113.22509,-74.40211],[-113.80126,-74.45184],[-113.68517,-74.29656],[-113.94782,-74.25644],[-113.42203,-74.1749],[-113.61119,-74.02516],[-114.286,-74.05918],[-113.95177,-73.91465],[-114.21003,-73.86346],[-114.734,-73.92685],[-115.12487,-74.0949],[-114.83849,-74.47145],[-115.64932,-74.53094],[-116.0502,-74.49733],[-116.69347,-74.55787],[-117.84398,-74.51002],[-117.94693,-74.261],[-118.97549,-74.40423],[-119.13825,-74.50335],[-118.64708,-74.50945],[-118.86705,-74.60247],[-119.42105,-74.65765],[-120.15396,-74.66009],[-121.77253,-74.78606],[-123.21784,-74.75563],[-124.05134,-74.81113],[-124.36563,-74.70696],[-125.74006,-74.70477],[-126.11343,-74.76149],[-126.93908,-74.67669],[-128.47301,-74.76344],[-129.97509,-74.91326],[-131.01281,-74.8165],[-131.55541,-74.84596],[-132.09313,-74.76328],[-132.57872,-74.82578],[-132.79117,-74.76865],[-133.86555,-74.92832],[-134.4147,-74.85898],[-134.51862,-74.64324],[-135.3424,-74.56015],[-135.70181,-74.74733],[-136.22484,-74.70143],[-136.7943,-74.74993],[-137.00988,-75.00986],[-136.37438,-75.10809],[-136.34602,-75.17783],[-137.09488,-75.17986],[-137.74234,-75.06064],[-137.90429,-75.10556],[-139.56664,-75.14804],[-140.27701,-75.43255],[-140.81965,-75.53094],[-141.23046,-75.49236],[-140.91295,-75.76238],[-141.52717,-75.76751],[-141.8614,-75.52117],[-142.46703,-75.43174],[-142.67943,-75.56178],[-143.39183,-75.53826],[-144.35725,-75.62396],[-143.97183,-75.69606],[-144.16039,-75.80397],[-145.18033,-75.90716],[-146.20922,-75.91546],[-146.49962,-76.08701],[-145.53864,-76.31552],[-145.35464,-76.4345],[-146.25072,-76.42376],[-146.52111,-76.3292],[-147.16731,-76.25758],[-147.16446,-76.23219],[-148.19709,-76.08709],[-148.59142,-76.11688],[-148.53966,-76.22828],[-149.48335,-76.29323],[-149.63976,-76.42995],[-148.45283,-76.50604],[-148.03954,-76.4485],[-147.08169,-76.43279],[-146.39122,-76.55869],[-146.10997,-76.70916],[-145.39835,-76.77947],[-145.94506,-76.83025],[-145.34537,-77.05706],[-146.31924,-76.99049],[-145.27501,-77.22112],[-145.96447,-77.25449],[-145.95507,-77.36338],[-145.40665,-77.47926],[-146.3966,-77.49521],[-146.97619,-77.23593],[-147.57958,-77.38535],[-147.84683,-77.26377],[-148.76972,-77.10475],[-149.02086,-77.33782],[-147.75821,-77.46168],[-148.8015,-77.58375],[-148.95674,-77.70745],[-149.49852,-77.60947],[-149.24531,-77.7575],[-149.97496,-77.81618],[-151.5146,-77.41644],[-152.48546,-77.31911],[-152.57543,-77.50205],[-153.86242,-77.44256],[-153.31721,-77.33815],[-153.53405,-77.25416],[-154.8944,-77.10369],[-155.47505,-77.1679],[-155.86555,-77.05975],[-156.32384,-77.06609],[-156.83357,-77.18768],[-156.46711,-77.26068],[-157.08308,-77.35125],[-157.9254,-77.05633],[-158.2202,-77.07366],[-158.32539,-77.29607],[-158.11811,-77.55584],[-158.63707,-77.86452],[-157.19957,-78.2527],[-155.04267,-78.15399],[-155.11999,-78.25701],[-154.39619,-78.13592],[-154.13659,-78.2483],[-154.73034,-78.45468],[-156.05285,-78.49407],[-156.52827,-78.66367],[-154.9698,-79.03476],[-152.56444,-79.17506],[-152.22212,-79.0748],[-151.72008,-79.08375],[-152.41417,-79.26393],[-150.44689,-79.55918],[-149.0924,-79.6303],[-149.00133,-79.68621],[-147.7731,-79.77947],[-148.05903,-79.83506],[-147.15526,-79.9459],[-148.99974,-79.86077],[-148.45507,-80.02418],[-148.8341,-80.13128],[-150.3697,-80.07464],[-150.13374,-80.18572],[-150.72627,-80.21649],[-149.96825,-80.39373],[-150.89082,-80.39804],[-149.01875,-80.59149],[-148.8852,-80.70062],[-147.628,-80.92018],[-152.52919,-81.04713],[-156.45014,-81.1487],[-157.05671,-81.35133],[-154.99657,-81.48919],[-153.69237,-81.747],[-154.80403,-81.966],[-152.8968,-82.37412],[-152.54292,-82.54811],[-155.05879,-82.80193],[-155.59223,-83.04607],[-158.49718,-83.11793],[-156.91767,-83.23016],[-157.55529,-83.39023],[-158.99987,-83.45713],[-162.16906,-83.52467],[-163.13398,-83.31552],[-164.61726,-83.50693],[-165.08629,-83.20208],[-168.00939,-83.2081],[-168.0858,-83.25555],[-170.71947,-83.19695],[-171.40831,-82.95379],[-172.51244,-82.86989],[-173.18102,-82.91644],[-174.26899,-82.75579],[-174.02758,-82.91522],[-169.43305,-83.40944],[-168.58263,-83.53037],[-168.25951,-83.74358],[-166.06823,-83.81797],[-165.51439,-83.7457],[-163.99389,-83.93906],[-163.70283,-84.0499],[-165.00971,-84.05674],[-165.15441,-84.13795],[-164.15669,-84.29209],[-163.00109,-84.36297],[-165.40974,-84.36452],[-163.66023,-84.42913],[-163.86286,-84.5499],[-158.24958,-84.76718],[-155.64265,-84.82781],[-155.78816,-84.90455],[-157.58104,-84.88299],[-155.50398,-85.12607],[-155.99071,-85.18621],[-158.46577,-85.15521],[-158.87145,-85.07635],[-162.84895,-84.88307],[-166.9112,-84.82024],[-167.44176,-84.86745],[-168.25471,-84.64821],[-175.17805,-84.41481],[-175.88134,-84.54746],[-176.51061,-84.43548],[-177.7047,-84.41839],[-178.29756,-84.30771],[-179.96911,-84.3554],[-180,-84.3528],[-180,-84.51523],[-180,-85.01385],[-180,-85.51246],[-180,-86.01108],[-180,-86.50969],[-180,-87.00831],[-180,-87.50692],[-180,-88.00554],[-180,-88.50415],[-180,-89.00277],[-180,-89.50138],[-180,-90],[-179.50069,-90],[-179.00139,-90],[-178.50208,-90],[-178.00277,-90],[-177.50347,-90],[-177.00416,-90],[-176.50485,-90],[-176.00555,-90],[-175.50624,-90],[-175.00693,-90],[-174.50763,-90],[-174.00832,-90],[-173.50901,-90],[-173.00971,-90],[-172.5104,-90],[-172.0111,-90],[-171.51179,-90],[-171.01248,-90],[-170.51318,-90],[-170.01387,-90],[-169.51456,-90],[-169.01526,-90],[-168.51595,-90],[-168.01664,-90],[-167.51734,-90],[-167.01803,-90],[-166.51872,-90],[-166.01942,-90],[-165.52011,-90],[-165.0208,-90],[-164.5215,-90],[-164.02219,-90],[-163.52288,-90],[-163.02358,-90],[-162.52427,-90],[-162.02496,-90],[-161.52566,-90],[-161.02635,-90],[-160.52705,-90],[-160.02774,-90],[-159.52843,-90],[-159.02913,-90],[-158.52982,-90],[-158.03051,-90],[-157.53121,-90],[-157.0319,-90],[-156.53259,-90],[-156.03329,-90],[-155.53398,-90],[-155.03467,-90],[-154.53537,-90],[-154.03606,-90],[-153.53675,-90],[-153.03745,-90],[-152.53814,-90],[-152.03883,-90],[-151.53953,-90],[-151.04022,-90],[-150.54092,-90],[-150.04161,-90],[-149.5423,-90],[-149.043,-90],[-148.54369,-90],[-148.04438,-90],[-147.54508,-90],[-147.04577,-90],[-146.54646,-90],[-146.04716,-90],[-145.54785,-90],[-145.04854,-90],[-144.54924,-90],[-144.04993,-90],[-143.55062,-90],[-143.05132,-90],[-142.55201,-90],[-142.0527,-90],[-141.5534,-90],[-141.05409,-90],[-140.55479,-90],[-140.05548,-90],[-139.55617,-90],[-139.05686,-90],[-138.55756,-90],[-138.05825,-90],[-137.55895,-90],[-137.05964,-90],[-136.56033,-90],[-136.06103,-90],[-135.56172,-90],[-135.06241,-90],[-134.56311,-90],[-134.0638,-90],[-133.56449,-90],[-133.06519,-90],[-132.56588,-90],[-132.06657,-90],[-131.56727,-90],[-131.06796,-90],[-130.56865,-90],[-130.06935,-90],[-129.57004,-90],[-129.07074,-90],[-128.57143,-90],[-128.07212,-90],[-127.57282,-90],[-127.07351,-90],[-126.5742,-90],[-126.0749,-90],[-125.57559,-90],[-125.07628,-90],[-124.57698,-90],[-124.07767,-90],[-123.57836,-90],[-123.07906,-90],[-122.57975,-90],[-122.08044,-90],[-121.58114,-90],[-121.08183,-90],[-120.58252,-90],[-120.08322,-90],[-119.58391,-90],[-119.0846,-90],[-118.5853,-90],[-118.08599,-90],[-117.58668,-90],[-117.08738,-90],[-116.58807,-90],[-116.08877,-90],[-115.58946,-90],[-115.09015,-90],[-114.59085,-90],[-114.09154,-90],[-113.59223,-90],[-113.09293,-90],[-112.59362,-90],[-112.09431,-90],[-111.59501,-90],[-111.0957,-90],[-110.59639,-90],[-110.09709,-90],[-109.59778,-90],[-109.09847,-90],[-108.59917,-90],[-108.09986,-90],[-107.60055,-90],[-107.10125,-90],[-106.60194,-90],[-106.10263,-90],[-105.60333,-90],[-105.10402,-90],[-104.60472,-90],[-104.10541,-90],[-103.6061,-90],[-103.1068,-90],[-102.60749,-90],[-102.10818,-90],[-101.60888,-90],[-101.10957,-90],[-100.61026,-90],[-100.11096,-90],[-99.61165,-90],[-99.11234,-90],[-98.61304,-90],[-98.11373,-90],[-97.61442,-90],[-97.11512,-90],[-96.61581,-90],[-96.1165,-90],[-95.6172,-90],[-95.11789,-90],[-94.61858,-90],[-94.11928,-90],[-93.61997,-90],[-93.12067,-90],[-92.62136,-90],[-92.12205,-90],[-91.62275,-90],[-91.12344,-90],[-90.62413,-90],[-90.12483,-90],[-89.62552,-90],[-89.12621,-90],[-88.62691,-90],[-88.1276,-90],[-87.62829,-90],[-87.12899,-90],[-86.62968,-90],[-86.13037,-90],[-85.63107,-90],[-85.13176,-90],[-84.63245,-90],[-84.13315,-90],[-83.63384,-90],[-83.13453,-90],[-82.63523,-90],[-82.13592,-90],[-81.63662,-90],[-81.13731,-90],[-80.638,-90],[-80.1387,-90],[-79.63939,-90],[-79.14008,-90],[-78.64078,-90],[-78.14147,-90],[-77.64216,-90],[-77.14286,-90],[-76.64355,-90],[-76.14424,-90],[-75.64494,-90],[-75.14563,-90],[-74.64632,-90],[-74.14702,-90],[-73.64771,-90],[-73.1484,-90],[-72.6491,-90],[-72.14979,-90],[-71.65048,-90],[-71.15118,-90],[-70.65187,-90],[-70.15257,-90],[-69.65326,-90],[-69.15395,-90],[-68.65465,-90],[-68.15534,-90],[-67.65603,-90],[-67.15673,-90],[-66.65742,-90],[-66.15811,-90],[-65.65881,-90],[-65.1595,-90],[-64.66019,-90],[-64.16089,-90],[-63.66158,-90],[-63.16227,-90],[-62.66297,-90],[-62.16366,-90],[-61.66435,-90],[-61.16505,-90],[-60.66574,-90],[-60.16644,-90],[-59.66713,-90],[-59.16782,-90],[-58.66852,-90],[-58.16921,-90],[-57.6699,-90],[-57.1706,-90],[-56.67129,-90],[-56.17198,-90],[-55.67268,-90],[-55.17337,-90],[-54.67406,-90],[-54.17476,-90],[-53.67545,-90],[-53.17614,-90],[-52.67684,-90],[-52.17753,-90],[-52.11772,-90],[-51.67822,-90],[-51.17892,-90],[-50.67961,-90],[-50.1803,-90],[-49.681,-90],[-49.18169,-90],[-48.68239,-90],[-48.18308,-90],[-47.68377,-90],[-47.18447,-90],[-46.68516,-90],[-46.18585,-90],[-45.68655,-90],[-45.18724,-90],[-44.68793,-90],[-44.18863,-90],[-43.68932,-90],[-43.19001,-90],[-42.69071,-90],[-42.1914,-90],[-41.69209,-90],[-41.19279,-90],[-40.69348,-90],[-40.19417,-90],[-39.69487,-90],[-39.19556,-90],[-38.69625,-90],[-38.19695,-90],[-37.69764,-90],[-37.19834,-90],[-36.69903,-90],[-36.19972,-90],[-35.70042,-90],[-35.20111,-90],[-34.7018,-90],[-34.2025,-90],[-33.70319,-90],[-33.20388,-90],[-32.70458,-90],[-32.20527,-90],[-31.70596,-90],[-31.20666,-90],[-30.70735,-90],[-30.20804,-90],[-29.70874,-90],[-29.20943,-90],[-28.71012,-90],[-28.21082,-90],[-27.71151,-90],[-27.2122,-90],[-26.7129,-90],[-26.21359,-90],[-25.71429,-90],[-25.21498,-90],[-24.71567,-90],[-24.21637,-90],[-23.71706,-90],[-23.21775,-90],[-22.71845,-90],[-22.21914,-90],[-21.71983,-90],[-21.22053,-90],[-20.72122,-90],[-20.22191,-90],[-19.72261,-90],[-19.2233,-90],[-18.72399,-90],[-18.22469,-90],[-17.72538,-90],[-17.22608,-90],[-16.72677,-90],[-16.22746,-90],[-15.72815,-90],[-15.22885,-90],[-14.72954,-90],[-14.23024,-90],[-13.73093,-90],[-13.23162,-90],[-12.73232,-90],[-12.23301,-90],[-11.7337,-90],[-11.2344,-90],[-10.73509,-90],[-10.23578,-90],[-9.73648,-90],[-9.23717,-90],[-8.73786,-90],[-8.23856,-90],[-7.73925,-90],[-7.23994,-90],[-6.74064,-90],[-6.24133,-90],[-5.74202,-90],[-5.24272,-90],[-4.74341,-90],[-4.2441,-90],[-3.7448,-90],[-3.24549,-90],[-2.74619,-90],[-2.24688,-90],[-1.74757,-90],[-1.24827,-90],[-0.74896,-90],[-0.24965,-90],[0.24965,-90],[0.74896,-90],[1.24827,-90],[1.74757,-90],[2.24688,-90],[2.74619,-90],[3.24549,-90],[3.7448,-90],[4.24411,-90],[4.74341,-90],[5.24272,-90],[5.74203,-90],[6.24133,-90],[6.74064,-90],[7.23995,-90],[7.73925,-90],[8.23856,-90],[8.73786,-90],[9.23717,-90],[9.73648,-90],[10.23578,-90],[10.73509,-90],[11.2344,-90],[11.7337,-90],[12.23301,-90],[12.73232,-90],[13.23162,-90],[13.73093,-90],[14.23024,-90],[14.72954,-90],[15.22885,-90],[15.72816,-90],[16.22746,-90],[16.72677,-90],[17.22608,-90],[17.72538,-90],[18.22469,-90],[18.72399,-90],[19.2233,-90],[19.72261,-90],[20.22191,-90],[20.72122,-90],[21.22053,-90],[21.71983,-90],[22.21914,-90],[22.71845,-90],[23.21775,-90],[23.71706,-90],[24.21637,-90],[24.71567,-90],[25.21498,-90],[25.71429,-90],[26.21359,-90],[26.7129,-90],[27.21221,-90],[27.71151,-90],[28.21082,-90],[28.71013,-90],[29.20943,-90],[29.70874,-90],[30.20804,-90],[30.70735,-90],[31.20666,-90],[31.70596,-90],[32.20527,-90],[32.70458,-90],[33.20388,-90],[33.70319,-90],[34.2025,-90],[34.7018,-90],[35.20111,-90],[35.70042,-90],[36.19972,-90],[36.69903,-90],[37.19834,-90],[37.69764,-90],[38.19695,-90],[38.69626,-90],[39.19556,-90],[39.69487,-90],[40.19418,-90],[40.69348,-90],[41.19279,-90],[41.69209,-90],[42.1914,-90],[42.69071,-90],[43.19001,-90],[43.68932,-90],[44.18863,-90],[44.68793,-90],[45.18724,-90],[45.68655,-90],[46.18585,-90],[46.68516,-90],[47.18447,-90],[47.68377,-90],[48.18308,-90],[48.68239,-90],[49.18169,-90],[49.681,-90],[50.18031,-90],[50.67961,-90],[51.17892,-90],[51.67823,-90],[52.17753,-90],[52.67684,-90],[53.17614,-90],[53.67545,-90],[54.17476,-90],[54.67406,-90],[55.17337,-90],[55.67268,-90],[56.17198,-90],[56.67129,-90],[57.1706,-90],[57.6699,-90],[58.16921,-90],[58.66852,-90],[59.16782,-90],[59.66713,-90],[60.16644,-90],[60.66574,-90],[61.16505,-90],[61.65188,-90],[61.66436,-90],[62.16366,-90],[62.66297,-90],[63.16228,-90],[63.66158,-90],[64.16089,-90],[64.66019,-90],[65.1595,-90],[65.65881,-90],[66.15811,-90],[66.65742,-90],[67.15673,-90],[67.65603,-90],[68.15534,-90],[68.65465,-90],[69.15395,-90],[69.65326,-90],[70.15257,-90],[70.65187,-90],[71.15118,-90],[71.65049,-90],[72.14979,-90],[72.6491,-90],[73.14841,-90],[73.64771,-90],[74.14702,-90],[74.64633,-90],[75.14563,-90],[75.64494,-90],[76.14424,-90],[76.64355,-90],[77.14286,-90],[77.64216,-90],[78.14147,-90],[78.64078,-90],[79.14008,-90],[79.63939,-90],[80.1387,-90],[80.638,-90],[81.13731,-90],[81.63662,-90],[82.13592,-90],[82.63523,-90],[83.13454,-90],[83.63384,-90],[84.13315,-90],[84.63246,-90],[85.13176,-90],[85.63107,-90],[86.13037,-90],[86.62968,-90],[87.12899,-90],[87.62829,-90],[88.1276,-90],[88.62691,-90],[89.12621,-90],[89.62552,-90],[90.12483,-90],[90.62413,-90],[91.12344,-90],[91.62275,-90],[92.12205,-90],[92.62136,-90],[93.12067,-90],[93.61997,-90],[94.11928,-90],[94.61859,-90],[95.11789,-90],[95.6172,-90],[96.11651,-90],[96.61581,-90],[97.11512,-90],[97.61442,-90],[98.11373,-90],[98.61304,-90],[99.11234,-90],[99.61165,-90],[100.11096,-90],[100.61026,-90],[101.10957,-90],[101.60888,-90],[102.10818,-90],[102.60749,-90],[103.1068,-90],[103.6061,-90],[104.10541,-90],[104.60472,-90],[105.10402,-90],[105.60333,-90],[106.10264,-90],[106.60194,-90],[107.10125,-90],[107.60056,-90],[108.09986,-90],[108.59917,-90],[109.09847,-90],[109.59778,-90],[110.09709,-90],[110.59639,-90],[111.0957,-90],[111.59501,-90],[112.09431,-90],[112.59362,-90],[113.09293,-90],[113.59223,-90],[114.09154,-90],[114.59085,-90],[115.09015,-90],[115.58946,-90],[116.08877,-90],[116.58807,-90],[117.08738,-90],[117.58669,-90],[118.08599,-90],[118.5853,-90],[119.08461,-90],[119.58391,-90],[120.08322,-90],[120.58252,-90],[121.08183,-90],[121.58114,-90],[122.08044,-90],[122.57975,-90],[123.07906,-90],[123.57836,-90],[124.07767,-90],[124.57698,-90],[125.07628,-90],[125.57559,-90],[126.0749,-90],[126.5742,-90],[127.07351,-90],[127.57282,-90],[128.07212,-90],[128.57143,-90],[129.07074,-90],[129.57004,-90],[130.06935,-90],[130.56866,-90],[131.06796,-90],[131.56727,-90],[132.06657,-90],[132.56588,-90],[133.06519,-90],[133.56449,-90],[134.0638,-90],[134.56311,-90],[135.06241,-90],[135.56172,-90],[136.06103,-90],[136.56033,-90],[137.05964,-90],[137.55895,-90],[138.05825,-90],[138.55756,-90],[139.05686,-90],[139.55617,-90],[140.05548,-90],[140.55479,-90],[141.05409,-90],[141.5534,-90],[142.05271,-90],[142.55201,-90],[143.05132,-90],[143.55062,-90],[144.04993,-90],[144.54924,-90],[145.04854,-90],[145.54785,-90],[146.04716,-90],[146.54646,-90],[147.04577,-90],[147.54508,-90],[148.04438,-90],[148.54369,-90],[149.043,-90],[149.5423,-90],[150.04161,-90],[150.54092,-90],[151.04022,-90],[151.53953,-90],[152.03884,-90],[152.53814,-90],[153.03745,-90],[153.53676,-90],[154.03606,-90],[154.53537,-90],[155.03467,-90],[155.53398,-90],[156.03329,-90],[156.53259,-90],[157.0319,-90],[157.53121,-90],[158.03051,-90],[158.52982,-90],[159.02913,-90],[159.52843,-90],[160.02774,-90],[160.52705,-90],[161.02635,-90],[161.52566,-90],[162.02497,-90],[162.52427,-90],[163.02358,-90],[163.52289,-90],[164.02219,-90],[164.5215,-90],[165.0208,-90],[165.52011,-90],[166.01942,-90],[166.51872,-90],[167.01803,-90],[167.51734,-90],[168.01664,-90],[168.51595,-90],[169.01526,-90],[169.51456,-90],[170.01387,-90],[170.51318,-90],[171.01248,-90],[171.51179,-90],[172.0111,-90],[172.5104,-90],[173.00971,-90],[173.50902,-90],[174.00832,-90],[174.50763,-90],[175.00694,-90],[175.50624,-90],[176.00555,-90],[176.50485,-90],[177.00416,-90],[177.50347,-90],[178.00277,-90],[178.50208,-90],[179.00139,-90],[179.50069,-90],[180,-90],[180,-89.50138],[180,-89.00277],[180,-88.50415],[180,-88.00554],[180,-87.50692],[180,-87.00831],[180,-86.50969],[180,-86.01108],[180,-85.51246],[180,-85.01385],[180,-84.51523],[180,-84.35338],[180,-84.3528],[179.35499,-84.19736],[177.53517,-84.05787],[175.67775,-83.9616],[174.97389,-83.8305],[173.29127,-83.85638],[173.61899,-83.74928],[172.82065,-83.6679],[172.09791,-83.71803],[171.57692,-83.50026],[170.40333,-83.49163],[169.38347,-83.33685],[168.6609,-83.39715],[167.05812,-83.22584],[168.41521,-83.26686],[168.59278,-82.99896],[167.65659,-83.0617],[167.10694,-82.96966],[167.30649,-82.81707],[165.3733,-82.60613],[165.23015,-82.39284],[164.67319,-82.3388],[162.76857,-82.48699],[160.85768,-82.50091],[160.63966,-82.42295],[163.83872,-82.23105],[163.91676,-82.19012],[162.72609,-81.88763],[162.23748,-81.8248],[162.47934,-81.68914],[161.01149,-81.54876],[161.47145,-81.48968],[160.88689,-81.35703],[160.30779,-81.37981],[160.13201,-81.20371],[161.14243,-81.2444],[160.54737,-81.00677],[160.60157,-80.86907],[159.5783,-80.768],[161.24098,-80.80299],[160.85743,-80.61045],[159.87762,-80.65016],[161.04005,-80.49798],[160.75172,-80.38006],[158.5879,-80.47698],[158.20729,-80.40594],[158.7824,-80.25897],[161.38331,-79.94703],[160.85092,-79.95745],[160.32887,-79.86126],[159.82195,-79.92571],[159.4961,-79.81951],[160.84051,-79.61842],[159.8755,-79.66204],[160.68751,-79.45013],[160.38697,-79.16814],[160.69508,-79.03753],[161.49342,-79.01963],[162.06544,-79.06862],[161.52076,-78.79534],[161.36158,-78.57838],[162.48194,-78.77899],[162.62159,-78.94524],[163.06495,-78.73691],[163.85174,-78.73707],[164.40968,-78.60394],[166.08961,-78.56683],[166.54672,-78.71201],[167.06821,-78.70672],[167.00148,-78.50107],[165.78688,-78.42067],[165.41619,-78.02532],[165.09718,-78.254],[164.53175,-78.31715],[163.88266,-78.22096],[164.40113,-78.08603],[164.50074,-77.85394],[163.70265,-77.84979],[164.24334,-77.78191],[163.55714,-77.71998],[163.80055,-77.52801],[163.71583,-77.39658],[163.02076,-77.01409],[162.30177,-76.95135],[162.93141,-76.70745],[162.42319,-76.63926],[162.88429,-76.43906],[162.7728,-76.24375],[162.34588,-76.27565],[162.11557,-76.17018],[162.7361,-76.07391],[162.57732,-75.90927],[162.90008,-75.82293],[162.5031,-75.74489],[162.07358,-75.54274],[162.19109,-75.38779],[160.63868,-75.39764],[160.97592,-75.2872],[161.47486,-75.28558],[161.77638,-75.1889],[162.02955,-75.25986],[162.54347,-75.24017],[162.78614,-74.99],[162.452,-74.92116],[162.95338,-74.61541],[163.27076,-74.54176],[163.12135,-74.40936],[163.53541,-74.34075],[163.78728,-74.62444],[164.31837,-74.50262],[164.58741,-74.57488],[165.17693,-74.5263],[165.41098,-74.64031],[165.04469,-74.24879],[164.85987,-74.20916],[164.59148,-73.92669],[165.05681,-74.018],[164.71461,-73.78167],[164.90594,-73.65716],[164.82911,-73.43776],[165.03199,-73.4109],[165.23121,-73.59303],[165.26059,-73.89332],[165.65187,-73.91367],[165.58302,-73.80511],[166.14438,-73.81341],[166.2942,-73.72576],[165.84474,-73.60719],[166.45143,-73.59271],[167.22193,-73.41814],[167.75318,-73.43206],[167.92937,-73.35866],[167.09523,-73.25213],[166.7776,-73.36533],[166.76678,-73.06487],[166.33082,-72.91367],[166.9463,-73.02386],[167.05844,-73.12908],[168.30421,-73.16399],[168.39405,-72.97194],[168.71453,-73.12005],[168.94117,-73.08799],[168.97975,-73.26393],[169.25115,-73.24847],[169.17221,-73.10312],[169.6312,-73.04372],[169.58448,-72.96217],[169.93247,-72.73593],[169.52174,-72.68483],[169.30177,-72.57732],[168.86736,-72.57594],[168.31617,-72.37363],[168.70672,-72.35906],[169.12648,-72.48504],[169.3921,-72.46689],[170.25538,-72.60296],[170.2824,-72.32635],[169.88527,-72.42995],[170.01637,-72.17083],[170.334,-71.80088],[170.57252,-72.00628],[170.94581,-71.86077],[170.2824,-71.29876],[170.36183,-71.54404],[170.27174,-71.65081],[169.5879,-71.52011],[169.26922,-71.37998],[168.76149,-71.27557],[168.50026,-71.16106],[167.75994,-71.22796],[168.0652,-71.13763],[167.87794,-71.01434],[167.13999,-70.99635],[167.82879,-70.94264],[167.70086,-70.79127],[167.41619,-70.75905],[166.47071,-70.76629],[166.83741,-70.67669],[166.36948,-70.58392],[165.92579,-70.68426],[165.31227,-70.56032],[164.87648,-70.57383],[164.24041,-70.49114],[164.0276,-70.53232],[164.19988,-70.63934],[164.01206,-70.79111],[163.87371,-70.64178],[163.42213,-70.65358],[162.92018,-70.50254],[162.70753,-70.29974],[162.09441,-70.31414],[161.9961,-70.46429],[162.0381,-70.82952],[162.42848,-71.03167],[162.36158,-71.11142],[161.99008,-70.92254],[161.30681,-70.86045],[161.45167,-70.68597],[161.24903,-70.46217],[160.63649,-70.04876],[159.76124,-69.88519],[160.30307,-69.86159],[160.33448,-69.79607],[159.75359,-69.50189],[159.188,-69.43532],[159.11964,-69.51629],[158.79444,-69.31487],[158.44654,-69.32676],[158.26832,-69.22503],[157.87306,-69.17205],[157.51442,-69.24472],[157.37355,-69.35467],[157.13982,-69.16131],[156.35011,-69.20192],[155.98463,-69.10076],[155.88803,-68.9826],[155.59344,-68.94695],[155.63754,-69.13421],[155.3086,-68.89332],[154.98553,-68.88592],[154.74252,-68.70973],[154.71852,-68.52825],[153.83595,-68.27361],[153.70826,-68.30006],[153.70045,-68.54567],[153.84498,-68.76043],[153.40675,-68.76914],[153.25066,-68.87819],[152.40309,-68.69866],[151.61451,-68.69842],[151.56691,-68.91676],[151.16359,-68.87762],[150.97071,-68.71722],[151.09425,-68.407],[150.85288,-68.35076],[150.37794,-68.43987],[149.91334,-68.42343],[149.78492,-68.48691],[149.39031,-68.38437],[149.25538,-68.45078],[148.00099,-68.46404],[147.84938,-68.37037],[147.03045,-68.41562],[147.10792,-68.29404],[146.74513,-68.27068],[147.0713,-68.11745],[147.06471,-68.03875],[146.6194,-68.1832],[146.87281,-67.93759],[146.38543,-67.91522],[146.10971,-67.74961],[146.04811,-67.5866],[145.73341,-67.59295],[145.6443,-67.73699],[145.44435,-67.51482],[145.23813,-67.52825],[144.94207,-67.71893],[144.46909,-67.79437],[144.24871,-67.95436],[143.88071,-67.93385],[143.90919,-67.75612],[144.19191,-67.58123],[144.09156,-67.45078],[144.43238,-67.34344],[144.66236,-67.11663],[144.51246,-67.01572],[143.75148,-67.13942],[143.87615,-66.94036],[143.47071,-66.84564],[142.82203,-67.01971],[142.47706,-67.02597],[141.9817,-66.79998],[141.57814,-66.77996],[141.26027,-66.85703],[141.00367,-66.76735],[140.51743,-66.72503],[140.37631,-66.7846],[140.08155,-66.73317],[139.82277,-66.79697],[139.86703,-66.69183],[139.25172,-66.56715],[138.18434,-66.53834],[137.72055,-66.3681],[136.94459,-66.32822],[136.63649,-66.45648],[136.15952,-66.24537],[135.64731,-66.27809],[135.34303,-66.10068],[135.17848,-66.33148],[134.76678,-66.33766],[134.42067,-66.49651],[134.10939,-66.50457],[134.42652,-66.31146],[133.91049,-66.18401],[133.79233,-66.1054],[133.12037,-66.09677],[132.82692,-66.19036],[132.47828,-66.15065],[131.75782,-66.24334],[130.72999,-66.14715],[130.34246,-66.29518],[130.10271,-66.27679],[129.72169,-66.43825],[129.46901,-66.71746],[129.58473,-66.72918],[129.06463,-67.17441],[128.76352,-67.02581],[128.52052,-67.14577],[128.07456,-67.02239],[127.43238,-67.07041],[127.19874,-66.97975],[127.11232,-67.12444],[127.06276,-66.84873],[126.70387,-66.84596],[126.81918,-66.69134],[126.60092,-66.63063],[126.85426,-66.44931],[126.40309,-66.372],[126.39259,-66.55267],[125.8978,-66.30625],[125.41041,-66.41766],[125.14812,-66.6596],[124.71681,-66.75921],[124.34018,-66.71787],[124.26051,-66.59498],[124.01515,-66.5888],[123.51612,-66.75408],[123.14991,-66.73317],[122.2444,-66.84498],[121.51531,-67.09295],[120.92067,-67.13152],[120.49928,-67.23309],[118.89047,-67.41969],[118.73219,-67.2789],[120.34132,-67.01238],[120.35174,-66.93483],[118.8812,-67.18385],[118.29005,-67.18157],[118.36793,-67.04648],[117.91432,-67.0831],[117.73048,-67.16823],[117.54493,-67.08318],[116.85377,-67.12274],[116.94288,-66.94818],[116.50001,-67.12428],[116.2531,-67.10052],[115.3379,-67.2195],[115.21217,-67.32586],[114.58253,-67.41619],[114.6701,-67.34344],[114.03151,-67.47845],[113.65992,-67.45192],[114.03012,-67.19069],[114.76539,-67.07171],[115.16017,-67.05397],[115.59742,-66.91953],[115.78077,-66.78826],[115.59897,-66.59287],[115.11346,-66.47812],[114.32244,-66.50905],[114.48341,-66.41522],[114.30942,-66.35703],[114.42986,-66.22601],[113.77556,-65.9485],[113.30616,-65.84238],[113.20362,-65.76539],[111.84742,-65.93475],[111.61557,-65.93287],[110.92709,-66.05462],[110.48902,-66.30877],[110.72495,-66.40545],[110.6574,-66.72796],[110.44516,-66.6583],[109.84783,-66.85443],[109.38575,-66.93271],[109.14959,-66.88535],[108.72316,-66.93255],[108.57643,-66.80584],[108.29819,-66.75644],[108.13575,-66.62477],[107.70981,-66.84759],[107.86704,-66.65276],[107.77915,-66.55169],[107.11695,-66.46258],[106.76783,-66.45574],[103.90821,-65.97877],[103.55991,-66.00221],[103.306,-65.92815],[102.71372,-65.86126],[102.3379,-65.95127],[101.33644,-65.94402],[101.16871,-66.02947],[101.47625,-66.05836],[101.14259,-66.17693],[100.82154,-66.38453],[100.47055,-66.39739],[100.50001,-66.51873],[100.27963,-66.43108],[99.92319,-66.49969],[99.584,-66.66904],[99.57618,-66.54852],[99.16944,-66.75311],[99.01726,-66.69451],[98.82618,-66.90993],[98.71648,-66.64275],[98.91375,-66.50457],[98.49073,-66.60377],[98.5276,-66.44899],[98.24781,-66.44793],[97.8401,-66.56609],[97.67205,-66.67718],[97.2352,-66.50799],[96.97413,-66.5084],[96.61036,-66.61484],[96.10865,-66.57008],[95.95021,-66.65748],[95.49676,-66.70029],[95.32106,-66.55674],[94.91717,-66.47536],[94.42604,-66.62168],[93.73927,-66.74717],[93.62355,-66.58261],[93.02133,-66.56219],[92.76027,-66.63388],[91.96013,-66.49822],[91.37941,-66.60027],[91.14519,-66.57383],[90.37233,-66.82073],[90.08758,-66.7702],[89.65431,-66.84043],[88.7448,-66.78493],[88.23015,-66.85394],[87.96567,-66.77028],[87.10865,-66.93328],[86.69679,-67.0639],[86.06715,-67.04095],[85.88006,-67.13779],[85.44288,-67.18939],[84.96217,-67.0761],[84.41407,-67.12379],[84.24969,-67.22405],[83.72413,-67.31365],[83.41684,-67.42815],[83.47267,-67.65781],[83.21534,-67.57903],[82.87729,-67.63568],[82.58619,-67.60345],[82.36199,-67.7042],[82.05942,-67.67181],[80.87623,-67.89235],[80.73707,-67.8847],[79.13136,-68.14772],[78.74659,-68.26247],[78.46437,-68.50164],[78.66993,-68.6985],[78.14291,-68.75897],[77.84165,-69.13006],[77.47071,-69.20574],[77.0005,-69.21168],[76.82814,-69.35198],[75.82049,-69.52508],[75.88331,-69.7789],[75.41684,-69.94199],[75.27524,-69.81048],[75.12355,-69.92449],[74.71746,-69.83538],[74.41228,-69.92791],[74.07488,-69.71266],[73.70485,-69.86248],[73.47299,-69.78094],[73.23072,-69.97894],[72.76629,-70.06902],[72.62745,-70.19459],[72.86964,-70.43336],[72.62648,-70.47731],[72.34596,-70.67547],[72.01344,-70.66131],[71.72682,-70.77402],[71.79933,-70.87656],[71.54176,-70.96014],[71.34156,-71.18206],[71.5359,-71.24554],[71.20249,-71.33506],[71.18043,-71.49228],[71.53981,-71.61028],[71.05348,-71.67099],[71.27817,-71.72828],[70.44239,-71.86224],[70.73341,-71.91204],[70.53004,-72.04795],[69.94646,-72.08074],[69.63185,-72.43076],[69.04217,-72.42034],[68.49431,-72.47487],[67.91863,-72.7112],[68.11736,-72.95273],[68.02231,-73.14674],[67.34197,-73.30234],[66.38543,-73.20184],[66.32594,-73.13144],[66.99977,-72.9035],[67.44907,-71.89593],[67.88234,-71.6653],[67.83253,-71.53851],[68.08326,-71.36541],[68.80991,-71.07968],[69.19215,-70.71087],[69.25652,-70.46111],[69.14633,-70.30885],[68.74838,-70.3344],[68.53631,-70.47234],[68.38689,-70.40154],[68.07667,-70.45355],[67.77768,-70.39821],[67.68067,-70.27313],[67.22918,-70.30446],[67.46746,-70.20827],[67.60548,-70.01482],[67.86541,-70.00205],[68.27084,-69.83473],[68.60629,-70.02695],[68.89259,-69.99383],[69.20485,-69.82318],[68.88266,-69.7409],[69.35523,-69.61712],[68.73341,-69.55088],[68.92067,-69.30901],[69.21388,-69.36736],[69.70558,-69.32732],[69.72641,-69.16969],[69.30388,-69.0473],[69.66098,-68.98431],[69.8576,-68.87249],[69.38592,-68.88494],[69.28126,-68.83131],[69.6211,-68.73553],[69.66326,-68.57887],[70.1797,-68.49481],[69.81365,-68.28525],[69.60109,-68.01873],[69.68295,-67.86443],[69.55519,-67.73846],[69.22902,-67.75856],[69.10678,-67.84629],[68.37672,-67.8952],[67.33961,-67.8108],[67.12892,-67.75905],[66.72495,-67.79193],[64.72096,-67.65309],[63.65089,-67.50335],[63.11264,-67.53379],[62.61736,-67.66009],[62.11744,-67.56227],[61.60808,-67.53965],[61.2732,-67.59319],[61.167,-67.5053],[60.61891,-67.40057],[59.67856,-67.39414],[59.51295,-67.60638],[58.54884,-67.23024],[58.98862,-67.31015],[58.87062,-67.16513],[58.45533,-67.19492],[57.56276,-66.99424],[57.35914,-67.08782],[56.96795,-67.04616],[56.55844,-67.1098],[56.17067,-67.40895],[56.15349,-67.19606],[55.73219,-67.2636],[55.85548,-67.17034],[56.3672,-67.01019],[56.27166,-66.87566],[56.7068,-66.89967],[56.38054,-66.80608],[56.48463,-66.75848],[56.01254,-66.6609],[56.05641,-66.57391],[56.49659,-66.68572],[57.24244,-66.71893],[57.20769,-66.53118],[56.80779,-66.40545],[56.3991,-66.46266],[55.61158,-66.02793],[55.18344,-65.93092],[53.73455,-65.84588],[52.84767,-65.96209],[52.22169,-65.97291],[51.47828,-66.12054],[51.35231,-66.22177],[50.53736,-66.30389],[50.32203,-66.39381],[50.19142,-66.58652],[50.23951,-66.7431],[50.82985,-66.77467],[50.42775,-66.96258],[50.9782,-67.16814],[50.66114,-67.24358],[50.20167,-67.1207],[49.6657,-67.27842],[49.89308,-67.10662],[49.79331,-67.02809],[49.31153,-67.04616],[49.21648,-66.81894],[48.3611,-67.01637],[48.44874,-67.18174],[48.73162,-67.2208],[49.04469,-67.15203],[49.40528,-67.22332],[49.17465,-67.37705],[48.62941,-67.45192],[48.71827,-67.6819],[48.61402,-67.87933],[48.38266,-68.02337],[48.17115,-67.88885],[48.4546,-67.73016],[47.87517,-67.65521],[47.48268,-67.79355],[47.3069,-67.74342],[47.63445,-67.66033],[47.05909,-67.68499],[47.32716,-67.5665],[46.93035,-67.58164],[46.91961,-67.50652],[47.44109,-67.40944],[47.02426,-67.35272],[46.89243,-67.26458],[46.28077,-67.33424],[46.306,-67.55926],[46.59059,-67.57871],[46.21697,-67.65301],[45.84864,-67.65748],[45.65984,-67.81748],[45.40382,-67.69508],[44.71713,-67.78362],[44.61801,-67.86045],[44.82862,-67.96592],[44.00221,-67.96852],[43.77605,-68.04648],[43.40553,-68.0346],[42.85939,-68.10377],[42.54705,-68.24578],[42.53614,-68.37957],[41.98072,-68.40634],[41.01482,-68.59645],[40.75221,-68.75066],[40.47055,-68.72617],[39.85792,-68.82952],[39.70737,-69.06797],[39.81129,-69.18092],[39.77866,-69.61142],[39.20883,-69.70664],[39.19264,-69.89251],[38.80356,-69.98773],[39.07643,-70.17262],[38.71404,-70.18873],[38.02019,-69.84938],[38.24464,-69.79567],[37.78631,-69.6819],[37.28102,-69.72845],[37.00636,-69.88055],[36.75099,-69.63747],[36.37037,-69.60556],[35.24399,-69.73561],[35.07936,-69.67059],[35.22877,-69.53672],[35.10475,-69.45965],[35.19988,-69.29412],[34.58725,-69.06683],[34.3615,-69.13291],[33.92164,-69.12225],[33.77125,-69.05348],[34.09116,-68.85247],[34.37127,-68.80633],[34.2142,-68.67791],[33.21599,-68.66961],[32.56227,-68.85638],[32.48764,-69.08164],[32.92791,-69.34368],[32.97576,-69.67213],[32.74529,-70.01344],[31.28045,-70.23707],[29.84116,-70.31129],[29.02182,-70.57203],[28.45167,-70.69402],[27.62843,-70.74131],[27.20281,-70.84498],[27.27508,-70.98968],[26.92628,-70.92392],[26.44565,-71.0324],[24.96803,-70.94549],[24.55519,-70.84677],[24.26531,-70.67864],[24.40887,-70.53395],[24.1089,-70.40944],[23.75245,-70.4026],[23.32301,-70.80975],[22.94174,-70.82635],[22.32692,-70.75945],[22.36736,-70.69459],[21.85279,-70.63836],[22.48097,-70.61004],[22.57928,-70.54022],[21.80161,-70.23593],[21.61134,-70.27215],[21.15854,-70.66465],[21.20118,-70.81219],[20.40398,-70.92343],[19.28924,-70.91432],[18.94549,-70.75237],[18.91521,-70.63405],[19.29664,-70.3681],[19.29054,-70.24814],[18.94166,-70.17099],[18.25278,-70.32594],[18.49822,-70.50254],[18.09376,-70.54241],[16.8711,-70.43939],[16.50514,-70.4542],[16.65333,-70.18597],[16.51987,-70.12672],[15.96258,-70.18963],[15.82692,-70.37762],[15.03688,-70.29095],[14.51051,-70.28387],[13.84881,-70.34783],[13.29233,-70.24733],[12.96925,-70.04616],[12.44459,-70.07024],[12.93979,-70.16497],[13.01832,-70.24179],[12.32203,-70.37029],[11.85353,-70.78151],[10.72267,-70.63689],[9.97926,-70.45355],[9.40358,-70.10426],[9.08058,-70.08929],[8.88746,-70.21551],[9.16782,-70.30804],[8.44313,-70.48235],[7.93043,-70.47234],[7.8353,-70.16367],[7.42351,-70.20436],[7.65699,-70.47356],[7.14527,-70.56097],[6.83766,-70.53379],[5.58774,-70.64918],[5.07374,-70.63372],[4.39763,-70.71087],[4.22397,-70.78379],[3.57472,-70.85215],[2.51971,-70.90057],[1.45192,-71.11826],[0.93377,-71.17938],[0.23219,-71.34987],[-0.46931,-71.754],[-0.95214,-71.62363],[-0.81281,-71.37754],[-1.13756,-71.2553],[-1.48925,-71.45875],[-2.23672,-71.3873],[-2.88707,-71.268],[-2.9912,-71.3611],[-3.30899,-71.29022],[-3.47094,-71.52117],[-3.70958,-71.38763],[-4.38728,-71.32293],[-6.14977,-71.36631],[-6.28112,-71.31064],[-6.01989,-71.10898],[-5.73571,-71.03883],[-5.56664,-70.84173],[-5.67528,-70.73268],[-6.31786,-70.70794],[-6.61828,-70.924],[-7.28429,-70.79119],[-7.85578,-70.82586],[-7.89249,-70.97064],[-7.5642,-71.15057],[-7.56851,-71.33465],[-7.76521,-71.4284],[-7.65136,-71.65789],[-8.09118,-71.65765],[-8.14183,-71.57594],[-8.42862,-71.7304],[-8.68712,-71.64007],[-8.85342,-71.42067],[-9.12682,-71.41562],[-8.98794,-71.27654],[-9.45165,-71.09922],[-9.93952,-71.06243],[-9.9431,-70.94451],[-10.26683,-70.93141],[-10.42516,-71.01922],[-10.09411,-71.06422],[-10.10106,-71.18108],[-10.59561,-71.2973],[-10.60033,-71.52703],[-10.84,-71.58489],[-11.37059,-71.42343],[-11.60949,-71.41693],[-11.66015,-71.27646],[-12.20857,-71.30267],[-12.38073,-71.39544],[-12.17516,-71.62396],[-11.52741,-71.7553],[-10.84716,-71.78086],[-11.0323,-72.04892],[-11.25036,-72.10076],[-11.35656,-72.39642],[-12.45604,-72.55967],[-13.18126,-72.80389],[-13.5194,-72.84539],[-14.2211,-72.71168],[-14.41832,-72.72381],[-13.89525,-72.98675],[-13.91682,-73.10589],[-14.45787,-73.15895],[-14.88321,-73.04241],[-15.54141,-73.07684],[-15.97887,-73.19459],[-15.97619,-73.30381],[-16.43847,-73.41326],[-16.60285,-73.63356],[-16.4947,-73.7138],[-15.92968,-73.75018],[-15.90982,-73.81699],[-16.46215,-73.89463],[-15.68627,-73.9485],[-14.7965,-73.80291],[-14.36181,-73.85768],[-14.51773,-73.97137],[-15.30211,-74.22145],[-15.19555,-74.36053],[-15.75308,-74.43043],[-16.59728,-74.30739],[-17.45629,-74.33717],[-17.62316,-74.58522],[-17.96569,-74.63787],[-17.80215,-74.77654],[-18.50943,-75.02256],[-18.87352,-75.24944],[-18.25137,-75.46022],[-18.98713,-75.4428],[-19.00597,-75.52068],[-19.76765,-75.54949],[-20.39948,-75.4721],[-21.26964,-75.71429],[-22.07396,-75.70582],[-22.30187,-75.64463],[-23.26936,-75.73797],[-24.21373,-75.75644],[-25.94815,-75.93304],[-26.98518,-76.16969],[-27.33764,-76.17205],[-28.85912,-76.35328],[-30.15347,-76.63535],[-30.69213,-76.84979],[-31.69612,-76.97666],[-31.91503,-77.15081],[-32.50064,-77.12615],[-33.7211,-77.31097],[-34.7115,-77.62949],[-34.4591,-77.82195],[-35.31286,-77.84441],[-35.58096,-78.15049],[-36.01309,-78.21054],[-36.44115,-78.61126],[-36.25133,-78.85166],[-34.25845,-79.07659],[-34.21813,-79.13812],[-32.82018,-79.24391],[-30.29751,-79.03729],[-30.00866,-79.14446],[-30.52473,-79.28639],[-29.54137,-79.28004],[-30.67325,-79.58807],[-28.69211,-79.65271],[-24.72985,-79.782],[-22.53246,-79.91709],[-22.90563,-79.98284],[-24.06859,-80.00994],[-24.25414,-80.07594],[-26.19514,-80.09149],[-26.33287,-80.122],[-29.76081,-80.17555],[-29.92418,-80.28436],[-31.31949,-80.30885],[-30.50585,-80.4782],[-32.03051,-80.43524],[-33.47619,-80.61541],[-35.35839,-80.61533],[-35.21496,-80.69541],[-36.03319,-80.92067],[-36.81697,-80.97503],[-37.23029,-81.08929],[-38.79113,-80.85955],[-40.39802,-81.16985],[-41.1195,-81.22617],[-41.76382,-81.41041],[-41.98619,-81.61956],[-43.1903,-81.89967],[-43.14778,-82.11419],[-44.0111,-82.39121],[-44.53722,-82.3803],[-46.05362,-82.55486],[-46.68879,-82.40545],[-46.08877,-82.22438],[-46.2792,-81.90976],[-47.58458,-82.02044],[-47.43122,-81.91766],[-48.38036,-81.89031],[-51.73064,-82.06256]]],[[[167.66375,-78.12737],[167.51173,-77.99245],[166.79567,-78.2116],[166.09344,-78.08318],[166.31512,-78.31032],[166.94728,-78.22226],[167.49684,-78.22698],[167.66375,-78.12737]]],[[[163.80348,-74.68955],[164.03777,-74.80633],[164.0381,-74.63633],[163.80348,-74.68955]]],[[[164.84034,-67.33929],[164.65724,-67.26084],[164.63282,-67.4887],[164.87501,-67.51507],[164.84034,-67.33929]]],[[[-59.28677,-80.20965],[-59.89794,-80.11582],[-59.6776,-79.95721],[-59.82063,-79.76922],[-60.48656,-79.73773],[-61.52269,-79.893],[-61.29052,-80.01491],[-61.80614,-80.05088],[-61.51586,-80.24188],[-61.75036,-80.36834],[-65.91845,-80.39495],[-66.17955,-80.20778],[-66.57665,-80.22731],[-66.70092,-80.41237],[-64.28478,-80.75115],[-63.79235,-80.60613],[-63.1411,-80.59246],[-62.95848,-80.77532],[-62.52208,-80.86492],[-60.65266,-80.96038],[-59.819,-80.74489],[-59.75744,-80.33571],[-59.28677,-80.20965]]],[[[-66.14908,-79.62819],[-67.70735,-79.52565],[-67.69042,-79.63828],[-66.93334,-79.79258],[-66.97301,-79.92164],[-66.4193,-79.96038],[-66.22273,-80.08636],[-65.46337,-79.95273],[-65.56579,-79.81268],[-66.65624,-79.66041],[-66.14908,-79.62819]]],[[[-32.1433,-79.66106],[-31.93334,-79.56308],[-32.45474,-79.55071],[-32.1433,-79.66106]]],[[[-68.23306,-79.2859],[-67.51382,-79.32497],[-68.50402,-79.40537],[-68.39269,-79.4708],[-67.46788,-79.50604],[-67.51106,-79.39723],[-67.05907,-79.26133],[-67.61311,-79.21152],[-68.23306,-79.2859]]],[[[-33.91649,-79.31259],[-35.50341,-79.0901],[-36.65958,-79.22308],[-36.72639,-79.29811],[-34.07087,-79.3615],[-33.91649,-79.31259]]],[[[-66.73436,-78.44183],[-66.99291,-78.30674],[-69.43724,-78.68711],[-69.83336,-78.79974],[-70.59276,-78.88592],[-71.39542,-79.10174],[-71.81566,-79.47918],[-71.44416,-79.65293],[-70.34179,-79.69687],[-69.64656,-79.60377],[-69.80085,-79.46884],[-68.94644,-79.09726],[-66.73436,-78.44183]]],[[[-52.51879,-80.20013],[-52.40933,-80.05511],[-53.088,-80.18182],[-53.34264,-80.10719],[-54.37759,-80.57741],[-54.16161,-80.87713],[-49.798,-80.79095],[-49.71923,-80.68564],[-45.91143,-80.38676],[-43.53156,-80.19997],[-43.85652,-79.99749],[-43.28124,-79.98797],[-43.01574,-79.84979],[-42.97155,-79.42995],[-43.34846,-79.23919],[-43.45987,-78.9555],[-43.739,-78.80055],[-45.21898,-78.81894],[-45.15575,-78.66188],[-43.96312,-78.60328],[-43.71825,-78.36745],[-43.81884,-78.2483],[-44.51456,-78.04217],[-45.93407,-77.81707],[-47.22252,-77.77264],[-49.07234,-78.04217],[-49.27807,-78.20086],[-50.36742,-78.69052],[-50.21443,-78.83294],[-50.56135,-78.95957],[-50.26366,-79.53574],[-52.51879,-80.20013]]],[[[-20.36657,-74.42539],[-20.69286,-74.10198],[-20.49584,-73.79372],[-20.53311,-73.63958],[-20.8142,-73.64642],[-21.00951,-73.87054],[-21.33605,-74.00368],[-21.89395,-74.04168],[-22.02115,-74.11403],[-21.29947,-74.10589],[-20.95983,-74.23854],[-20.80663,-74.47519],[-20.36657,-74.42539]]],[[[-73.88683,-73.12005],[-74.15087,-73.27923],[-74.062,-73.39186],[-73.68773,-73.27304],[-73.52253,-73.13014],[-73.88683,-73.12005]]],[[[-104.68712,-73.09653],[-104.9357,-72.95086],[-105.15538,-73.0053],[-104.74694,-73.21852],[-104.68712,-73.09653]]],[[[-89.89244,-72.88462],[-90.28246,-72.94134],[-90.13248,-73.09441],[-89.58507,-73.07041],[-89.33068,-72.92799],[-89.89244,-72.88462]]],[[[-74.84679,-72.86663],[-75.29581,-72.81951],[-75.77575,-72.89365],[-75.37279,-73.04632],[-75.85822,-73.04762],[-76.12613,-73.15879],[-75.87458,-73.34661],[-74.59313,-73.61452],[-74.36091,-73.46038],[-74.50841,-73.25237],[-74.21858,-72.99082],[-74.50398,-72.88209],[-74.84679,-72.86663]]],[[[-90.9016,-72.81976],[-90.75796,-72.69744],[-91.04418,-72.54314],[-91.68651,-72.60996],[-91.3334,-72.89756],[-91.52465,-73.19256],[-90.91771,-73.10125],[-90.72448,-72.91277],[-90.9016,-72.81976]]],[[[-94.49144,-72.52239],[-94.58088,-72.46893],[-95.19782,-72.58864],[-95.20124,-72.67734],[-94.50475,-72.63274],[-94.49144,-72.52239]]],[[[-16.18615,-72.59051],[-16.39098,-72.45355],[-16.44156,-72.66375],[-16.18615,-72.59051]]],[[[-12.65941,-72.0595],[-12.87759,-72.14381],[-12.48965,-72.16709],[-12.65941,-72.0595]]],[[[-95.49922,-72.31561],[-95.75328,-72.33294],[-96.2316,-72.23414],[-95.64098,-72.20664],[-95.73717,-72.05633],[-95.95328,-72.14381],[-96.72378,-72.26409],[-96.99999,-72.21429],[-96.20027,-72.0237],[-96.06534,-71.91383],[-96.36046,-71.83506],[-97.04821,-71.8764],[-97.39411,-72.20843],[-97.59093,-72.08408],[-97.40787,-71.98659],[-97.73973,-71.8834],[-97.85424,-72.05006],[-98.35261,-72.15643],[-98.29088,-71.97422],[-97.98241,-71.85963],[-98.53165,-71.75677],[-98.82811,-71.76051],[-99.15258,-71.91619],[-98.63402,-72.09808],[-99.0004,-72.08392],[-99.40136,-71.94329],[-99.7495,-72.0403],[-99.94441,-71.89381],[-100.43737,-71.87933],[-102.08703,-71.97389],[-102.29223,-72.12672],[-100.20531,-72.27125],[-99.76464,-72.37347],[-99.18643,-72.37542],[-99.39655,-72.49822],[-98.53547,-72.46412],[-98.58015,-72.57285],[-97.59935,-72.55722],[-96.05476,-72.58367],[-96.02257,-72.43646],[-95.51549,-72.40203],[-95.49922,-72.31561]]],[[[-60.53067,-71.05104],[-60.58703,-70.92506],[-60.88947,-71.01881],[-60.53067,-71.05104]]],[[[-74.91267,-71.02337],[-74.4005,-70.97527],[-73.61889,-70.775],[-73.54748,-70.71624],[-73.8839,-70.57057],[-74.1007,-70.65862],[-74.48355,-70.59344],[-74.5961,-70.79412],[-74.90392,-70.58375],[-75.19982,-70.77662],[-76.109,-70.83766],[-76.54255,-70.96559],[-76.34557,-71.12298],[-76.13044,-71.13787],[-74.91267,-71.02337]]],[[[-60.43529,-70.59677],[-60.56998,-70.50726],[-60.95568,-70.53777],[-60.85753,-70.70916],[-60.43529,-70.59677]]],[[[-3.43041,-70.53851],[-2.68505,-70.47234],[-2.83381,-70.28143],[-3.26049,-70.33123],[-3.43041,-70.53851]]],[[[-71.71101,-70.42978],[-71.31859,-70.29876],[-71.81652,-70.29583],[-71.71101,-70.42978]]],[[[-75.48351,-70.13372],[-74.87316,-70.18353],[-74.63683,-70.12225],[-74.62767,-69.98455],[-74.40713,-69.93768],[-74.9628,-69.71689],[-75.43554,-69.76881],[-75.23013,-69.84173],[-75.60432,-69.86492],[-75.83169,-70.01637],[-75.48351,-70.13372]]],[[[-72.84553,-69.58563],[-72.7718,-69.64983],[-72.20531,-69.73447],[-71.9497,-69.68279],[-72.39855,-69.46526],[-72.8334,-69.42555],[-72.84553,-69.58563]]],[[[-61.75548,-69.45428],[-62.19205,-69.18621],[-62.57917,-69.18914],[-62.19884,-69.50807],[-62.12865,-69.71795],[-61.95995,-69.70843],[-61.75548,-69.45428]]],[[[-71.46007,-72.62916],[-70.64615,-72.66709],[-69.21817,-72.5429],[-69.22745,-72.42669],[-68.66869,-72.21673],[-68.41413,-72.21966],[-68.34187,-72.05706],[-68.48314,-71.8969],[-68.24974,-71.88307],[-68.16124,-71.60638],[-68.29918,-70.86907],[-68.72037,-70.36907],[-69.28478,-69.92311],[-69.31713,-69.62591],[-69.76716,-69.28729],[-70.0917,-69.27744],[-70.10558,-68.89072],[-70.40209,-68.7868],[-71.4038,-68.86004],[-72.01269,-68.9555],[-72.16812,-69.05576],[-72.15876,-69.22666],[-71.61587,-69.45485],[-71.72313,-69.64072],[-71.91161,-69.70827],[-71.92764,-69.9542],[-71.31688,-70.17734],[-70.93928,-70.2164],[-70.65217,-70.12029],[-70.2307,-70.13633],[-70.2318,-70.23512],[-69.6695,-70.35394],[-69.69457,-70.42059],[-70.1175,-70.32977],[-70.99861,-70.46575],[-71.26651,-70.68011],[-70.70128,-70.8318],[-69.77627,-70.85809],[-69.838,-71.15195],[-70.01195,-71.14479],[-70.4112,-70.94541],[-70.71788,-70.99847],[-71.32461,-70.96608],[-71.35969,-71.06911],[-71.69005,-71.15887],[-72.39542,-71.06512],[-72.78612,-71.06276],[-73.12458,-71.14398],[-72.89586,-71.2304],[-72.3153,-71.28883],[-72.18895,-71.37314],[-72.75739,-71.40455],[-73.40795,-71.31536],[-73.6693,-71.36793],[-73.33641,-71.5368],[-73.52522,-71.60622],[-74.12218,-71.38299],[-74.42276,-71.42832],[-74.39025,-71.66814],[-74.88585,-71.52842],[-75.40372,-71.67083],[-75.35603,-71.9236],[-74.81599,-72.06487],[-74.3968,-72.0403],[-74.00475,-72.17352],[-73.50133,-72.01247],[-73.8789,-71.86419],[-73.50463,-71.83554],[-73.03506,-71.92645],[-72.71154,-71.86093],[-72.33894,-71.61346],[-71.83674,-71.79795],[-71.78844,-71.89861],[-71.48428,-71.84059],[-70.87975,-71.84637],[-70.76977,-71.98968],[-71.08698,-72.04957],[-72.01159,-72.11972],[-71.55264,-72.27842],[-71.04377,-72.25758],[-70.45767,-72.14023],[-70.18334,-72.27386],[-70.70971,-72.39642],[-71.87108,-72.34881],[-72.17968,-72.36248],[-72.67675,-72.27125],[-73.09162,-72.3834],[-72.79971,-72.59417],[-72.43212,-72.55348],[-72.40827,-72.67449],[-71.46007,-72.62916]]],[[[-67.2882,-67.73008],[-67.1837,-67.59979],[-67.49572,-67.58904],[-67.74205,-67.74651],[-67.2882,-67.73008]]],[[[-67.38121,-66.90244],[-67.24071,-66.83082],[-67.40665,-66.7365],[-67.60314,-66.87998],[-67.38121,-66.90244]]],[[[-69.10928,-67.62615],[-68.88459,-67.76247],[-68.55858,-67.74147],[-68.2836,-67.52272],[-68.13903,-67.57147],[-67.96516,-67.39463],[-68.25097,-67.36932],[-67.67683,-67.14804],[-67.97643,-67.0665],[-67.9134,-66.81146],[-67.64196,-66.6832],[-67.86046,-66.62566],[-68.37784,-66.82073],[-68.83747,-67.26678],[-69.1549,-67.47568],[-69.10928,-67.62615]]],[[[-66.77253,-66.13779],[-66.75145,-66.28924],[-66.576,-66.18035],[-66.77253,-66.13779]]],[[[-66.19017,-65.82374],[-65.81355,-65.83994],[-65.91295,-65.70582],[-65.66552,-65.66009],[-65.63475,-65.53867],[-65.96003,-65.55332],[-66.19017,-65.82374]]],[[[-59.43545,-65.23382],[-59.77139,-65.08611],[-59.77774,-65.17441],[-59.43545,-65.23382]]],[[[-57.31456,-64.43646],[-57.39118,-64.56194],[-56.96788,-64.4555],[-56.94396,-64.32879],[-57.31456,-64.43646]]],[[[-62.90644,-64.52117],[-63.29874,-64.56357],[-63.08959,-64.45859],[-63.35993,-64.43621],[-63.17927,-64.2785],[-63.57494,-64.26523],[-63.90294,-64.53476],[-64.19953,-64.59205],[-64.28209,-64.70989],[-63.8048,-64.78688],[-63.68212,-64.8532],[-63.46369,-64.72226],[-62.82982,-64.56976],[-62.90644,-64.52117]]],[[[-62.65656,-64.50302],[-62.24063,-64.39316],[-62.00894,-64.1417],[-62.47818,-64.01458],[-62.6234,-64.13055],[-62.46931,-64.24847],[-62.66584,-64.39218],[-62.65656,-64.50302]]],[[[-57.51334,-64.341],[-57.29552,-64.37119],[-57.40038,-64.1456],[-57.15538,-64.08514],[-57.52123,-64.02093],[-57.54239,-63.93922],[-57.86437,-64.06658],[-57.79467,-63.79144],[-58.25768,-63.90683],[-58.46036,-64.08571],[-58.13109,-64.10223],[-58.01268,-64.23903],[-58.3133,-64.32138],[-58.19347,-64.38104],[-57.85521,-64.29949],[-57.51334,-64.341]]],[[[-57.64306,-63.84938],[-57.24397,-63.90228],[-57.0891,-63.83945],[-57.64306,-63.84938]]],[[[-60.88659,-63.85857],[-60.73998,-63.9039],[-60.55285,-63.69931],[-60.80256,-63.67457],[-60.88659,-63.85857]]],[[[-55.71959,-63.47536],[-55.80639,-63.4074],[-56.20665,-63.43621],[-55.96491,-63.58148],[-55.71959,-63.47536]]],[[[-61.95173,-63.31178],[-62.20271,-63.23707],[-62.2775,-63.35231],[-61.95173,-63.31178]]],[[[-55.15937,-63.20387],[-55.57567,-63.12908],[-55.97452,-63.1469],[-56.36954,-63.22812],[-56.55378,-63.36728],[-56.33617,-63.43678],[-55.90136,-63.29664],[-55.17272,-63.3576],[-55.15937,-63.20387]]],[[[-56.54597,-63.0993],[-56.27351,-63.17848],[-56.04772,-63.01702],[-56.46874,-62.97633],[-56.54597,-63.0993]]],[[[-62.60127,-63.06561],[-62.30626,-62.87518],[-62.53702,-62.92693],[-62.60127,-63.06561]]],[[[-61.16039,-62.66334],[-60.3236,-62.62851],[-60.24596,-62.75286],[-59.98941,-62.63014],[-60.12946,-62.46006],[-60.49108,-62.57708],[-60.79662,-62.46893],[-60.8238,-62.57578],[-61.15087,-62.58465],[-61.16039,-62.66334]]],[[[-59.74568,-62.54502],[-59.5537,-62.50123],[-59.93228,-62.44012],[-59.74568,-62.54502]]],[[[-59.69416,-62.37851],[-59.50878,-62.45696],[-59.43676,-62.35508],[-59.69416,-62.37851]]],[[[-58.46691,-62.16041],[-58.24283,-62.18157],[-58.13996,-62.05625],[-57.58983,-62.02549],[-57.70547,-61.9157],[-58.41405,-61.93328],[-58.67821,-62.004],[-59.01073,-62.21966],[-58.82518,-62.16937],[-58.58462,-62.24896],[-58.46691,-62.16041]]],[[[-54.03604,-61.2457],[-54.00886,-61.13763],[-54.22741,-61.27011],[-54.03604,-61.2457]]],[[[-55.07795,-61.09319],[-55.37804,-61.07049],[-55.21141,-61.26727],[-55.03458,-61.15643],[-54.65152,-61.10654],[-55.07795,-61.09319]]],[[[-46.00699,-60.61273],[-45.42146,-60.64658],[-45.18464,-60.73333],[-45.19066,-60.63291],[-45.48705,-60.54469],[-45.95507,-60.52776],[-46.00699,-60.61273]]],[[[-162.33983,-82.92376],[-163.7497,-82.83359],[-163.2613,-83.08099],[-162.40241,-83.14837],[-161.57579,-83.02435],[-162.33983,-82.92376]]],[[[-169.03034,-83.15423],[-171.8205,-82.82464],[-169.86315,-83.14739],[-169.03034,-83.15423]]],[[[-158.34683,-81.90146],[-159.00056,-81.81845],[-157.92077,-82.08473],[-158.34683,-81.90146]]],[[[-160.57112,-81.59889],[-160.67573,-81.46282],[-162.98388,-81.27028],[-163.85119,-81.31894],[-163.72851,-81.48162],[-160.57112,-81.59889]]],[[[-154.11425,-80.03704],[-153.9182,-80.00604],[-155.57697,-79.80039],[-155.47875,-79.8576],[-154.11425,-80.03704]]],[[[-29.61832,-79.91123],[-29.90624,-79.81504],[-31.09545,-79.81072],[-31.59166,-79.6487],[-32.07726,-79.6666],[-32.08947,-79.80926],[-31.54174,-79.89853],[-29.61832,-79.91123]]],[[[-159.84215,-79.34856],[-162.35322,-78.75262],[-163.24299,-78.70631],[-164.14806,-78.99212],[-164.32653,-79.28737],[-163.93663,-79.41172],[-160.71288,-79.85459],[-159.06981,-79.81878],[-158.97484,-79.72234],[-159.84215,-79.34856]]],[[[-148.91889,-77.38486],[-149.49262,-77.27337],[-149.39167,-77.38226],[-148.91889,-77.38486]]],[[[-150.48379,-77.34319],[-150.98518,-77.22234],[-151.49523,-77.29372],[-150.48379,-77.34319]]],[[[169.27345,-77.45452],[168.21957,-77.37233],[167.56813,-77.41326],[167.06577,-77.31634],[166.82716,-77.1609],[166.40008,-77.26653],[166.65447,-77.36256],[166.16554,-77.53484],[166.87526,-77.67034],[166.77866,-77.84482],[167.40805,-77.64398],[168.40089,-77.69622],[169.36443,-77.52207],[169.27345,-77.45452]]],[[[-148.53356,-76.94964],[-149.21589,-76.89764],[-149.239,-76.99635],[-148.53356,-76.94964]]],[[[-149.72875,-77.12949],[-149.30805,-77.13958],[-149.96259,-76.8707],[-150.78254,-76.9708],[-150.42158,-77.08978],[-149.72875,-77.12949]]],[[[-146.16478,-76.93133],[-147.07213,-76.82391],[-146.96483,-77.00709],[-146.16478,-76.93133]]],[[[-148.52953,-76.79656],[-148.40937,-76.7387],[-149.3098,-76.71404],[-149.49071,-76.76686],[-148.92711,-76.84979],[-148.52953,-76.79656]]],[[[-150.23262,-76.77752],[-150.206,-76.68678],[-150.82763,-76.71038],[-150.23262,-76.77752]]],[[[-146.81033,-76.59596],[-147.24063,-76.50547],[-147.36547,-76.61745],[-146.81033,-76.59596]]],[[[-147.46048,-76.09775],[-146.81184,-76.29485],[-146.66128,-76.27557],[-146.90831,-76.10703],[-147.46048,-76.09775]]],[[[-145.44038,-75.58001],[-145.96972,-75.50945],[-146.15978,-75.56976],[-145.38305,-75.71803],[-145.44038,-75.58001]]],[[[-130.92048,-74.44427],[-131.80626,-74.32195],[-132.18126,-74.42376],[-131.84606,-74.55429],[-131.20592,-74.60711],[-130.92048,-74.44427]]],[[[-127.12849,-74.46941],[-127.75805,-74.34271],[-128.1892,-74.31609],[-127.90563,-74.55299],[-127.55175,-74.64365],[-127.12849,-74.46941]]],[[[-116.1407,-73.90252],[-116.40339,-73.86728],[-117.37108,-74.07977],[-117.1964,-74.20029],[-116.78506,-74.17425],[-116.1407,-73.90252]]],[[[-119.82103,-74.12078],[-119.00377,-73.98357],[-118.97444,-73.80486],[-119.49494,-73.77256],[-119.90355,-73.82497],[-119.6361,-74.00123],[-119.82103,-74.12078]]],[[[-120.26122,-73.92783],[-120.64737,-73.89674],[-120.3758,-73.79648],[-120.68643,-73.76727],[-123.06558,-73.67539],[-123.34927,-73.8484],[-122.32738,-73.9157],[-122.73107,-73.99774],[-123.02819,-74.2483],[-122.9038,-74.33701],[-122.24348,-74.41326],[-121.09903,-74.34808],[-121.00402,-74.14837],[-120.27554,-74.00319],[-120.26122,-73.92783]]],[[[169.96168,-73.51442],[169.75164,-73.32008],[169.45875,-73.55495],[169.66619,-73.63104],[169.96168,-73.51442]]],[[[-127.47317,-73.54957],[-127.166,-73.60263],[-127.26887,-73.71787],[-126.54654,-73.67034],[-126.47545,-73.84222],[-125.81273,-73.96657],[-125.7189,-74.0403],[-125.10928,-74.12282],[-124.78425,-74.22601],[-124.00744,-74.26344],[-123.75438,-74.07252],[-124.20881,-73.93434],[-124.02745,-73.85524],[-124.62951,-73.73073],[-124.94884,-73.81439],[-125.58943,-73.82391],[-125.90713,-73.75506],[-125.27001,-73.69883],[-125.59927,-73.42938],[-126.10407,-73.29616],[-126.52717,-73.26832],[-127.30321,-73.31813],[-127.47317,-73.54957]]],[[[68.77874,-72.11647],[68.39471,-72.29705],[68.85231,-72.21258],[68.77874,-72.11647]]],[[[-3.2281,-71.05283],[-3.41503,-71.12998],[-2.94457,-71.22503],[-3.2281,-71.05283]]],[[[-2.71768,-70.82008],[-2.50463,-70.73154],[-3.18078,-70.66806],[-3.57103,-70.6928],[-2.66731,-70.99375],[-2.79996,-71.16774],[-2.30386,-71.01637],[-2.08072,-70.82562],[-2.71768,-70.82008]]],[[[-5.93985,-70.42262],[-6.45376,-70.44443],[-6.11925,-70.61289],[-5.88492,-70.54941],[-5.93985,-70.42262]]],[[[3.2199,-70.39235],[2.58082,-70.52435],[2.74366,-70.62933],[3.15789,-70.56276],[3.2199,-70.39235]]],[[[72.20037,-70.60703],[71.886,-70.41229],[71.80836,-70.26588],[71.6233,-70.35475],[71.82692,-70.62493],[72.20037,-70.60703]]],[[[4.04884,-70.30299],[4.20485,-70.4695],[4.46681,-70.50123],[4.57439,-70.27614],[4.04884,-70.30299]]],[[[26.76564,-70.2243],[26.58969,-70.0748],[26.3274,-70.06658],[25.98732,-70.195],[26.0573,-70.39105],[26.45777,-70.45013],[26.83985,-70.41204],[26.76564,-70.2243]]],[[[1.41098,-70.04022],[1.04249,-70.04599],[0.9568,-70.19166],[1.16383,-70.41709],[1.46502,-70.15049],[1.41098,-70.04022]]],[[[16.24684,-69.70599],[15.72185,-69.76393],[15.58912,-69.93206],[16.17156,-70.07293],[16.33041,-69.82887],[16.55209,-69.71803],[16.24684,-69.70599]]],[[[47.87566,-67.56447],[47.49293,-67.57269],[47.53248,-67.6417],[47.87566,-67.56447]]],[[[85.65927,-66.74367],[85.34539,-66.71917],[85.37477,-66.87721],[85.78736,-66.96893],[85.94117,-66.88991],[85.65927,-66.74367]]],[[[48.77369,-66.72047],[48.37526,-66.69915],[48.31219,-66.8095],[48.76336,-66.7833],[48.77369,-66.72047]]],[[[98.58855,-66.38795],[98.73072,-66.48235],[98.9533,-66.41814],[98.58855,-66.38795]]],[[[97.40553,-66.4035],[97.16774,-66.32594],[97.06764,-66.40472],[97.40553,-66.4035]]],[[[162.62615,-66.4625],[162.31471,-66.2514],[162.34051,-66.41025],[162.5464,-66.5346],[162.62615,-66.4625]]],[[[96.91717,-66.05438],[96.41798,-66.06707],[96.4074,-66.22763],[96.90846,-66.21136],[96.91717,-66.05438]]],[[[100.7977,-65.77728],[100.39967,-65.85467],[100.7588,-65.88177],[101.02556,-65.81259],[100.7977,-65.77728]]],[[[92.49627,-65.70314],[92.23585,-65.75066],[92.57887,-65.81756],[92.49627,-65.70314]]],[[[100.56593,-65.40301],[100.3851,-65.47861],[100.29803,-65.65862],[100.55787,-65.70403],[100.96705,-65.68287],[101.2518,-65.49375],[100.93458,-65.37868],[100.56593,-65.40301]]],[[[103.29127,-65.39202],[103.18881,-65.22967],[102.91066,-65.13177],[102.77613,-65.23252],[103.03785,-65.28037],[103.17221,-65.46063],[103.29127,-65.39202]]]]},"properties":{"ISO_A2":"AQ","ISO_A2_EH":"AQ","ADM0_A3":"ATA","ISO_A3":"ATA","ADMIN":"Antarctica"}},
{"type":"Feature","geometry":{"type":"MultiPolygon","coordinates":[[[[131.5359,-31.60556],[132.07789,-31.90781],[132.23374,-32.03297],[132.48317,-32.02646],[132.47584,-31.95501],[132.79803,-31.95631],[133.1478,-32.19671],[133.41179,-32.21136],[133.47682,-32.11191],[133.64918,-32.10166],[133.94996,-32.38942],[133.85369,-32.52972],[134.14828,-32.45696],[134.29762,-32.67848],[134.07407,-32.71396],[134.13282,-32.83563],[134.05982,-32.91082],[134.19068,-32.94647],[134.27882,-33.16269],[134.44606,-33.15398],[134.66236,-33.22552],[134.81398,-33.3528],[134.84083,-33.63128],[135.18979,-33.893],[135.34645,-34.27557],[135.40577,-34.64446],[135.15317,-34.50221],[135.60402,-34.88014],[135.63258,-34.95289],[135.82228,-34.87428],[136.01246,-34.97967],[135.9734,-34.78606],[135.88299,-34.76849],[135.93678,-34.5346],[136.06935,-34.48187],[136.23219,-34.30869],[136.3694,-34.07342],[136.60743,-33.90293],[136.87892,-33.8025],[136.94557,-33.68231],[137.02019,-33.73016],[137.22486,-33.65325],[137.37672,-33.38991],[137.45216,-33.14007],[137.674,-32.95525],[137.76979,-32.99082],[137.80828,-32.858],[137.75392,-32.69345],[137.82179,-32.56829],[138.02516,-33.14853],[137.81044,-33.25998],[137.93749,-33.52784],[137.60206,-33.87664],[137.55421,-34.07203],[137.45387,-34.16399],[137.45948,-34.44752],[137.51271,-34.61777],[137.44614,-34.91741],[137.03061,-34.89984],[136.96095,-35.09645],[136.83546,-35.24773],[137.1692,-35.24228],[137.40349,-35.1242],[137.6714,-35.18084],[137.74692,-35.05885],[137.91041,-34.62396],[137.93092,-34.41481],[138.03777,-34.30804],[138.07814,-34.12835],[138.25994,-34.43841],[138.44557,-34.68597],[138.53631,-34.7409],[138.4865,-34.87347],[138.50734,-35.05657],[138.42742,-35.35263],[138.12273,-35.55535],[138.20167,-35.67164],[138.53126,-35.64593],[138.74586,-35.53875],[138.99342,-35.54754],[138.96119,-35.41383],[139.26759,-35.33131],[139.3755,-35.46396],[139.21892,-35.50726],[139.35572,-35.59336],[139.24391,-35.69451],[139.23414,-35.54754],[139.13543,-35.4983],[139.04135,-35.6041],[139.47543,-35.89642],[139.59376,-36.02256],[139.00099,-35.58538],[139.56739,-36.07529],[139.85369,-36.62176],[139.86354,-36.76727],[139.67205,-36.95338],[139.78834,-37.12623],[139.74155,-37.18084],[139.98805,-37.48707],[140.24057,-37.66595],[140.35987,-37.88209],[140.71355,-38.07057],[140.95143,-38.0543],[141.13429,-38.12762],[141.37477,-38.29119],[141.37086,-38.38649],[141.65398,-38.39984],[141.76197,-38.26181],[141.94679,-38.28289],[142.22462,-38.40569],[142.39772,-38.36712],[142.81023,-38.57838],[143.06007,-38.63592],[143.24155,-38.76279],[143.53696,-38.85833],[143.8449,-38.69118],[144.0525,-38.48577],[144.40187,-38.3012],[144.65284,-38.28582],[144.72511,-38.16481],[144.36256,-38.14658],[144.52809,-38.10491],[144.82545,-37.89853],[144.98268,-37.89935],[145.1102,-38.05169],[145.11931,-38.15936],[144.98292,-38.3414],[144.80397,-38.37908],[144.94459,-38.51035],[145.13657,-38.40081],[145.29656,-38.2317],[145.47657,-38.24489],[145.5569,-38.38519],[145.37306,-38.53053],[145.57081,-38.66172],[145.80934,-38.65016],[145.92115,-38.90667],[146.09181,-38.81976],[146.18165,-38.86834],[146.42555,-39.13641],[146.48292,-38.92409],[146.44777,-38.7903],[146.28639,-38.90984],[146.18238,-38.75595],[146.41179,-38.73984],[146.87859,-38.6443],[147.58937,-38.08066],[147.91652,-37.91855],[148.30641,-37.82342],[148.78631,-37.79811],[149.47902,-37.7859],[149.66668,-37.70013],[149.77866,-37.55609],[149.98536,-37.49586],[149.95102,-37.28427],[150.05356,-37.27614],[149.90382,-36.9284],[150.06577,-36.56658],[150.14235,-36.32],[150.1526,-35.89373],[150.40935,-35.53851],[150.55397,-35.21356],[150.75945,-35.17889],[150.6775,-35.07578],[150.85157,-35.01491],[150.72869,-34.86981],[150.83375,-34.7824],[150.92492,-34.33042],[151.28142,-33.95232],[151.34075,-33.61747],[151.42416,-33.52776],[151.67058,-33.06113],[151.83403,-32.86497],[152.10939,-32.79412],[152.1875,-32.66914],[152.40239,-32.48943],[152.53989,-32.44209],[152.56479,-32.20602],[152.51008,-32.16188],[152.60925,-31.94585],[152.74722,-31.84258],[152.84538,-31.56932],[152.9345,-31.48281],[152.98062,-31.16591],[153.0595,-31.07721],[153.08627,-30.89471],[152.9878,-30.73463],[153.05055,-30.47332],[153.20379,-30.12916],[153.32163,-29.69752],[153.36997,-29.39666],[153.34034,-29.32269],[153.45379,-29.03558],[153.60597,-28.86745],[153.63063,-28.66155],[153.57602,-28.58961],[153.59107,-28.26849],[153.44947,-28.07317],[153.44557,-27.81048],[153.31544,-27.65488],[153.2505,-27.47275],[153.06495,-27.31048],[153.03826,-27.19345],[153.20623,-27.04607],[153.15252,-26.92498],[153.07749,-26.28086],[153.20558,-25.93499],[152.94288,-25.75319],[152.89772,-25.58489],[152.96616,-25.49725],[152.91383,-25.28769],[152.67709,-25.24188],[152.50603,-24.99944],[152.49147,-24.84759],[152.4048,-24.74871],[152.1504,-24.61907],[152.0586,-24.51393],[151.93336,-24.21103],[151.81137,-24.14235],[151.78045,-24.02256],[151.62379,-23.98406],[151.69166,-24.09832],[151.44825,-24.00905],[151.27784,-23.82391],[151.18719,-23.80413],[151.12599,-23.67539],[150.81422,-23.41131],[150.83904,-23.24896],[150.76442,-23.15887],[150.82643,-22.69793],[150.75978,-22.47047],[150.56764,-22.32317],[150.53452,-22.42702],[150.60914,-22.61053],[150.21559,-22.39479],[150.05356,-22.14153],[149.92351,-22.29827],[150.04672,-22.64528],[149.81276,-22.37811],[149.73129,-22.46933],[149.60857,-22.24432],[149.4354,-21.78973],[149.47828,-21.71844],[149.29274,-21.28167],[149.19614,-21.18092],[149.23121,-21.08978],[149.02662,-20.97625],[148.97145,-20.87054],[148.85385,-20.83221],[148.65528,-20.55543],[148.80828,-20.43336],[148.93702,-20.53493],[148.75668,-20.22967],[148.61085,-20.21364],[148.56007,-20.05267],[148.43702,-20.07496],[148.40211,-20.17392],[148.2649,-20.0831],[148.27857,-19.96575],[148.07244,-19.87705],[147.94947,-19.90781],[147.84596,-19.7348],[147.75082,-19.6915],[147.785,-19.83538],[147.68426,-19.82806],[147.44484,-19.34157],[147.4214,-19.41277],[147.13396,-19.41082],[147.01043,-19.25262],[146.90512,-19.30462],[146.74635,-19.17278],[146.6548,-19.18255],[146.44654,-19.05975],[146.27662,-18.87428],[146.33937,-18.52703],[146.21372,-18.49212],[146.18344,-18.38014],[146.02377,-18.26312],[146.00367,-18.15643],[146.11354,-17.86435],[146.14772,-17.63258],[146.06837,-17.51588],[146.07106,-17.39202],[145.88234,-17.03973],[145.95509,-16.87314],[145.77768,-16.88535],[145.4004,-16.44329],[145.46241,-16.27321],[145.46241,-16.06048],[145.35581,-15.90342],[145.36638,-15.74928],[145.27377,-15.53574],[145.24732,-15.09498],[145.34571,-14.94256],[145.22283,-14.8327],[145.03053,-14.80592],[144.886,-14.60963],[144.67758,-14.55584],[144.63315,-14.33994],[144.47885,-14.15993],[144.44825,-14.24358],[144.30356,-14.31259],[144.1854,-14.26263],[144.16163,-14.37314],[143.94117,-14.51116],[143.78273,-14.40228],[143.70777,-14.20957],[143.68727,-14.01434],[143.53012,-13.75018],[143.59791,-13.52418],[143.52662,-13.32977],[143.49545,-12.92156],[143.54379,-12.83278],[143.36427,-12.86175],[143.43393,-12.61305],[143.3235,-12.55779],[143.25294,-12.38893],[143.07716,-12.32879],[143.08627,-12.14902],[143.20395,-11.98252],[143.12338,-11.91058],[142.9922,-11.93401],[142.8729,-11.85068],[142.82106,-11.47763],[142.86964,-11.39129],[142.74195,-10.97503],[142.66627,-11.00311],[142.61451,-10.86826],[142.51482,-10.92352],[142.615,-10.74537],[142.44858,-10.71453],[142.32342,-10.90162],[142.17457,-10.93011],[142.13185,-11.33815],[141.9673,-11.81121],[141.95297,-11.97568],[142.03297,-12.04119],[141.91961,-12.10605],[141.87135,-11.96624],[141.80104,-12.05511],[141.59474,-12.52606],[141.69361,-12.50319],[141.82325,-12.65407],[142.00831,-12.71494],[141.90528,-12.75709],[141.82008,-12.66644],[141.75473,-12.81845],[141.58546,-12.97747],[141.69337,-13.24131],[141.52703,-13.57138],[141.47413,-13.7763],[141.48504,-13.9485],[141.58399,-14.0761],[141.59205,-14.24529],[141.52166,-14.48382],[141.60426,-14.8777],[141.6657,-15.01141],[141.63901,-15.14121],[141.48707,-15.47894],[141.37875,-15.93792],[141.43116,-16.06178],[141.34978,-16.2243],[141.30397,-16.44199],[141.19947,-16.70306],[141.08351,-16.80023],[140.94703,-17.01832],[140.95997,-17.07399],[140.83326,-17.45078],[140.5075,-17.63633],[140.24049,-17.70208],[139.99952,-17.70615],[139.9253,-17.62135],[139.64096,-17.5324],[139.43865,-17.37567],[139.27418,-17.34832],[139.14161,-17.11688],[139.15805,-17.03297],[139.03728,-16.91562],[138.75343,-16.84124],[138.65724,-16.77972],[138.49269,-16.79437],[138.18426,-16.6972],[137.86687,-16.43711],[137.7461,-16.25213],[137.36118,-16.12217],[136.99187,-15.86419],[136.90651,-15.93621],[136.7046,-15.91522],[136.59474,-15.71087],[136.52857,-15.71901],[136.26791,-15.54502],[136.24008,-15.42409],[135.95167,-15.26442],[135.86101,-15.17596],[135.46957,-14.94801],[135.37827,-14.71233],[135.53226,-14.58108],[135.75913,-14.26539],[135.90943,-14.19524],[135.92311,-13.95965],[135.99138,-13.90106],[136.05348,-13.68816],[135.90138,-13.73886],[135.85475,-13.45599],[135.96461,-13.44915],[135.88337,-13.32576],[135.97755,-13.23196],[136.08587,-13.23023],[136.14763,-13.12225],[136.15862,-13.26288],[136.37159,-13.06536],[136.38819,-13.22576],[136.47804,-13.22763],[136.56723,-13.0582],[136.49676,-12.97519],[136.63694,-12.95494],[136.48976,-12.85076],[136.67922,-12.67129],[136.92782,-12.34898],[136.87638,-12.22341],[136.76092,-12.16448],[136.6906,-12.28281],[136.59058,-12.17428],[136.53329,-11.99325],[136.45071,-11.94233],[136.18002,-12.18776],[136.36394,-12.25644],[136.2527,-12.44109],[136.0232,-12.45566],[135.98512,-12.36297],[136.06023,-12.23219],[135.88893,-12.14625],[135.73194,-12.31146],[135.65007,-12.16458],[135.89723,-11.96258],[135.72384,-12.01074],[135.90342,-11.8499],[135.73927,-11.9415],[135.6006,-11.95672],[135.5879,-12.09856],[135.36627,-12.08761],[135.07016,-12.25994],[134.96705,-12.14609],[134.8611,-12.12656],[134.76857,-11.94769],[134.59425,-12.06439],[134.42897,-12.05755],[134.285,-11.96819],[134.1858,-12.07643],[134.19508,-11.94769],[134.06837,-11.85442],[133.94313,-11.91367],[133.83416,-11.83148],[133.93898,-11.75791],[133.8025,-11.71494],[133.58985,-11.79811],[133.32374,-11.75945],[133.36443,-11.69736],[133.18507,-11.71705],[133.07602,-11.50994],[132.8729,-11.32789],[132.75953,-11.49236],[132.67416,-11.5084],[132.47495,-11.23414],[132.34303,-11.122],[132.18832,-11.13274],[132.20387,-11.41033],[132.10727,-11.33196],[132.11451,-11.20875],[131.98162,-11.13006],[131.94028,-11.2514],[131.8825,-11.17197],[131.76759,-11.3108],[131.92555,-11.3209],[132.08473,-11.518],[132.36988,-11.43499],[132.49537,-11.47617],[132.59498,-11.622],[132.69557,-11.6535],[132.59303,-11.78444],[132.65105,-11.86582],[132.62696,-12.00433],[132.67905,-12.13681],[132.57732,-12.09401],[132.37989,-12.216],[132.21632,-12.20843],[132.04567,-12.30739],[131.90463,-12.21982],[131.78435,-12.27044],[131.49293,-12.29778],[131.32789,-12.18532],[131.30258,-12.04811],[131.23227,-12.23854],[131.10597,-12.14625],[131.00017,-12.17132],[131.05177,-12.35377],[130.89763,-12.33424],[130.82472,-12.40081],[130.9686,-12.53737],[130.87745,-12.61712],[130.78387,-12.43499],[130.62037,-12.43694],[130.55909,-12.62477],[130.62599,-12.71494],[130.44801,-12.62672],[130.35434,-12.67205],[130.31861,-12.90602],[130.12989,-12.94052],[130.11866,-13.15618],[130.25245,-13.28476],[130.13396,-13.46103],[129.96892,-13.53045],[129.89129,-13.43768],[129.83774,-13.51051],[129.7894,-13.76385],[129.71485,-13.88055],[129.71754,-14.01556],[129.54713,-14.08538],[129.3729,-14.32928],[129.35808,-14.40879],[129.58522,-14.56634],[129.60678,-14.67156],[129.76271,-14.81959],[129.95525,-14.75563],[129.80055,-14.85996],[129.64552,-14.84059],[129.61183,-14.94256],[129.66196,-15.13836],[129.47657,-14.93377],[129.22145,-14.84352],[129.26303,-15.1076],[129.19923,-15.11736],[129.17319,-14.96478],[129.05104,-14.88014],[128.74855,-14.82643],[128.5324,-14.75286],[128.39576,-14.79599],[128.4441,-15.04616],[128.31349,-14.90496],[128.19581,-15.05682],[128.29664,-15.31618],[128.12517,-15.18206],[128.0713,-15.36793],[128.06707,-15.12518],[128.1753,-14.69842],[127.87428,-14.4699],[127.66603,-14.1784],[127.34425,-13.90447],[127.12973,-13.96771],[126.95289,-13.72356],[126.74741,-13.79176],[126.82976,-13.9826],[126.70721,-13.98357],[126.60353,-14.23008],[126.4533,-14.07757],[126.52687,-13.96347],[126.43214,-13.9699],[126.22657,-14.21299],[126.2142,-14.03965],[126.13445,-14.0949],[126.06088,-14.35003],[125.98569,-14.38291],[126.04127,-14.50872],[125.92506,-14.51865],[125.90943,-14.63942],[125.80519,-14.43792],[125.68434,-14.50677],[125.60581,-14.22926],[125.58383,-14.52654],[125.50131,-14.48626],[125.438,-14.63193],[125.35646,-14.50433],[125.13746,-14.7575],[125.30885,-14.88502],[125.18295,-14.93914],[125.43084,-15.01971],[125.41993,-15.14935],[125.32879,-15.15276],[125.00017,-14.97039],[124.97291,-15.13494],[124.86305,-15.11443],[124.92888,-15.33815],[125.1443,-15.31308],[125.07252,-15.41888],[124.66375,-15.25042],[124.73268,-15.35752],[124.62965,-15.50498],[124.47291,-15.46868],[124.3899,-15.52256],[124.40431,-15.87477],[124.51515,-15.97015],[124.60971,-15.80657],[124.73268,-15.80657],[124.60971,-15.8987],[124.5962,-16.115],[124.52036,-16.17645],[124.45428,-16.05267],[124.37843,-16.21494],[124.40154,-16.32928],[124.5962,-16.32659],[124.76873,-16.38535],[124.22267,-16.3956],[124.12623,-16.27223],[123.9109,-16.21746],[123.99285,-16.37786],[123.73268,-16.25897],[123.82838,-16.23113],[123.72413,-16.13633],[123.59498,-16.15594],[123.53972,-16.26523],[123.71168,-16.33359],[123.71168,-16.42978],[123.50611,-16.40797],[123.65406,-16.48447],[123.42416,-16.49114],[123.60914,-16.5639],[123.50994,-16.6539],[123.69313,-16.72991],[123.76808,-16.87851],[123.93751,-16.86785],[123.79461,-17.0001],[123.86085,-17.21038],[123.66725,-17.00848],[123.59498,-16.98512],[123.63966,-17.17278],[123.55397,-17.51898],[123.39967,-17.32928],[123.26043,-17.01474],[123.14332,-16.91375],[123.15089,-16.80771],[122.95981,-16.58034],[123.0066,-16.37444],[122.7588,-16.60442],[122.82097,-16.77972],[122.57057,-16.78851],[122.59498,-16.97096],[122.47291,-16.92018],[122.27605,-17.08929],[122.17205,-17.26116],[122.14324,-17.56365],[122.20541,-17.71087],[122.16977,-17.97828],[122.36069,-18.00018],[122.32399,-18.15057],[122.22039,-18.1972],[121.91033,-18.46445],[121.82374,-18.45184],[121.72381,-18.69948],[121.61329,-18.7125],[121.64259,-18.81023],[121.51938,-19.06959],[121.19353,-19.47243],[120.95436,-19.63372],[120.23829,-19.90683],[119.80226,-19.96575],[119.56666,-20.06878],[119.21241,-19.9612],[118.97462,-20.05039],[118.8318,-20.26198],[118.36883,-20.36207],[118.13559,-20.36207],[117.73634,-20.65846],[117.35377,-20.72772],[117.1976,-20.68377],[117.15406,-20.59637],[116.87965,-20.71307],[116.78728,-20.66424],[116.82032,-20.5499],[116.43474,-20.82236],[116.2186,-20.84287],[116.15154,-20.96999],[115.9367,-21.05901],[115.80616,-21.23545],[115.60271,-21.34352],[115.4546,-21.51377],[115.10515,-21.66522],[114.92897,-21.69394],[114.64674,-21.84336],[114.36704,-22.47828],[114.1797,-22.52174],[114.11085,-22.47772],[114.16383,-22.35556],[114.07749,-22.17547],[114.15919,-21.79192],[114.01149,-21.85996],[113.89796,-22.04925],[113.80397,-22.33082],[113.64666,-22.57773],[113.65895,-22.7278],[113.75978,-22.78875],[113.81153,-23.05136],[113.7483,-23.16229],[113.78248,-23.32708],[113.74985,-23.51165],[113.59946,-23.63397],[113.41456,-24.04941],[113.38527,-24.24912],[113.43946,-24.53281],[113.60434,-24.72828],[113.61061,-24.89275],[113.71306,-25.12493],[113.80242,-25.17181],[113.9284,-25.4498],[114.15528,-25.78973],[114.25856,-25.84189],[114.26857,-25.98952],[114.1919,-26.19586],[114.23437,-26.31658],[114.10378,-26.44788],[113.96998,-26.33172],[113.90958,-25.97637],[113.79539,-26.20671],[113.70436,-26.14805],[113.76061,-25.90479],[113.53289,-25.61826],[113.51525,-25.50934],[113.42078,-25.72821],[113.55755,-25.94099],[113.57724,-26.08934],[113.68414,-26.2216],[113.88477,-26.34267],[113.88657,-26.49284],[113.81243,-26.59941],[113.56551,-26.56508],[113.56133,-26.35226],[113.50332,-26.37619],[113.39664,-26.17658],[113.33534,-26.31084],[113.30622,-25.99665],[113.29778,-26.39729],[113.59058,-26.67565],[114.01254,-27.31536],[114.14389,-27.68776],[114.09718,-27.81943],[114.16603,-28.1067],[114.31007,-28.23016],[114.5311,-28.52239],[114.57749,-28.78509],[114.83204,-29.09205],[114.97877,-29.47991],[114.94606,-29.65814],[114.97486,-30.21404],[115.18092,-30.82724],[115.313,-30.99082],[115.4546,-31.30348],[115.68035,-31.64861],[115.74366,-31.92783],[115.74871,-32.6373],[115.60092,-32.66172],[115.67457,-33.025],[115.66684,-33.28769],[115.43409,-33.59547],[115.28273,-33.65065],[114.98854,-33.52109],[114.9568,-33.68231],[114.97104,-34.0827],[115.01783,-34.26214],[115.11883,-34.36338],[115.33473,-34.31422],[115.61232,-34.4459],[115.9336,-34.72259],[115.97853,-34.83563],[116.33082,-34.91269],[116.38754,-34.85752],[116.4651,-35.00066],[116.63787,-35.05023],[117.17164,-35.01328],[117.35955,-35.02418],[117.61964,-35.13787],[117.68434,-35.04632],[117.94858,-35.11736],[117.84929,-35.02557],[118.3851,-34.90838],[118.47983,-34.71705],[118.75734,-34.60345],[118.83985,-34.45257],[119.26059,-34.52215],[119.57203,-34.14202],[119.80616,-33.98496],[120.00221,-33.92604],[120.4227,-33.9699],[120.57228,-33.89153],[121.16635,-33.86793],[121.53289,-33.81951],[121.813,-33.89511],[122.01564,-33.82537],[122.07358,-34.00701],[122.25782,-34.02207],[122.31227,-33.9249],[122.56031,-33.95916],[122.57456,-33.91082],[123.08497,-33.87835],[123.14698,-34.00213],[123.3436,-33.9035],[123.52662,-33.93865],[123.73878,-33.79404],[123.75685,-33.71413],[123.95249,-33.56731],[124.11655,-33.12151],[124.35694,-32.95281],[124.70883,-32.9039],[124.90191,-32.83366],[125.00026,-32.73724],[125.53728,-32.54838],[125.87,-32.33298],[126.18572,-32.23252],[126.67775,-32.31658],[127.28875,-32.27337],[127.76629,-32.12314],[128.01735,-32.08424],[128.65528,-31.8458],[128.99,-31.69052],[130.15691,-31.57391],[130.83375,-31.60174],[131.1775,-31.47763],[131.5359,-31.60556]]],[[[147.99855,-43.2304],[147.98072,-42.87119],[147.85841,-42.88844],[147.95314,-42.71998],[147.88868,-42.5451],[148.00603,-42.51409],[148.00473,-42.31243],[148.16245,-42.05918],[148.32008,-42.1194],[148.32692,-41.91578],[148.261,-41.80039],[148.31495,-41.60654],[148.27947,-41.45037],[148.33326,-41.29217],[148.27231,-41.20257],[148.33139,-41.00221],[148.20932,-40.84075],[147.98422,-40.7365],[147.81984,-40.89349],[147.59742,-40.84686],[147.44484,-41.0084],[147.28598,-40.94134],[147.17107,-41.00652],[147.01759,-40.97666],[146.785,-41.07903],[146.42368,-41.16619],[146.21437,-41.15537],[145.79127,-41.01702],[145.7116,-40.93043],[145.11883,-40.82138],[144.98471,-40.74481],[144.68922,-40.70452],[144.69695,-40.8869],[144.60581,-40.99651],[144.92604,-41.70908],[145.20655,-41.96657],[145.27003,-42.22373],[145.32374,-42.14275],[145.48227,-42.33978],[145.42449,-42.3707],[145.18873,-42.19573],[145.26547,-42.60426],[145.35271,-42.65081],[145.51027,-42.95843],[145.68824,-43.04974],[145.8318,-43.29258],[145.91717,-43.1959],[146.0254,-43.32488],[146.16822,-43.2776],[146.23024,-43.3956],[145.93482,-43.37811],[146.02418,-43.5525],[146.20916,-43.49179],[146.55844,-43.52516],[146.7107,-43.629],[146.85572,-43.63958],[147.09978,-43.29941],[146.96648,-43.19899],[147.25758,-43.25433],[147.25758,-43.11435],[147.3602,-42.92523],[147.43621,-43.04607],[147.55909,-42.97723],[147.50392,-42.85426],[147.84034,-42.90203],[147.86069,-43.04607],[147.62062,-43.02313],[147.7479,-43.10573],[147.79249,-43.24407],[147.99855,-43.2304]]],[[[147.3366,-43.34026],[147.16814,-43.36826],[147.31593,-43.50066],[147.3366,-43.34026]]],[[[148.14186,-42.60377],[148.02459,-42.61346],[148.01157,-42.73073],[148.14186,-42.60377]]],[[[148.11402,-40.52418],[148.19418,-40.59629],[148.25115,-40.48943],[148.11402,-40.52418]]],[[[148.42994,-40.3733],[148.3235,-40.30446],[148.01303,-40.37811],[148.00245,-40.42653],[148.34059,-40.50368],[148.42994,-40.3733]]],[[[148.0149,-40.15057],[148.12428,-40.2706],[148.30738,-40.23773],[148.299,-39.96185],[148.167,-39.93564],[147.9533,-39.71168],[147.75766,-39.87933],[147.88087,-39.89495],[148.0149,-40.15057]]],[[[144.10548,-39.893],[144.08416,-39.62615],[143.98553,-39.57147],[143.86199,-39.70062],[143.83815,-39.9345],[143.92254,-40.12737],[144.11248,-40.03086],[144.10548,-39.893]]],[[[145.33522,-38.50945],[145.28631,-38.45143],[145.11297,-38.53053],[145.33522,-38.50945]]],[[[145.44191,-38.3165],[145.3069,-38.29534],[145.2837,-38.4026],[145.4944,-38.36517],[145.44191,-38.3165]]],[[[138.12965,-35.81634],[137.90854,-35.7291],[137.58082,-35.72682],[137.6229,-35.58213],[137.35222,-35.58563],[137.07447,-35.67164],[136.58155,-35.76849],[136.53256,-35.91188],[136.71559,-36.06276],[137.21168,-35.98016],[137.45924,-36.0827],[137.75668,-35.87151],[138.0477,-35.91863],[138.12965,-35.81634]]],[[[153.48732,-27.41522],[153.39796,-27.4931],[153.40333,-27.72625],[153.4559,-27.7208],[153.54884,-27.41522],[153.48732,-27.41522]]],[[[153.41147,-27.33953],[153.45135,-27.01702],[153.36053,-27.06601],[153.41147,-27.33953]]],[[[113.21665,-26.06805],[113.05128,-25.71697],[113.00782,-25.49619],[112.91944,-25.52361],[112.96453,-25.79404],[113.04615,-25.94004],[113.21665,-26.06805]]],[[[153.36997,-24.98903],[153.30226,-24.92946],[153.28126,-24.69354],[153.13722,-24.81707],[153.2492,-24.95485],[153.03834,-25.18353],[153.06853,-25.32903],[152.94825,-25.55218],[153.05535,-25.79713],[153.16066,-25.46315],[153.36997,-24.98903]]],[[[151.26987,-23.66627],[151.19508,-23.53387],[151.02752,-23.44451],[150.97961,-23.48739],[151.21388,-23.77809],[151.26987,-23.66627]]],[[[115.46453,-20.73016],[115.39943,-20.69378],[115.2964,-20.85654],[115.36525,-20.87689],[115.46453,-20.73016]]],[[[149.06739,-20.3152],[148.98487,-20.15146],[148.93116,-20.29217],[149.06739,-20.3152]]],[[[146.31902,-18.38299],[146.30209,-18.23724],[146.09303,-18.26629],[146.29168,-18.49285],[146.31902,-18.38299]]],[[[139.56219,-17.03924],[139.49391,-16.98512],[139.40398,-17.10068],[139.56935,-17.10036],[139.56219,-17.03924]]],[[[139.73414,-16.44329],[139.60377,-16.39837],[139.28785,-16.47064],[139.17799,-16.66237],[139.30209,-16.72454],[139.44467,-16.66465],[139.5525,-16.48333],[139.61053,-16.55315],[139.73414,-16.44329]]],[[[137.07789,-15.75123],[137.01596,-15.59336],[136.94304,-15.66766],[137.07289,-15.84696],[137.07789,-15.75123]]],[[[124.57569,-15.33294],[124.5687,-15.24424],[124.45883,-15.36093],[124.57569,-15.33294]]],[[[125.19508,-14.47015],[125.09156,-14.61858],[125.20493,-14.59303],[125.19508,-14.47015]]],[[[136.28688,-13.70582],[136.17701,-13.76385],[136.24513,-13.83953],[136.28688,-13.70582]]],[[[136.95151,-14.18157],[136.7234,-14.18548],[136.7046,-14.07293],[136.92433,-13.80535],[136.84165,-13.75018],[136.71852,-13.82903],[136.71827,-13.64772],[136.51217,-13.83408],[136.42457,-13.81032],[136.43776,-14.19842],[136.63942,-14.28021],[136.90309,-14.29892],[136.95151,-14.18157]]],[[[136.42335,-11.50953],[136.28346,-11.56471],[136.17701,-11.68825],[136.37566,-11.59205],[136.42335,-11.50953]]],[[[130.53679,-11.70501],[130.44801,-11.70135],[130.34498,-11.31707],[130.18572,-11.48642],[130.20151,-11.6535],[130.07154,-11.67116],[130.05348,-11.82285],[130.32106,-11.7702],[130.49635,-11.83904],[130.62818,-11.80462],[130.53679,-11.70501]]],[[[131.53736,-11.41326],[131.42774,-11.24969],[131.22999,-11.2081],[131.00978,-11.35491],[130.88803,-11.31316],[130.72364,-11.3847],[130.51612,-11.29656],[130.40016,-11.15325],[130.36598,-11.23235],[130.49659,-11.64951],[130.71258,-11.79949],[130.97999,-11.92645],[131.29314,-11.72405],[131.3781,-11.58408],[131.47397,-11.60019],[131.53736,-11.41326]]],[[[136.76369,-11.04007],[136.52462,-11.44696],[136.71648,-11.20623],[136.76369,-11.04007]]],[[[132.48943,-11.16009],[132.59929,-11.34498],[132.62721,-11.24603],[132.56666,-10.98211],[132.46811,-11.02996],[132.48943,-11.16009]]],[[[142.25538,-10.66668],[142.11818,-10.6535],[142.14552,-10.7492],[142.25538,-10.66668]]],[[[142.29347,-10.13893],[142.20118,-10.22039],[142.28981,-10.26019],[142.29347,-10.13893]]]]},"properties":{"ISO_A2":"AU","ISO_A2_EH":"AU","ADM0_A3":"AUS","ISO_A3":"AUS","ADMIN":"Australia"}},
{"type":"Feature","geometry":{"type":"MultiPolygon","coordinates":[[[[-40.8758,65.0965],[-40.649,65.14204],[-40.26081,65.00361],[-40.02668,65.0965],[-40.12287,65.16621],[-39.75914,65.2473],[-39.94201,65.36839],[-39.80435,65.42304],[-40.13305,65.45962],[-40.06737,65.58173],[-39.8745,65.50593],[-39.65612,65.68618],[-39.44815,65.54694],[-38.5122,65.67935],[-38.24584,65.63727],[-38.12145,65.81586],[-38.43244,65.90217],[-37.98522,65.9499],[-37.99828,66.24103],[-37.68981,66.26838],[-38.14167,66.34064],[-38.0985,66.39448],[-37.61636,66.3288],[-37.2154,66.34618],[-37.79792,66.04873],[-37.68981,65.94685],[-37.21011,65.7753],[-37.0865,65.86432],[-36.52164,65.99091],[-36.35851,66.09138],[-36.38069,65.92886],[-36.0738,65.93549],[-35.71662,66.09024],[-35.58934,66.28946],[-35.21638,66.24103],[-34.65396,66.37141],[-34.43285,66.68793],[-34.37238,66.59699],[-33.94807,66.75214],[-34.0157,66.85342],[-33.54821,67.07819],[-33.23229,67.54328],[-32.92732,67.68936],[-32.33104,67.88589],[-32.13956,67.85114],[-31.99559,68.05036],[-32.20885,68.34805],[-32.57095,68.50967],[-32.41051,68.61547],[-32.25626,68.42023],[-31.99128,68.26],[-31.59211,68.25576],[-31.69384,68.09927],[-31.41112,68.11831],[-31.01724,68.04108],[-30.00817,68.12604],[-30.19945,68.27106],[-29.85265,68.4156],[-29.77245,68.30825],[-29.37755,68.20116],[-29.14794,68.39883],[-28.85188,68.32856],[-28.35652,68.50288],[-28.02221,68.45458],[-28.02221,68.56289],[-27.75634,68.52228],[-27.21874,68.54377],[-26.7438,68.70523],[-26.28539,68.69554],[-26.23522,68.79263],[-25.94449,68.79023],[-25.44982,68.96792],[-25.65648,69.09186],[-25.21141,69.0646],[-25.02286,69.22504],[-24.6151,69.2801],[-24.73501,69.43366],[-24.41808,69.36994],[-24.13321,69.41747],[-24.09878,69.53351],[-23.8142,69.51227],[-23.5797,69.63312],[-23.70303,69.71809],[-23.03258,69.76171],[-22.88134,69.96271],[-22.38003,69.97126],[-22.10973,70.15522],[-22.37165,70.11506],[-23.5598,70.11286],[-24.48469,70.24702],[-25.0327,70.36677],[-25.21931,70.27985],[-25.30529,70.41324],[-26.32616,70.19831],[-26.84545,70.26081],[-27.18529,70.16755],[-27.28368,69.99201],[-27.59472,70.06049],[-27.95629,70.0104],[-28.57372,70.09968],[-28.1079,70.1437],[-27.90396,70.09243],[-27.43529,70.17601],[-26.97179,70.32868],[-26.69864,70.29043],[-26.32128,70.37979],[-26.74332,70.48412],[-28.2329,70.37202],[-28.28136,70.51073],[-29.20621,70.39411],[-29.17154,70.47089],[-28.31029,70.56387],[-27.92089,70.88129],[-28.41112,70.96882],[-26.82836,70.93529],[-26.42561,70.97455],[-25.5808,71.18854],[-25.4442,71.38032],[-25.72737,71.47443],[-26.68708,71.48159],[-27.65079,71.61311],[-27.33137,71.71882],[-28.45694,71.9394],[-28.36042,72.00715],[-27.88174,71.97883],[-26.78515,71.54654],[-25.85973,71.57172],[-25.57559,71.52041],[-25.12198,71.31151],[-24.63801,71.36176],[-24.66942,71.27196],[-24.26488,71.08137],[-24.18297,70.805],[-23.9298,70.61319],[-23.34545,70.44058],[-22.66088,70.43846],[-22.64859,70.72305],[-22.42886,70.84593],[-22.38117,70.44872],[-22.02286,70.4995],[-21.94005,70.39033],[-21.4768,70.54487],[-21.76085,70.57807],[-21.54572,70.70938],[-21.74429,70.80028],[-21.61217,70.92943],[-21.81566,71.2674],[-21.74987,71.49018],[-22.13239,71.49091],[-22.35538,71.26984],[-22.5314,71.46455],[-22.44786,71.58104],[-21.89452,71.74348],[-22.29434,71.73505],[-22.39415,71.62739],[-22.57262,71.76773],[-23.01171,71.64106],[-23.05997,71.7121],[-22.50341,71.90078],[-23.19668,72.01777],[-23.10839,72.06684],[-23.62027,72.15644],[-23.76122,72.24445],[-24.2779,72.31916],[-24.54638,72.42341],[-25.18098,72.36538],[-25.90974,72.42251],[-25.13231,72.43618],[-24.61018,72.53266],[-24.69689,72.67573],[-25.52278,72.84024],[-25.88256,72.74103],[-26.71972,72.70409],[-25.98868,72.79682],[-25.69616,72.90274],[-25.32071,72.89301],[-25.05256,73.08393],[-25.99901,73.20258],[-26.44449,73.19668],[-26.70653,73.10212],[-27.60416,73.16657],[-27.08934,73.19038],[-26.71337,73.13471],[-26.44725,73.28034],[-27.12877,73.35419],[-27.33239,73.49811],[-26.82555,73.34268],[-26.48571,73.34732],[-26.15062,73.24087],[-25.70494,73.2722],[-25.29223,73.47354],[-24.71911,73.4925],[-24.94152,73.61249],[-24.45686,73.54145],[-24.40953,73.72777],[-24.06005,73.82026],[-23.57168,73.7165],[-24.0157,73.7189],[-23.98778,73.5974],[-23.11417,73.35415],[-22.31408,73.25043],[-21.57242,73.39509],[-21.5432,73.49042],[-20.54328,73.44904],[-20.48302,73.75886],[-20.27758,73.87547],[-20.68859,73.88646],[-21.59008,74.05769],[-21.98868,73.99872],[-22.2294,74.1013],[-22.05158,74.32054],[-21.77164,74.43871],[-21.25503,74.47419],[-20.35733,74.44526],[-20.20067,74.27977],[-19.37438,74.26683],[-18.97476,74.48436],[-19.26879,74.52265],[-19.44774,74.68366],[-19.71837,74.58747],[-20.07152,74.66315],[-20.7919,74.66596],[-20.62637,75.06037],[-21.182,75.12189],[-20.5172,75.14232],[-21.31387,75.36372],[-21.66906,75.59268],[-20.66784,75.29316],[-20.16869,75.34105],[-19.87979,75.14981],[-19.42723,75.22553],[-19.3815,75.54133],[-19.61229,75.68423],[-19.34533,75.73261],[-19.93497,75.93403],[-21.84484,75.95783],[-20.2694,75.99234],[-19.67243,76.12726],[-19.93773,76.25796],[-20.48913,76.22358],[-20.89444,76.30793],[-21.7045,76.2556],[-21.67479,76.52709],[-22.14501,76.64582],[-22.33951,76.58857],[-22.74421,76.69843],[-22.30602,76.75308],[-22.26586,76.85936],[-21.73005,76.65742],[-20.51342,76.94571],[-19.06265,76.83788],[-18.62841,76.70161],[-18.26594,76.92056],[-18.32445,77.20848],[-19.08251,77.31843],[-19.06265,77.18671],[-19.44371,77.20987],[-19.72765,77.34113],[-20.4654,77.3828],[-20.34398,77.55488],[-20.82152,77.65351],[-20.02038,77.69253],[-19.35798,77.52635],[-18.97916,77.61685],[-19.35676,77.7331],[-19.96101,77.79096],[-20.96215,77.97036],[-21.37389,77.7768],[-21.35456,77.66413],[-21.96727,77.67919],[-21.62999,77.99811],[-21.32234,78.07681],[-21.29971,78.26984],[-20.89086,78.62714],[-20.94884,78.78303],[-20.44164,78.86079],[-19.92585,78.82868],[-19.91055,79.01826],[-18.95519,79.14899],[-18.93786,79.26146],[-19.56591,79.38593],[-19.20775,79.70848],[-19.48567,79.77367],[-19.96695,79.67939],[-20.35338,79.88605],[-19.47435,80.2602],[-17.87287,80.16112],[-16.44734,80.21931],[-15.78917,80.40469],[-16.89623,80.58369],[-18.05508,80.49177],[-19.48803,80.63483],[-20.35265,80.4606],[-20.40681,80.53889],[-19.47167,80.66543],[-18.59386,80.57343],[-17.06298,80.66283],[-15.4204,80.64838],[-15.32071,80.71479],[-14.29491,80.78433],[-14.55272,80.99063],[-13.3546,81.01992],[-11.39586,81.46088],[-12.02766,81.63727],[-13.92048,81.8122],[-15.79271,81.83202],[-16.48522,81.74946],[-16.45181,81.63972],[-17.50593,81.38817],[-18.65819,81.50239],[-19.46056,81.3747],[-19.08528,81.62543],[-19.90445,81.6695],[-19.85119,81.54291],[-21.95897,81.02139],[-22.97191,80.88044],[-23.107,80.92219],[-22.27115,81.15038],[-21.25682,81.51748],[-21.02562,81.77163],[-21.38842,82.08344],[-23.19542,82.02228],[-23.47574,81.71467],[-23.76635,81.74604],[-25.61693,81.56098],[-26.3872,81.42772],[-26.69937,81.53242],[-26.31481,81.61685],[-24.70621,81.7812],[-24.61986,81.98749],[-27.76195,82.06245],[-31.68016,81.83478],[-32.14794,81.6813],[-32.71768,81.69184],[-32.77941,81.84113],[-31.77404,81.96137],[-29.94319,82.0854],[-29.85228,82.13935],[-23.88671,82.27888],[-22.43733,82.33999],[-21.33951,82.62629],[-23.20958,82.83796],[-23.91299,82.77936],[-23.99698,82.91722],[-25.14928,82.85285],[-24.75365,82.99828],[-25.22142,83.16787],[-27.38097,83.06061],[-30.09691,83.12621],[-31.82665,82.99457],[-34.95104,82.90485],[-35.56945,82.92023],[-33.05175,83.00251],[-30.73644,83.13711],[-26.07543,83.20848],[-25.64965,83.29755],[-30.64712,83.60175],[-32.30346,83.57128],[-32.49071,83.6341],[-35.2436,83.53718],[-36.7386,83.53803],[-36.81371,83.43464],[-37.58544,83.50804],[-38.6903,83.42548],[-38.68342,83.2084],[-36.93432,83.14118],[-38.78327,83.06778],[-37.27208,83.00959],[-40.6903,82.98652],[-42.1173,83.2425],[-44.00097,83.20197],[-42.87938,83.1103],[-44.64688,83.17512],[-45.48567,83.11083],[-45.12043,83.03669],[-43.36351,82.92707],[-45.12169,82.98762],[-46.04039,83.09663],[-46.8452,82.97602],[-45.63439,82.87751],[-40.97655,82.77436],[-39.95311,82.69306],[-39.80411,82.36176],[-40.22761,82.56753],[-41.57754,82.7473],[-41.70905,82.482],[-42.04825,82.75633],[-45.74645,82.777],[-45.66275,82.72614],[-43.7272,82.40689],[-44.78087,82.18212],[-44.39879,82.10521],[-44.94005,82.04377],[-44.23217,81.84545],[-45.15608,81.78986],[-46.00817,82.0362],[-48.73526,82.35814],[-49.01134,82.45454],[-51.10725,82.50991],[-50.58129,82.154],[-49.46451,81.94721],[-49.82909,81.87116],[-51.03612,81.95637],[-50.28698,81.72431],[-51.38622,81.90485],[-52.92565,82.03925],[-52.93016,81.86506],[-53.79279,81.5561],[-53.51,81.91022],[-53.55704,82.11612],[-54.44074,82.37271],[-58.61091,82.10521],[-59.46788,82.00283],[-58.48595,81.8793],[-58.13777,81.66698],[-58.68139,81.68403],[-58.83849,81.86225],[-60.06733,81.94737],[-61.45425,81.74502],[-60.78685,81.50886],[-61.29625,81.37104],[-60.93952,81.18456],[-61.54552,81.06623],[-62.1964,81.19912],[-62.9768,81.22834],[-63.92943,81.05687],[-64.78978,80.99038],[-65.52522,80.6634],[-66.75841,80.55244],[-67.45543,80.34252],[-67.46239,80.18472],[-67.05012,80.06118],[-66.44774,80.11595],[-65.86335,80.01203],[-65.30606,80.09601],[-64.34093,80.0788],[-65.04357,80.02387],[-65.1009,79.84081],[-64.85985,79.50776],[-65.97765,79.10358],[-68.04019,79.07685],[-69.03392,78.98005],[-69.35871,78.79938],[-70.74584,78.69538],[-70.80199,78.59878],[-71.55455,78.64346],[-72.5902,78.52123],[-72.89517,78.15396],[-72.29695,78.05585],[-72.24169,77.93854],[-71.31281,77.76984],[-70.07018,77.85782],[-70.68049,77.7093],[-69.51818,77.68745],[-70.28775,77.57539],[-69.22256,77.45291],[-68.63842,77.50971],[-67.59166,77.52436],[-67.14086,77.67227],[-66.28132,77.61791],[-66.05337,77.49348],[-66.77278,77.35635],[-68.3695,77.37686],[-69.10285,77.2744],[-66.63683,77.154],[-66.9514,77.12995],[-67.87816,77.2023],[-68.61681,77.17072],[-69.73347,77.239],[-70.90331,77.19135],[-71.34561,76.99177],[-70.40746,76.7978],[-69.7434,76.96931],[-70.10338,76.80146],[-68.91031,76.66486],[-67.98558,76.68415],[-68.03112,76.58405],[-68.73278,76.58625],[-69.63728,76.38312],[-68.4381,76.1435],[-68.43252,76.07941],[-66.48713,75.94741],[-67.30777,76.16401],[-66.92715,76.26651],[-66.41373,76.08613],[-66.20727,76.27782],[-65.55248,76.23908],[-65.8889,76.10253],[-65.35448,76.0268],[-65.34264,76.17585],[-64.69961,76.12556],[-64.42907,76.34903],[-64.03112,76.13605],[-63.7233,76.18448],[-63.47692,76.3769],[-62.84919,76.30353],[-62.8404,76.22818],[-62.26675,76.28994],[-62.16686,76.22199],[-60.87255,76.15815],[-60.70832,76.00047],[-60.12418,76.03189],[-59.27221,75.88011],[-59.04161,75.70136],[-58.44762,75.73135],[-58.23917,75.43667],[-58.65953,75.37735],[-57.94066,75.15095],[-58.15949,75.06729],[-57.08316,74.92381],[-56.79524,74.81395],[-56.87743,74.71161],[-56.24193,74.49771],[-56.61364,74.45087],[-56.15465,74.36909],[-56.71325,74.34785],[-56.32193,74.28775],[-57.29577,74.09976],[-56.56334,74.16498],[-56.12426,74.27961],[-56.40477,74.07416],[-55.67015,73.88532],[-55.94546,73.86123],[-55.75377,73.72842],[-56.03112,73.63837],[-55.66515,73.58503],[-55.24966,73.39204],[-55.45946,73.25788],[-55.21247,73.24429],[-55.66344,73.05736],[-54.84874,72.97053],[-54.60293,72.83397],[-54.92443,72.78559],[-54.71422,72.70547],[-55.01057,72.52172],[-55.51211,72.51512],[-55.22411,72.36176],[-55.02164,72.42365],[-54.88345,72.25117],[-55.60969,71.99047],[-55.26781,71.92731],[-55.42467,71.80614],[-55.90453,71.68203],[-55.67618,71.63011],[-55.51447,71.44916],[-55.28759,71.38142],[-54.98082,71.43622],[-54.62515,71.3513],[-53.95177,71.43781],[-53.84878,71.54548],[-54.08161,71.71735],[-53.73705,71.65217],[-53.37584,71.78437],[-52.85448,71.86762],[-53.26598,71.70991],[-52.16641,71.61311],[-51.65429,71.69599],[-51.78161,71.60273],[-52.70092,71.52595],[-52.99226,71.42133],[-52.42626,71.37226],[-51.68228,71.50959],[-51.42138,71.43928],[-51.88427,71.44038],[-52.25768,71.36555],[-52.55773,71.17862],[-52.42431,71.15168],[-51.74901,71.36042],[-51.53576,71.31269],[-52.24478,71.13471],[-52.0255,71.0998],[-51.34333,71.14655],[-51.47655,71.06379],[-50.91539,71.02411],[-51.20787,70.96223],[-51.83194,71.0694],[-51.9569,71.02411],[-50.89411,70.80805],[-50.68798,70.70694],[-51.25072,70.81387],[-51.43822,70.74698],[-50.87873,70.66254],[-50.97492,70.53657],[-51.3474,70.5716],[-50.99279,70.42495],[-50.53864,70.53807],[-50.65941,70.32575],[-51.54943,70.43159],[-52.45035,70.70258],[-52.79064,70.75678],[-53.43399,70.75267],[-53.97964,70.82966],[-54.5775,70.71418],[-54.18464,70.47663],[-53.84,70.38068],[-53.23184,70.3531],[-52.60997,70.21711],[-52.3295,70.05362],[-50.93912,69.96357],[-50.2753,70.04584],[-50.59333,69.92792],[-50.24763,69.77603],[-50.59435,69.79068],[-50.82665,69.70197],[-50.4615,69.64574],[-50.84716,69.62629],[-50.88752,69.17447],[-50.47037,69.30415],[-50.3153,69.12177],[-50.65453,69.13984],[-50.17492,69.02977],[-50.5231,68.95108],[-50.79019,69.12849],[-51.0799,69.1328],[-51.08731,68.95132],[-51.28108,68.76284],[-50.99112,68.73558],[-51.14883,68.56391],[-51.56884,68.52387],[-51.96471,68.58755],[-52.15616,68.55069],[-52.19319,68.57221],[-52.61644,68.52595],[-52.64053,68.45234],[-53.33951,68.27188],[-52.58755,68.35139],[-52.44514,68.18146],[-51.2233,68.29678],[-51.64904,68.41348],[-51.16698,68.41421],[-51.15563,68.29483],[-51.34284,68.26952],[-50.99795,68.18073],[-51.43684,68.20799],[-50.92829,68.05272],[-50.29906,67.93427],[-50.61974,67.91376],[-51.21711,68.07087],[-51.93155,68.04682],[-52.58287,68.19107],[-52.53156,68.09545],[-53.1527,68.20116],[-53.04125,68.06306],[-53.25914,67.98896],[-53.15022,67.89118],[-53.68765,67.81184],[-53.56017,67.65937],[-53.66739,67.503],[-52.82404,67.79645],[-52.34215,67.82172],[-51.70368,67.70026],[-51.32555,67.82437],[-51.57335,67.93427],[-51.03893,67.98151],[-50.97004,67.91999],[-51.36791,67.88589],[-51.18773,67.76455],[-50.70995,67.82441],[-50.75113,67.91083],[-50.30675,67.83894],[-50.64143,67.82441],[-51.00377,67.72077],[-51.28889,67.7143],[-50.9619,67.5926],[-51.41568,67.68041],[-51.75455,67.63264],[-52.40909,67.76923],[-52.90974,67.6872],[-53.80573,67.41861],[-53.8767,67.23477],[-53.11368,67.2801],[-52.14932,67.40607],[-51.5039,67.3708],[-51.55285,67.331],[-52.14932,67.37198],[-53.41185,67.19636],[-53.84069,67.17609],[-53.96491,67.0777],[-53.64704,66.91157],[-53.09577,66.93195],[-52.79979,66.89216],[-52.29271,66.92695],[-52.81566,66.75837],[-53.2045,66.74811],[-53.41002,66.57136],[-52.98851,66.57685],[-53.1704,66.49494],[-53.63646,66.50113],[-53.6953,66.35883],[-53.56501,66.24624],[-53.65022,66.12434],[-53.35367,66.11213],[-53.00585,66.20002],[-52.71923,66.3487],[-52.13976,66.51756],[-51.97081,66.66205],[-50.89598,66.99291],[-50.63427,67.02253],[-51.87466,66.64204],[-52.05313,66.48749],[-52.36099,66.44025],[-52.73941,66.26215],[-53.46459,66.03559],[-53.15412,65.86054],[-53.23925,65.68618],[-52.69058,65.72028],[-52.79174,65.53474],[-52.60871,65.52851],[-52.47313,65.39497],[-51.93122,65.55638],[-51.98168,65.49494],[-52.56705,65.31623],[-52.27599,65.20014],[-52.06603,65.27851],[-52.27855,65.0788],[-52.0122,64.98041],[-52.21768,64.91185],[-52.1835,64.80231],[-51.70368,64.89106],[-51.2718,65.03315],[-51.53161,64.86909],[-51.87483,64.8249],[-52.15616,64.67878],[-52.07354,64.19127],[-51.66271,64.30882],[-51.27855,64.74771],[-51.03893,64.7812],[-51.21711,64.62417],[-51.02184,64.63101],[-50.66519,64.852],[-50.72362,64.99409],[-50.88752,64.98355],[-50.87995,65.15229],[-50.77587,65.02489],[-50.7032,65.01459],[-50.68326,64.90754],[-50.53816,64.76919],[-50.00829,64.68146],[-50.0629,64.52973],[-49.68297,64.42235],[-49.65193,64.3356],[-50.14908,64.48672],[-50.30419,64.67451],[-50.60753,64.63101],[-50.65563,64.43525],[-50.89953,64.40668],[-51.26578,64.17821],[-51.66242,64.21821],[-51.43993,64.08226],[-50.81428,64.17813],[-50.42422,64.34284],[-50.55236,64.17853],[-50.16259,64.24494],[-50.44994,64.13691],[-50.68269,64.1717],[-50.88134,64.09658],[-51.65648,64.01407],[-51.43651,63.956],[-51.53921,63.68505],[-51.16218,63.50751],[-51.0006,63.16474],[-50.59301,63.23029],[-50.05944,63.22964],[-50.40022,63.1894],[-50.60753,63.09602],[-50.41576,62.94522],[-50.14265,62.93822],[-50.30773,62.49128],[-49.88756,62.24567],[-49.55455,62.24966],[-49.29503,62.13691],[-49.60033,62.12446],[-49.69351,62.0161],[-49.31041,61.99616],[-49.09577,62.10151],[-48.92487,62.07494],[-49.40844,61.93781],[-49.35318,61.76655],[-48.78417,61.99226],[-49.12157,61.81175],[-49.04589,61.62352],[-49.24108,61.60757],[-48.98965,61.45795],[-48.36791,61.6081],[-48.22973,61.54682],[-49.04491,61.39643],[-48.34008,61.3758],[-48.64061,61.23896],[-48.21638,61.18623],[-47.88337,61.03286],[-48.37084,61.008],[-48.07787,60.97362],[-47.68847,61.01236],[-48.23209,60.84366],[-48.19542,60.8142],[-47.94856,60.84789],[-47.43834,60.82738],[-47.3004,60.96109],[-46.91389,60.93041],[-47.05651,60.86079],[-46.86229,60.80012],[-46.63174,60.99262],[-46.37946,61.06013],[-46.22667,60.97704],[-45.91332,61.09431],[-45.86286,61.24144],[-45.67992,61.08808],[-46.09264,60.98273],[-46.03283,60.91389],[-45.36461,61.09431],[-45.51024,60.98225],[-45.88536,60.93041],[-46.20507,60.74665],[-46.01598,60.73261],[-45.9558,60.83649],[-45.71337,60.76997],[-45.33064,60.98041],[-45.78539,60.62495],[-45.59309,60.47468],[-45.2281,60.57416],[-45.2827,60.46491],[-44.84447,60.47114],[-44.92638,60.32709],[-45.18733,60.21263],[-44.97484,60.03974],[-44.65722,60.00324],[-44.48131,60.12373],[-44.42614,60.15583],[-44.32994,60.1496],[-44.15925,60.25141],[-43.99059,60.19086],[-43.13817,60.08076],[-43.11221,60.23945],[-43.42756,60.48314],[-44.16389,60.57591],[-43.62076,60.55988],[-43.22745,60.47089],[-42.82628,60.61127],[-42.77164,60.73493],[-43.02745,60.88158],[-42.72667,60.93041],[-42.91503,61.0738],[-43.51626,61.14737],[-42.63048,61.10114],[-43.17919,61.21845],[-42.57584,61.19733],[-42.70751,61.29182],[-42.50011,61.3618],[-42.52745,61.53376],[-42.93122,61.53059],[-43.08292,61.5952],[-42.61343,61.54682],[-42.32506,61.6245],[-42.55801,61.73656],[-42.29784,61.77871],[-42.11718,62.00674],[-42.52123,62.04023],[-42.31216,62.10322],[-42.26114,62.3146],[-42.59048,62.33446],[-42.97403,62.52485],[-42.3966,62.43232],[-42.3837,62.57152],[-42.67886,62.58832],[-43.03527,62.72529],[-42.48713,62.69819],[-42.43228,62.91596],[-42.31945,62.81696],[-41.75011,62.84394],[-41.53433,63.03335],[-42.0209,63.25308],[-41.52505,63.09724],[-41.47289,63.22578],[-41.90705,63.46353],[-41.71593,63.55297],[-41.48961,63.53083],[-41.2401,63.40388],[-40.99934,63.41132],[-41.14391,63.52741],[-40.75007,63.51691],[-40.87951,63.6577],[-41.62926,63.78767],[-41.35436,63.78254],[-40.69823,63.67764],[-40.51329,63.72602],[-40.62169,63.92463],[-40.80895,63.93903],[-40.56094,64.10688],[-41.38728,64.17853],[-41.52489,64.32612],[-41.07775,64.3111],[-40.62304,64.39216],[-40.60448,64.6835],[-41.05455,64.87739],[-41.05712,65.09976],[-40.8758,65.0965]]],[[[-44.35098,59.98452],[-44.21044,60.03604],[-44.4193,60.1496],[-44.4947,60.01118],[-44.35098,59.98452]]],[[[-45.15294,60.38239],[-45.33385,60.39598],[-45.40099,60.18964],[-45.18334,60.27253],[-45.15294,60.38239]]],[[[-46.55386,60.79633],[-46.17516,60.90095],[-46.20128,60.95087],[-46.84557,60.77277],[-46.55386,60.79633]]],[[[-50.80553,64.52798],[-51.02184,64.55585],[-51.18228,64.39765],[-51.13866,64.26374],[-50.80553,64.52798]]],[[[-51.29931,64.3808],[-51.09415,64.56953],[-51.26488,64.56208],[-51.50512,64.38398],[-51.29931,64.3808]]],[[[-43.70669,59.90253],[-43.96133,59.97818],[-44.10473,59.87718],[-43.91906,59.79613],[-43.70669,59.90253]]],[[[-44.00841,59.99136],[-44.2001,60.0279],[-44.39879,59.90941],[-44.15127,59.9029],[-44.00841,59.99136]]],[[[-43.1717,60.07392],[-44.07331,60.17634],[-43.91906,60.00495],[-43.56444,59.92536],[-43.48082,60.0528],[-43.15713,60.01244],[-43.1717,60.07392]]],[[[-47.72203,60.7591],[-47.75674,60.80695],[-47.96935,60.84101],[-48.23595,60.80012],[-47.91373,60.68403],[-47.72203,60.7591]]],[[[-42.03527,62.76704],[-42.36388,62.81147],[-42.39464,62.6883],[-42.03527,62.68452],[-42.03527,62.76704]]],[[[-41.14704,63.28437],[-41.70002,63.49982],[-41.86327,63.47281],[-41.43871,63.24103],[-41.14704,63.28437]]],[[[-40.67101,64.21943],[-40.82714,64.31379],[-41.01781,64.20161],[-40.67101,64.21943]]],[[[-40.14342,64.48701],[-40.47911,64.58259],[-40.49962,64.82958],[-40.86954,64.90473],[-40.60204,64.71971],[-40.49962,64.50405],[-40.14342,64.48701]]],[[[-52.93761,65.65884],[-53.22448,65.59292],[-53.0371,65.54328],[-52.93761,65.65884]]],[[[-36.93627,65.67935],[-37.21744,65.68618],[-37.00402,65.58771],[-36.93627,65.67935]]],[[[-36.78551,65.87108],[-36.99771,65.81586],[-36.84846,65.73823],[-36.78551,65.87108]]],[[[-37.45397,65.79255],[-37.58703,65.89497],[-37.82356,65.87108],[-37.98729,65.70059],[-37.7379,65.5694],[-37.31306,65.67935],[-37.45397,65.79255]]],[[[-36.75072,65.90522],[-36.58682,65.81586],[-36.54674,65.96345],[-36.75072,65.90522]]],[[[-51.9569,68.63569],[-52.40123,68.61689],[-52.41755,68.56883],[-52.20739,68.58857],[-52.09846,68.56574],[-51.80675,68.62572],[-51.9569,68.63569]]],[[[-52.35106,68.64248],[-52.12828,68.70767],[-52.63248,68.70039],[-53.12194,68.57111],[-52.35106,68.64248]]],[[[-51.2233,69.91425],[-51.00475,69.88695],[-51.34065,69.74299],[-51.24535,69.53832],[-50.95108,69.55939],[-50.97151,69.71955],[-50.66759,69.82933],[-51.01496,69.92536],[-51.2233,69.91425]]],[[[-52.9029,69.34512],[-52.14159,69.47728],[-51.83641,69.63178],[-51.99816,69.80508],[-52.7281,69.92866],[-53.26598,70.2023],[-53.90343,70.29043],[-54.45303,70.3133],[-54.82917,70.20083],[-54.76134,70.0351],[-54.24596,69.91389],[-54.76675,69.96955],[-54.91185,69.82062],[-54.63341,69.77709],[-54.99275,69.70197],[-54.73737,69.58906],[-53.88109,69.5611],[-53.40298,69.4392],[-54.20458,69.45238],[-54.14855,69.33784],[-53.57445,69.23526],[-52.9029,69.34512]]],[[[-51.81664,70.94213],[-52.11392,70.96963],[-52.0952,70.86066],[-51.66535,70.84553],[-51.81664,70.94213]]],[[[-53.8966,71.08247],[-53.44909,71.05687],[-53.39135,71.15485],[-53.61181,71.32172],[-53.95401,71.17064],[-53.8966,71.08247]]],[[[-52.48485,71.26431],[-52.40909,71.35366],[-53.16975,71.34626],[-52.95743,71.15445],[-52.48485,71.26431]]],[[[-53.29385,71.53864],[-52.77721,71.66543],[-53.39867,71.67438],[-53.29385,71.53864]]],[[[-55.04796,72.31883],[-55.01317,72.38154],[-55.6376,72.2333],[-55.48619,72.14875],[-55.04796,72.31883]]],[[[-55.80211,72.6894],[-55.97203,72.77314],[-56.17821,72.66889],[-55.80211,72.6894]]],[[[-55.73941,72.61424],[-55.52892,72.55524],[-54.98461,72.82331],[-55.60725,72.75902],[-55.73941,72.61424]]],[[[-55.60969,73.03604],[-55.50048,72.9501],[-55.06847,72.95686],[-55.60969,73.03604]]],[[[-56.03112,73.57046],[-55.67455,73.40253],[-55.47252,73.42988],[-56.03112,73.57046]]],[[[-56.12706,73.82709],[-56.5913,73.91364],[-56.61669,73.81615],[-56.12706,73.82709]]],[[[-56.51822,74.49482],[-56.71288,74.56074],[-57.55622,74.49803],[-56.51822,74.49482]]],[[[-71.57628,77.39045],[-72.13183,77.45254],[-72.52965,77.39045],[-71.70352,77.31538],[-71.57628,77.39045]]],[[[-70.3566,77.41779],[-71.3026,77.45254],[-71.07994,77.37775],[-70.3566,77.41779]]],[[[-53.27477,82.17235],[-52.10521,81.99543],[-51.23143,82.01398],[-52.4652,82.1999],[-52.78677,82.31753],[-53.27477,82.17235]]],[[[-44.52916,82.41376],[-46.32421,82.67853],[-47.69807,82.64378],[-46.87597,82.36001],[-44.73461,82.09838],[-45.07042,82.22256],[-44.52916,82.41376]]],[[[-39.43761,83.10517],[-40.53067,83.16787],[-39.66649,82.99551],[-39.43761,83.10517]]],[[[-40.10334,83.05614],[-41.48656,83.16787],[-40.70368,83.0288],[-40.10334,83.05614]]],[[[-38.83434,83.17402],[-40.48742,83.36591],[-40.62999,83.2709],[-38.9442,83.1188],[-38.83434,83.17402]]],[[[-27.71906,70.73981],[-27.23986,70.89436],[-27.75316,70.87324],[-27.71906,70.73981]]],[[[-25.31725,70.74698],[-25.41006,70.92475],[-25.72545,70.99055],[-25.70376,71.08584],[-26.66251,70.89647],[-27.06749,70.89354],[-27.67809,70.65412],[-27.92732,70.63825],[-28.0677,70.43073],[-26.5751,70.52383],[-26.19457,70.58759],[-26.07116,70.53124],[-25.30114,70.65729],[-25.31725,70.74698]]],[[[-21.94909,72.4287],[-22.18248,72.54536],[-22.71752,72.63471],[-23.1468,72.8402],[-23.93041,72.88154],[-24.48526,72.82657],[-24.3518,72.5913],[-23.90563,72.46613],[-23.06509,72.31],[-22.52489,72.13483],[-22.25036,72.121],[-22.04532,72.27167],[-22.67516,72.36164],[-22.76012,72.44107],[-21.94909,72.4287]]],[[[-24.79992,72.91596],[-25.28685,72.83405],[-24.9414,72.7792],[-24.79992,72.91596]]],[[[-21.92862,72.73778],[-22.15978,72.80427],[-21.90075,72.91596],[-23.23827,73.07526],[-23.77916,73.01545],[-24.53649,72.99189],[-24.52623,72.90168],[-23.16332,72.87792],[-22.65404,72.69807],[-21.91893,72.6848],[-21.92862,72.73778]]],[[[-24.52428,73.04792],[-22.9807,73.10712],[-23.08064,73.17597],[-23.76622,73.1953],[-24.97045,73.32534],[-23.2578,73.22114],[-23.23021,73.25113],[-24.46007,73.42503],[-25.24352,73.41112],[-25.70726,73.18472],[-24.52428,73.04792]]],[[[-20.35269,74.25165],[-20.5476,74.4099],[-21.24706,74.4571],[-21.84,74.35122],[-21.93293,74.20767],[-21.26867,74.0878],[-20.16153,74.16877],[-20.35269,74.25165]]],[[[-18.73522,74.63247],[-19.22183,74.58747],[-18.82335,74.54731],[-18.73522,74.63247]]],[[[-19.80997,74.89086],[-20.3391,75.05419],[-20.61339,74.9853],[-20.68073,74.82095],[-20.13825,74.69929],[-19.80997,74.89086]]],[[[-17.31696,75.13614],[-17.81338,75.08885],[-18.19835,75.24165],[-17.80289,75.31428],[-18.09406,75.41934],[-18.38573,75.30744],[-18.85326,75.29483],[-18.89265,74.99921],[-17.3553,75.02595],[-17.31696,75.13614]]],[[[-18.55028,76.05415],[-18.72297,76.51097],[-18.66015,76.63288],[-18.97472,76.7661],[-19.10644,76.47346],[-18.63585,75.98212],[-18.55028,76.05415]]],[[[-18.0065,77.63691],[-17.63598,77.78026],[-17.92809,77.85725],[-18.22716,77.63736],[-18.0065,77.63691]]],[[[-19.31802,77.88329],[-19.99572,77.99995],[-20.47354,77.94855],[-19.30846,77.8037],[-19.31802,77.88329]]],[[[-19.17138,77.99531],[-18.87767,78.14472],[-19.29483,78.10407],[-19.17138,77.99531]]],[[[-18.91784,78.44355],[-19.3155,78.34772],[-18.89708,78.24213],[-18.91784,78.44355]]],[[[-19.12438,78.71068],[-19.15486,78.92829],[-19.61067,78.77001],[-19.12438,78.71068]]],[[[-17.53295,79.03221],[-17.60554,79.19383],[-17.89664,78.96947],[-17.53295,79.03221]]],[[[-18.76427,79.97329],[-19.35749,79.87067],[-18.48522,79.6861],[-17.83629,79.7425],[-17.2775,80.01313],[-17.74083,80.09121],[-18.76427,79.97329]]],[[[-19.52286,80.03026],[-18.77184,80.11225],[-19.20669,80.21019],[-19.52286,80.03026]]],[[[-17.73282,81.59565],[-17.79377,81.74616],[-18.21345,81.69221],[-17.73282,81.59565]]],[[[-19.45958,81.95319],[-18.63093,81.81973],[-19.09142,82.04267],[-19.63866,82.10175],[-19.45958,81.95319]]]]},"properties":{"ISO_A2":"GL","ISO_A2_EH":"GL","ADM0_A3":"GRL","ISO_A3":"GRL","ADMIN":"Greenland"}},
{"type":"Feature","geometry":{"type":"MultiPolygon","coordinates":[[[[-180,-16.96414],[-179.82099,-16.77996],[-179.91588,-16.69451],[-180,-16.78673],[-180,-16.96414]]],[[[180,-16.78535],[179.89527,-16.93914],[180,-16.96278],[180,-16.78535]]],[[[180,-16.14911],[179.85597,-16.23113],[179.76442,-16.18141],[179.4712,-16.27402],[179.40358,-16.40797],[179.24041,-16.39813],[178.9651,-16.47064],[178.70428,-16.66709],[178.57179,-16.61549],[178.51157,-16.81422],[178.60231,-16.77972],[178.70533,-16.99879],[178.8838,-16.85768],[179.02687,-16.92311],[179.06544,-16.79892],[179.26637,-16.68987],[179.29689,-16.80682],[179.56512,-16.79168],[179.72633,-16.71771],[179.94191,-16.75262],[179.84864,-16.66237],[179.93946,-16.46331],[179.72267,-16.60442],[179.54811,-16.76605],[179.48878,-16.70761],[179.59791,-16.53981],[179.73846,-16.45924],[180,-16.16895],[180,-16.14911]]],[[[178.43035,-18.95525],[178.19068,-18.97723],[178.11948,-19.07041],[177.95118,-19.12965],[178.10662,-19.15455],[178.19508,-19.04746],[178.49659,-19.01328],[178.43035,-18.95525]]],[[[179.94343,-18.55635],[179.83067,-18.5893],[179.90079,-18.65859],[179.94343,-18.55635]]],[[[179.34547,-17.99879],[179.23276,-17.94476],[179.35027,-18.11883],[179.34547,-17.99879]]],[[[178.71144,-17.99196],[178.59108,-17.89756],[178.57301,-17.61793],[178.37574,-17.49847],[178.19012,-17.30055],[177.97836,-17.39666],[177.83326,-17.36647],[177.51515,-17.50506],[177.38893,-17.64056],[177.43531,-17.74326],[177.28207,-17.85174],[177.25164,-17.95224],[177.33595,-18.10556],[177.82716,-18.23447],[177.85939,-18.2658],[178.16831,-18.24847],[178.27703,-18.14625],[178.66359,-18.08815],[178.71144,-17.99196]]],[[[179.45192,-17.2903],[179.37867,-17.24944],[179.38347,-17.39056],[179.45192,-17.2903]]]]},"properties":{"ISO_A2":"FJ","ISO_A2_EH":"FJ","ADM0_A3":"FJI","ISO_A3":"FJI","ADMIN":"Fiji"}},
{"type":"Feature","geometry":{"type":"MultiPolygon","coordinates":[[[[166.24342,-50.60076],[166.11769,-50.55242],[166.05909,-50.69354],[165.88649,-50.79461],[166.08351,-50.7868],[166.22438,-50.86012],[166.24342,-50.60076]]],[[[-176.38203,-43.89861],[-176.2851,-43.76971],[-176.602,-43.70761],[-176.63838,-43.79957],[-176.51594,-43.9223],[-176.66438,-44.01922],[-176.51179,-44.12176],[-176.30004,-44.04258],[-176.50154,-43.86443],[-176.37226,-43.76588],[-176.38203,-43.89861]]],[[[168.19947,-47.04762],[168.23024,-46.97161],[168.00815,-46.89511],[168.19125,-46.87705],[167.92058,-46.68304],[167.78745,-46.6972],[167.81658,-46.89739],[167.6482,-47.04803],[167.52101,-47.27304],[167.7649,-47.13746],[167.90187,-47.18841],[168.19947,-47.04762]]],[[[166.71144,-45.61631],[166.56666,-45.63714],[166.73927,-45.72796],[166.71144,-45.61631]]],[[[166.97364,-45.16326],[166.89096,-45.23561],[167.03443,-45.30047],[166.97364,-45.16326]]],[[[173.78443,-40.90716],[173.92164,-40.8668],[173.96941,-40.7234],[173.82683,-40.76629],[173.78443,-40.90716]]],[[[172.74869,-43.27969],[172.81121,-43.16904],[173.28728,-42.95387],[173.5586,-42.49114],[173.89088,-42.24082],[174.00408,-42.03118],[174.19793,-41.87607],[174.29217,-41.73016],[174.05812,-41.51727],[174.13307,-41.32008],[174.32569,-41.21624],[174.15496,-41.22096],[174.22657,-41.0652],[174.18312,-40.97308],[173.89633,-41.19166],[174.13396,-41.17539],[173.79127,-41.29144],[173.77027,-41.0997],[173.85353,-40.92588],[173.12599,-41.3117],[173.03094,-41.01702],[173.01735,-40.7973],[172.86931,-40.84726],[172.69451,-40.75018],[172.75782,-40.51767],[172.64145,-40.5097],[172.10678,-40.8869],[172.11443,-41.25091],[172.07081,-41.41424],[171.85524,-41.66546],[171.48878,-41.83034],[171.33155,-42.14723],[171.30486,-42.29461],[171.12281,-42.59238],[170.70074,-42.95466],[170.28932,-43.10687],[170.03012,-43.3458],[169.89682,-43.39446],[169.73365,-43.56569],[169.19215,-43.75872],[168.74676,-44.01035],[168.64584,-43.96453],[168.37086,-44.03916],[168.3401,-44.11834],[167.41871,-44.84092],[167.30885,-44.87526],[167.00489,-45.14959],[167.04754,-45.32708],[166.88136,-45.27955],[166.71461,-45.57562],[166.88966,-45.77646],[166.48976,-45.80755],[166.48976,-46.01295],[166.68849,-45.93385],[166.61606,-46.08807],[166.76197,-46.21998],[167.17482,-46.27313],[167.40577,-46.25115],[167.46095,-46.14821],[167.69793,-46.18873],[167.85011,-46.39658],[168.21608,-46.35442],[168.26783,-46.5263],[168.4192,-46.60198],[168.8449,-46.56015],[169.03598,-46.6819],[169.6351,-46.57838],[169.84897,-46.46754],[169.86476,-46.37835],[170.23487,-46.15398],[170.33375,-45.98154],[170.70045,-45.90781],[170.77662,-45.78021],[170.62672,-45.70631],[170.76979,-45.60149],[170.90626,-45.40276],[170.98032,-45.15496],[171.20314,-44.90553],[171.19597,-44.56683],[171.346,-44.27863],[171.55064,-44.16727],[171.86834,-44.05853],[172.24984,-43.88126],[172.36557,-43.86842],[172.41733,-43.73748],[172.76344,-43.79274],[172.81723,-43.88144],[173.09295,-43.85418],[173.06495,-43.64813],[172.92482,-43.67962],[172.77898,-43.55779],[172.74869,-43.27969]]],[[[175.53842,-36.2824],[175.42026,-36.07195],[175.33375,-36.22373],[175.5228,-36.35215],[175.53842,-36.2824]]],[[[176.95371,-39.60751],[176.90626,-39.44752],[177.06495,-39.1994],[177.38738,-39.07741],[177.86622,-39.09734],[177.8685,-39.29022],[177.99887,-39.12981],[177.88282,-39.08555],[177.96404,-38.76141],[178.29461,-38.53981],[178.36207,-38.3165],[178.31853,-38.26572],[178.35157,-38.00172],[178.5643,-37.71771],[178.27768,-37.55926],[177.99204,-37.54306],[177.99204,-37.59092],[177.73878,-37.6762],[177.55681,-37.91383],[177.43751,-37.97674],[177.13551,-37.98187],[176.71827,-37.8777],[176.51857,-37.76214],[175.99724,-37.63177],[176.01588,-37.51588],[175.8838,-37.13714],[175.91627,-37.07977],[175.82781,-36.82578],[175.70362,-36.84482],[175.85174,-36.71836],[175.6421,-36.7667],[175.56202,-36.55169],[175.44044,-36.4747],[175.35711,-36.52955],[175.50245,-36.6539],[175.43621,-36.86468],[175.52784,-36.9625],[175.56276,-37.17995],[175.44793,-37.22487],[175.32008,-37.12868],[175.24098,-36.94231],[174.96315,-36.93353],[174.8191,-36.82366],[174.70965,-36.54209],[174.82447,-36.27703],[174.49692,-35.98756],[174.49692,-35.76849],[174.56951,-35.59433],[174.38575,-35.41855],[174.35304,-35.1994],[174.20973,-35.34271],[174.03053,-35.22723],[173.89088,-35.00066],[173.57504,-34.92815],[173.47828,-34.99041],[173.16489,-34.84482],[173.03582,-34.55234],[172.90748,-34.54144],[173.06373,-34.39764],[172.67408,-34.47991],[172.79933,-34.55096],[173.14357,-34.9284],[173.202,-35.05779],[173.10027,-35.21998],[173.39064,-35.51312],[173.40699,-35.39121],[173.6609,-35.31292],[173.54152,-35.45257],[173.45786,-35.43792],[173.40724,-35.57122],[174.0241,-36.26816],[174.07985,-36.39951],[174.20281,-36.34759],[173.97999,-36.10711],[174.36118,-36.21624],[174.2776,-36.36972],[174.43458,-36.35735],[174.46974,-36.58343],[174.35987,-36.63128],[174.25717,-36.44695],[174.21795,-36.5451],[174.40756,-36.76149],[174.48894,-37.01458],[174.70069,-36.93629],[174.88054,-37.07635],[174.71665,-37.1526],[174.55828,-37.06276],[174.69166,-37.32936],[174.85035,-37.76491],[174.78443,-37.96689],[174.88689,-37.98626],[174.70981,-38.10475],[174.57887,-38.83945],[174.36671,-38.97568],[174.2116,-38.97332],[173.85271,-39.13445],[173.7776,-39.2077],[173.78443,-39.39324],[173.98658,-39.54225],[174.31902,-39.61386],[174.56764,-39.82675],[174.9673,-39.91644],[175.15496,-40.08538],[175.23715,-40.28592],[175.18751,-40.56878],[174.94272,-40.97064],[174.60939,-41.29192],[174.74057,-41.34661],[174.88966,-41.22454],[174.86557,-41.41953],[175.18181,-41.4179],[175.22169,-41.6137],[175.33033,-41.6098],[175.96681,-41.247],[176.22039,-40.93328],[176.34799,-40.69655],[176.54249,-40.48602],[176.61134,-40.48455],[176.70362,-40.29022],[176.83725,-40.17791],[177.03639,-39.75359],[177.11891,-39.66725],[176.95371,-39.60751]]]]},"properties":{"ISO_A2":"NZ","ISO_A2_EH":"NZ","ADM0_A3":"NZL","ISO_A3":"NZL","ADMIN":"New Zealand"}},
{"type":"Feature","geometry":{"type":"MultiPolygon","coordinates":[[[[168.13746,-21.43182],[168.00766,-21.45289],[167.9878,-21.33563],[167.80844,-21.38397],[167.86362,-21.60369],[168.03541,-21.65846],[168.1268,-21.62225],[168.13746,-21.43182]]],[[[167.4323,-21.02776],[167.28468,-20.90179],[167.30828,-20.73089],[167.21258,-20.67213],[167.04444,-20.76824],[167.18531,-20.78818],[167.13347,-20.89007],[167.02084,-20.91172],[167.14633,-21.07301],[167.33107,-21.16416],[167.42335,-21.14756],[167.4323,-21.02776]]],[[[166.63722,-20.42506],[166.49391,-20.71307],[166.62973,-20.59637],[166.63722,-20.42506]]],[[[167.03443,-22.23748],[166.87371,-22.03509],[166.57342,-21.87493],[166.37037,-21.65895],[166.21876,-21.59694],[165.90838,-21.37802],[165.62306,-21.268],[165.61541,-21.20648],[165.40675,-21.05543],[165.21754,-20.76442],[165.06153,-20.73406],[164.82781,-20.5827],[164.49562,-20.30023],[164.31577,-20.2348],[164.24431,-20.28533],[163.99195,-20.0831],[164.05641,-20.22763],[163.9948,-20.26425],[164.17058,-20.33912],[164.19256,-20.52581],[164.28663,-20.57586],[164.36557,-20.75807],[164.65659,-20.9459],[164.71176,-21.08978],[165.29078,-21.57675],[165.67774,-21.76141],[166.00318,-21.96396],[166.06072,-21.90325],[166.21876,-22.15179],[166.43181,-22.1723],[166.71225,-22.31634],[166.75262,-22.38665],[166.9157,-22.3956],[167.03443,-22.23748]]]]},"properties":{"ISO_A2":"NC","ISO_A2_EH":"NC","ADM0_A3":"NCL","ISO_A3":"NCL","ADMIN":"New Caledonia"}},
{"type":"Feature","geometry":{"type":"MultiPolygon","coordinates":[[[[44.25473,-20.37607],[44.12582,-20.4983],[44.03639,-20.72552],[43.90154,-20.88291],[43.81276,-21.2243],[43.73463,-21.28167],[43.5075,-21.3095],[43.47267,-21.67205],[43.34734,-21.75026],[43.24684,-22.03509],[43.29518,-22.23447],[43.22543,-22.23382],[43.28492,-22.5875],[43.3567,-22.82968],[43.58318,-23.07586],[43.62859,-23.33929],[43.75799,-23.45403],[43.7483,-23.57008],[43.64161,-23.63893],[43.65626,-24.18532],[43.70672,-24.40618],[43.83985,-24.50579],[43.92799,-24.65244],[43.92848,-24.77459],[44.02882,-24.99896],[44.18719,-25.06699],[44.36948,-25.25677],[44.83473,-25.34401],[45.13608,-25.58416],[45.4922,-25.57366],[45.77418,-25.40814],[46.23764,-25.19817],[46.38657,-25.16481],[46.65366,-25.18385],[46.95485,-25.07098],[47.12615,-24.93434],[47.31227,-24.48593],[47.33839,-24.32431],[47.5687,-23.85263],[47.61948,-23.59059],[47.83383,-22.90097],[47.90065,-22.48113],[48.20183,-21.79616],[48.45558,-21.01409],[48.56227,-20.57708],[48.82374,-19.90276],[48.85963,-19.68467],[48.98585,-19.37884],[49.07692,-19.06561],[49.19117,-18.84254],[49.35922,-18.424],[49.41391,-18.06707],[49.50408,-17.66302],[49.43133,-17.28387],[49.62452,-16.88567],[49.84034,-16.82757],[49.72316,-16.7081],[49.84946,-16.55242],[49.84986,-16.24082],[49.6836,-16.02028],[49.73374,-15.90569],[49.63844,-15.54461],[49.75034,-15.43597],[49.90113,-15.4223],[50.03891,-15.85947],[50.23015,-15.97096],[50.33676,-15.81129],[50.48341,-15.44345],[50.47657,-15.19508],[50.35524,-15.03314],[50.23227,-14.73821],[50.19093,-14.45664],[50.2129,-14.2872],[50.16188,-14.20232],[50.14291,-13.78314],[49.97267,-13.33131],[49.94215,-13.03387],[49.80494,-12.80486],[49.56324,-12.61679],[49.59278,-12.50319],[49.51173,-12.34873],[49.38136,-12.22283],[49.31951,-12.29518],[49.22967,-12.2221],[49.26385,-12.14023],[49.3672,-12.19866],[49.3226,-12.00009],[49.26002,-11.94362],[49.12989,-12.09677],[49.20151,-12.14666],[48.98463,-12.33343],[48.95533,-12.46917],[48.72999,-12.43499],[48.88697,-12.56463],[48.86622,-12.63714],[48.95533,-12.8117],[48.84352,-13.08082],[48.8392,-13.26043],[48.74741,-13.41155],[48.59571,-13.44345],[48.48227,-13.36045],[48.53419,-13.52077],[48.42758,-13.52418],[48.33204,-13.66139],[48.3274,-13.77996],[48.18133,-13.74676],[48.08367,-13.52874],[47.96559,-13.52077],[47.87582,-13.78427],[48.0171,-13.95281],[47.94109,-14.00408],[48.04819,-14.08408],[47.90699,-14.0997],[47.92677,-14.24627],[47.81446,-14.216],[47.70948,-14.36956],[47.75294,-14.60052],[47.80388,-14.54559],[48.01303,-14.63006],[47.85914,-14.6408],[47.79713,-14.56634],[47.68719,-14.70013],[47.48243,-15.08025],[47.42067,-14.96559],[47.5171,-14.81959],[47.45883,-14.66155],[47.32,-14.80023],[47.29176,-14.92343],[47.05787,-15.21624],[47.23211,-15.43328],[46.95509,-15.52597],[47.07472,-15.32399],[46.97145,-15.19842],[46.87941,-15.22503],[46.48243,-15.49114],[46.33269,-15.63014],[46.299,-15.81569],[46.44435,-15.88104],[46.33107,-15.97723],[46.20737,-15.81951],[46.21901,-15.70672],[46.05096,-15.74871],[46.06609,-15.86191],[45.95607,-15.78297],[45.69386,-15.78314],[45.61158,-15.98089],[45.37941,-15.97381],[45.40626,-16.05486],[45.29038,-16.10345],[45.26637,-15.92392],[45.04021,-16.1181],[44.85426,-16.22536],[44.45281,-16.1867],[44.40065,-16.37282],[44.4629,-16.48545],[44.43068,-16.70037],[43.94313,-17.45574],[43.92921,-17.60166],[44.03566,-17.76946],[44.00099,-17.93792],[44.04965,-18.42653],[44.18588,-18.61077],[44.25734,-18.80389],[44.22755,-19.05462],[44.45965,-19.41766],[44.48374,-19.52321],[44.37086,-19.77402],[44.47934,-19.91277],[44.25473,-20.37607]]],[[[49.95582,-16.77972],[49.85727,-16.91969],[49.82618,-17.09442],[49.95582,-16.77972]]],[[[48.33204,-13.36045],[48.31837,-13.20029],[48.1989,-13.25107],[48.20631,-13.38258],[48.33204,-13.36045]]]]},"properties":{"ISO_A2":"MG","ISO_A2_EH":"MG","ADM0_A3":"MDG","ISO_A3":"MDG","ADMIN":"Madagascar"}},
{"type":"Feature","geometry":{"type":"MultiPolygon","coordinates":[[[[125.79127,6.94819],[125.78191,7.1352],[125.70655,7.19184],[125.67408,7.07022],[125.79127,6.94819]]],[[[122.97169,7.38361],[122.7942,7.38394],[122.81666,7.29491],[122.97169,7.38361]]],[[[126.56918,7.30109],[126.60865,7.46532],[126.58286,7.71943],[126.4061,7.83324],[126.46306,8.22993],[126.36158,8.18716],[126.33253,8.34707],[126.41163,8.46613],[126.37013,8.54182],[126.15846,8.52757],[126.11053,8.60712],[126.30006,8.7683],[126.31276,8.95624],[126.17897,9.093],[126.2199,9.30565],[126.07586,9.23949],[125.93409,9.49234],[125.62013,9.62979],[125.5892,9.75463],[125.45948,9.82294],[125.39869,9.68106],[125.542,9.1892],[125.52654,9.02619],[125.31178,8.99433],[125.21852,9.08812],[125.18735,8.87592],[125.11573,8.83055],[124.91529,8.99413],[124.78077,8.94912],[124.75318,8.50023],[124.6631,8.47582],[124.40577,8.6079],[124.32179,8.51455],[124.23227,8.21288],[123.96892,8.16779],[123.67644,7.96337],[123.68474,8.03681],[123.8733,8.15327],[123.84474,8.45222],[123.7588,8.60749],[123.52182,8.62255],[123.51295,8.69888],[123.33107,8.54662],[123.08204,8.51923],[122.95818,8.3085],[123.01368,8.23241],[122.92457,8.15013],[122.29225,8.00991],[122.12892,7.81501],[122.11354,7.60326],[122.04558,7.44253],[122.04689,7.30109],[121.93344,7.21792],[121.93702,6.97895],[122.11866,6.89643],[122.2435,7.09927],[122.26588,7.24909],[122.37908,7.39159],[122.34799,7.45254],[122.48561,7.57852],[122.51149,7.69571],[122.70428,7.78832],[122.81471,7.74335],[122.83725,7.45844],[122.91725,7.54751],[122.99562,7.46727],[123.11793,7.74136],[123.17042,7.48603],[123.28028,7.52021],[123.41944,7.37226],[123.45167,7.45254],[123.35353,7.57209],[123.48569,7.66356],[123.44467,7.80134],[123.70395,7.80939],[123.7942,7.71052],[124.0652,7.60273],[124.18776,7.41035],[124.24676,7.40412],[124.18377,7.22639],[124.02947,7.11514],[123.96551,6.82128],[124.03663,6.79971],[124.05494,6.43769],[124.24578,6.18651],[124.5962,5.99893],[124.93873,5.86396],[125.0691,5.86172],[125.15528,6.10017],[125.25074,6.09309],[125.27801,5.97923],[125.18116,5.79833],[125.27866,5.7165],[125.30242,5.59219],[125.38754,5.5738],[125.66733,5.95014],[125.70655,6.14973],[125.57358,6.51691],[125.39747,6.59846],[125.38893,6.7683],[125.50994,7.01557],[125.65805,7.12914],[125.65691,7.23705],[125.8069,7.35114],[125.97682,6.9396],[126.07911,6.84252],[126.09506,6.51411],[126.20607,6.2993],[126.25457,6.76667],[126.16798,6.88255],[126.2129,6.93403],[126.30885,6.79804],[126.34946,7.00007],[126.46616,7.00312],[126.61036,7.27705],[126.56918,7.30109]]],[[[125.2951,9.97065],[125.1491,10.16596],[125.14576,10.07071],[125.2951,9.97065]]],[[[124.59962,11.56338],[124.49586,11.69477],[124.34913,11.68008],[124.48634,11.48823],[124.59962,11.56338]]],[[[122.29721,18.40388],[122.15284,18.51879],[122.11158,18.39277],[121.97462,18.28604],[121.85279,18.28799],[121.59205,18.38471],[121.10678,18.64273],[120.92693,18.56623],[120.85084,18.63886],[120.77084,18.56147],[120.6111,18.53856],[120.58619,18.36449],[120.47006,18.09101],[120.47722,18.00483],[120.33383,17.55638],[120.44174,17.36799],[120.40309,17.22163],[120.42726,16.9619],[120.31219,16.77778],[120.33627,16.29218],[120.40211,16.16547],[120.29908,16.0174],[120.10564,16.06965],[120.09116,16.15347],[119.90187,16.2508],[119.92579,16.34512],[119.81251,16.3675],[119.75571,16.20344],[119.77084,15.91498],[119.89861,15.85318],[119.90431,15.59707],[119.96388,15.51435],[119.88819,15.42902],[120.00514,15.26944],[120.07993,14.80394],[120.17555,14.75739],[120.20932,14.88003],[120.29225,14.82567],[120.24236,14.72964],[120.36736,14.62075],[120.40211,14.45576],[120.56463,14.44123],[120.59791,14.5056],[120.54518,14.83686],[120.83009,14.76362],[120.93653,14.66743],[120.97039,14.5019],[120.87794,14.45889],[120.5735,14.17455],[120.61948,14.10423],[120.6281,13.81086],[120.70485,13.92744],[120.89503,13.90644],[120.92905,13.7836],[121.03981,13.75869],[121.03395,13.64183],[121.27882,13.59504],[121.43002,13.65693],[121.48463,13.85179],[121.72486,13.96914],[122.11842,13.7521],[122.20753,13.61433],[122.31902,13.59223],[122.50115,13.36807],[122.50506,13.2392],[122.58815,13.17402],[122.69068,13.22866],[122.64283,13.45759],[122.49757,13.65205],[122.50961,13.82001],[122.41627,13.96166],[122.53688,13.96113],[122.66578,13.81949],[122.86256,13.69477],[122.81471,13.6538],[122.97202,13.52753],[123.16879,13.44921],[123.30079,13.2355],[123.31007,13.01236],[123.44125,13.03685],[123.5984,12.89655],[123.82301,12.87702],[123.8934,12.9748],[124.02516,12.95531],[124.00245,12.87971],[123.79363,12.83145],[123.87859,12.64521],[123.98317,12.54678],[124.09523,12.55707],[124.14308,12.79731],[124.11622,12.91645],[124.18458,13.05732],[124.08155,13.00951],[123.87094,13.14289],[123.74578,13.06415],[123.82154,13.24291],[123.66725,13.48558],[123.52849,13.62678],[123.58815,13.72895],[123.79737,13.68797],[123.97267,13.72932],[123.71168,13.93439],[123.68141,13.88467],[123.44467,13.96166],[123.34506,14.0937],[123.21811,13.99274],[123.31495,13.82054],[123.26661,13.74942],[123.10825,13.72211],[123.04982,13.77582],[123.08424,13.97427],[122.85328,14.27855],[122.47096,14.34589],[122.36622,14.26146],[122.30014,14.09203],[122.2444,14.19603],[122.18621,14.11054],[122.29078,14.0231],[122.23194,13.90644],[121.93629,13.99519],[121.73162,14.19505],[121.73471,14.32868],[121.66245,14.41739],[121.62916,14.70283],[121.72609,14.72016],[121.37916,15.30817],[121.48756,15.52041],[121.62916,15.66112],[121.55486,15.82893],[121.57781,15.93207],[121.75229,16.07689],[122.06691,16.19013],[122.23194,16.31904],[122.20533,16.4239],[122.34547,16.64252],[122.52906,17.09052],[122.41684,17.14582],[122.3816,17.3474],[122.25115,17.36018],[122.15659,17.61929],[122.14015,17.79829],[122.18002,18.12075],[122.30698,18.25129],[122.29721,18.40388]]],[[[120.25196,5.26651],[120.19858,5.3496],[120.08693,5.25898],[119.81251,5.1225],[119.82985,5.04881],[119.95411,5.07551],[120.12094,5.218],[120.22682,5.12938],[120.25196,5.26651]]],[[[120.58815,6.38076],[120.49464,6.24934],[120.58286,6.26146],[120.58815,6.38076]]],[[[122.29672,6.63325],[122.06666,6.74071],[121.8392,6.66893],[121.81446,6.59292],[121.96225,6.40485],[122.18865,6.45108],[122.29672,6.63325]]],[[[117.08497,8.05785],[116.96168,8.062],[117.00164,7.82368],[117.08676,7.87214],[117.08497,8.05785]]],[[[124.78419,9.19977],[124.64674,9.2189],[124.67213,9.12539],[124.80128,9.09626],[124.78419,9.19977]]],[[[123.69801,9.16503],[123.61443,9.28925],[123.47462,9.19709],[123.63999,9.09858],[123.69801,9.16503]]],[[[126.16586,9.82917],[126.08074,10.05565],[125.96599,9.85025],[126.12013,9.75894],[126.16586,9.82917]]],[[[124.56528,9.87075],[124.58863,10.02387],[124.33131,10.16153],[124.18458,10.14448],[124.05079,9.97932],[123.88608,9.91486],[123.80909,9.80268],[123.89235,9.63215],[124.0652,9.5954],[124.2942,9.60676],[124.49985,9.7683],[124.58522,9.73208],[124.56528,9.87075]]],[[[125.71957,9.91169],[125.65805,10.2617],[125.6574,10.45645],[125.52215,10.31696],[125.49708,10.10346],[125.71957,9.91169]]],[[[119.95021,10.60375],[119.84986,10.64476],[119.80649,10.44611],[120.01124,10.56525],[119.95021,10.60375]]],[[[122.71111,10.73469],[122.67018,10.76203],[122.48243,10.50336],[122.63445,10.44424],[122.73707,10.64004],[122.71111,10.73469]]],[[[123.57447,10.83096],[123.52182,10.91991],[123.21355,10.99641],[123.00262,10.91283],[122.97169,10.7211],[122.8239,10.53286],[122.87892,10.11807],[122.70777,9.9864],[122.47462,9.97435],[122.39519,9.83662],[122.49659,9.56171],[122.59946,9.43268],[122.8694,9.32266],[122.9336,9.12149],[123.03321,9.0353],[123.23015,9.10761],[123.32114,9.34317],[123.13543,9.61835],[123.15675,9.86762],[123.29038,10.09357],[123.38966,10.43716],[123.48569,10.54914],[123.57447,10.83096]]],[[[124.04737,10.83405],[124.04127,11.13011],[124.07472,11.26911],[123.95192,11.15672],[123.93458,10.97045],[123.7068,10.46198],[123.50799,10.12222],[123.42254,10.0375],[123.3143,9.50764],[123.36964,9.42573],[123.48829,9.56647],[123.64332,10.03897],[123.80812,10.23664],[123.97291,10.32661],[124.04005,10.48436],[124.04737,10.83405]]],[[[119.67189,10.55256],[119.59083,10.67243],[119.59344,10.83714],[119.5193,10.83771],[119.51637,11.1175],[119.56902,11.26166],[119.50196,11.42333],[119.33497,11.10293],[119.3191,10.94302],[119.4568,10.83096],[119.46949,10.74103],[119.2225,10.94172],[119.2234,10.85082],[119.34498,10.72358],[119.27809,10.50821],[119.12721,10.39492],[119.01173,10.40518],[119.02475,10.30956],[118.9336,10.20966],[118.82228,10.19453],[118.53053,9.77424],[118.34425,9.60322],[118.00318,9.2333],[117.90447,9.26122],[117.76808,9.08641],[117.65553,9.05793],[117.45037,8.79116],[117.29152,8.64082],[117.19801,8.33478],[117.31861,8.45185],[117.51287,8.50678],[117.5656,8.66108],[117.77369,8.70307],[118.01368,8.8876],[118.13209,9.12665],[118.365,9.19306],[118.4979,9.31367],[118.77784,9.7342],[118.7505,9.88752],[118.87477,9.97187],[119.1963,10.05634],[119.35597,10.32884],[119.56324,10.37348],[119.72535,10.51862],[119.67189,10.55256]]],[[[125.27394,10.32319],[125.19874,10.43305],[125.1941,10.60297],[125.00611,10.79735],[125.05307,10.96821],[125.04176,11.24803],[124.96632,11.29442],[124.98414,11.38133],[124.84571,11.43301],[124.62989,11.30443],[124.32911,11.55712],[124.31137,11.46678],[124.40431,11.30268],[124.40211,10.92984],[124.52784,10.87812],[124.62233,11.00202],[124.77882,10.82144],[124.79811,10.65913],[124.73894,10.39545],[124.78045,10.15192],[125.03175,10.02025],[125.01043,10.38304],[125.08855,10.22899],[125.27394,10.32319]]],[[[123.17042,11.48078],[123.11785,11.54816],[122.90073,11.43793],[122.94451,11.52241],[122.72478,11.61176],[122.60418,11.51708],[122.38795,11.72744],[122.11793,11.82355],[121.96372,11.93391],[121.85385,11.76944],[122.08448,11.72468],[122.10719,11.65795],[122.0451,11.0174],[121.93702,10.7757],[121.98487,10.62491],[121.94972,10.43317],[122.22657,10.64224],[122.58985,10.69872],[122.63063,10.77436],[122.76149,10.81074],[122.78004,10.95694],[123.13136,11.18269],[123.17042,11.48078]]],[[[120.02475,11.89297],[119.85402,11.95441],[119.96697,11.66437],[120.07993,11.78925],[120.02475,11.89297]]],[[[120.3475,12.02949],[120.22413,12.21918],[120.19606,12.11201],[119.88502,12.3227],[119.98406,12.0257],[120.13461,11.97484],[120.3475,12.02949]]],[[[122.68751,12.40282],[122.64918,12.47321],[122.48113,12.49335],[122.4319,12.40974],[122.61183,12.27652],[122.68751,12.40282]]],[[[125.71274,11.14875],[125.56617,11.26813],[125.63771,11.36848],[125.52101,11.46035],[125.452,11.96406],[125.52443,12.04621],[125.45737,12.10708],[125.5005,12.2486],[125.34962,12.28954],[125.34962,12.3994],[125.16627,12.57811],[124.67921,12.51594],[124.27622,12.53327],[124.3908,12.22187],[124.49318,12.09781],[124.67986,12.02973],[124.89243,11.76146],[125.05421,11.73823],[124.91147,11.5019],[125.00294,11.41975],[125.00099,11.28978],[125.13282,11.28213],[125.24684,11.09219],[125.31707,11.14956],[125.4402,11.09756],[125.71274,11.14875]]],[[[124.05494,11.79979],[124.05494,11.95441],[123.88234,12.2128],[123.79363,12.18716],[123.70436,12.32075],[123.44809,12.5124],[123.35597,12.49559],[123.2422,12.59536],[123.27345,12.42365],[123.18141,11.93085],[123.42416,12.20083],[123.53972,12.194],[123.61476,12.07933],[124.02076,11.78311],[124.05494,11.79979]]],[[[122.11525,12.66633],[121.9909,12.57119],[121.92075,12.30288],[122.01905,12.15607],[122.13575,12.56078],[122.11525,12.66633]]],[[[123.78736,12.37556],[123.70485,12.62539],[123.58318,12.62393],[123.78736,12.37556]]],[[[123.28028,12.86494],[123.16017,12.93757],[123.03981,13.12808],[122.94451,13.11131],[123.18531,12.85847],[123.28028,12.86494]]],[[[121.52613,12.7045],[121.48561,12.76846],[121.48951,13.03677],[121.54916,13.09064],[121.19711,13.4409],[121.12159,13.37202],[120.95704,13.503],[120.73732,13.46825],[120.35662,13.51838],[120.3401,13.3863],[120.43995,13.42723],[120.47999,13.3015],[120.64235,13.18325],[120.75831,13.00239],[120.79786,12.72944],[120.91245,12.63471],[120.91635,12.5124],[121.11362,12.25129],[121.24497,12.21442],[121.38429,12.3686],[121.52613,12.7045]]],[[[122.10157,13.41669],[122.11525,13.46499],[121.87306,13.56851],[121.81723,13.34195],[121.99318,13.20161],[122.12029,13.35664],[122.10157,13.41669]]],[[[120.26092,13.71158],[120.23764,13.80463],[120.10369,13.86628],[120.0923,13.7945],[120.26092,13.71158]]],[[[124.41798,13.87295],[124.27735,13.95551],[124.20094,14.09223],[124.12452,14.04938],[124.12184,13.77977],[124.02605,13.66962],[124.17018,13.52977],[124.33334,13.57246],[124.41798,13.87295]]],[[[122.10475,14.10261],[121.94508,14.23261],[121.96518,14.14297],[122.15838,14.00678],[122.10475,14.10261]]],[[[122.00538,15.01069],[121.84425,15.0454],[121.9402,14.64008],[122.02589,14.73631],[121.97169,14.90559],[122.00538,15.01069]]],[[[121.9712,18.98493],[121.90235,19.00536],[121.86573,18.82193],[121.9712,18.98493]]],[[[121.52613,19.32071],[121.51661,19.39354],[121.34986,19.37031],[121.4983,19.25926],[121.52613,19.32071]]],[[[119.48325,4.8509],[119.4354,4.90278],[119.45655,4.65571],[119.48325,4.8509]]],[[[121.3816,6.00568],[121.21778,5.99893],[121.04225,6.09711],[120.87184,5.96101],[120.93409,5.88569],[121.22779,5.94213],[121.28142,5.85904],[121.41944,5.94798],[121.3816,6.00568]]]]},"properties":{"ISO_A2":"PH","ISO_A2_EH":"PH","ADM0_A3":"PHL","ISO_A3":"PHL","ADMIN":"Philippines"}},
{"type":"Feature","geometry":{"type":"MultiPolygon","coordinates":[[[[81.87599,7.09195],[81.88071,7.32709],[81.69679,7.753],[81.57586,7.88939],[81.4485,8.128],[81.36573,8.48216],[81.21315,8.4724],[81.2317,8.65107],[80.97853,8.97997],[80.7444,9.35969],[80.40992,9.6175],[80.22682,9.82958],[80.33855,9.62922],[80.12233,9.81892],[79.90968,9.7683],[79.94703,9.69318],[80.18605,9.58413],[80.1736,9.64867],[80.36866,9.53022],[80.27223,9.50414],[80.08522,9.59536],[80.19703,9.47346],[80.05299,9.39155],[80.11598,9.23383],[80.04803,9.02627],[79.91554,8.93854],[79.95053,8.73981],[79.87379,8.53807],[79.79347,8.07282],[79.73194,8.01313],[79.74448,8.28116],[79.69679,8.09829],[79.80201,7.65933],[79.78468,7.58979],[79.86158,7.01187],[79.86305,6.8072],[79.96957,6.53535],[80.03199,6.26634],[80.18523,6.04116],[80.59083,5.92373],[80.80909,6.0351],[81.11256,6.12031],[81.36207,6.22541],[81.68149,6.46214],[81.77565,6.61042],[81.89031,7.01992],[81.87599,7.09195]]],[[[79.71412,9.07563],[79.88575,8.97622],[79.84165,9.07722],[79.71412,9.07563]]]]},"properties":{"ISO_A2":"LK","ISO_A2_EH":"LK","ADM0_A3":"LKA","ISO_A3":"LKA","ADMIN":"Sri Lanka"}},
{"type":"Feature","geometry":{"type":"Polygon","coordinates":[[[-68.78075,12.09781],[-68.83528,12.17105],[-69.04076,12.25605],[-69.1612,12.39151],[-69.15954,12.29336],[-69.00744,12.14818],[-68.81481,12.04316],[-68.78075,12.09781]]]},"properties":{"ISO_A2":"CW","ISO_A2_EH":"CW","ADM0_A3":"CUW","ISO_A3":"CUW","ADMIN":"Curaçao"}},
{"type":"Feature","geometry":{"type":"Polygon","coordinates":[[[-69.99694,12.57758],[-70.05809,12.53718],[-69.88809,12.41767],[-69.99694,12.57758]]]},"properties":{"ISO_A2":"AW","ISO_A2_EH":"AW","ADM0_A3":"ABW","ISO_A3":"ABW","ADMIN":"Aruba"}},
{"type":"Feature","geometry":{"type":"MultiPolygon","coordinates":[[[[-73.13915,22.36335],[-72.75499,22.34968],[-73.1317,22.45954],[-73.13915,22.36335]]],[[[-73.64707,21.06156],[-73.64511,20.9124],[-73.12982,20.99366],[-73.03393,21.15673],[-73.05305,21.32929],[-73.16096,21.16986],[-73.25515,21.13506],[-73.38988,21.2333],[-73.64707,21.06156]]],[[[-73.99572,22.65754],[-73.9077,22.47944],[-74.1813,22.30191],[-74.01378,22.33006],[-73.86539,22.48005],[-73.85171,22.7333],[-73.99572,22.65754]]],[[[-74.28685,22.7333],[-74.09069,22.65754],[-74.01623,22.7202],[-74.35196,22.82266],[-74.28685,22.7333]]],[[[-75.79821,23.53864],[-75.98998,23.68598],[-75.9877,23.60082],[-75.81273,23.47956],[-75.79821,23.53864]]],[[[-74.85912,22.98029],[-75.07689,23.1717],[-75.09406,23.30533],[-75.31159,23.67235],[-75.25007,23.49018],[-75.12035,23.33194],[-75.13219,23.18598],[-74.99055,23.07856],[-74.83995,22.85993],[-74.85912,22.98029]]],[[[-74.46866,24.0218],[-74.52969,24.10041],[-74.55809,23.95356],[-74.46866,24.0218]]],[[[-77.52497,23.93305],[-77.60753,24.21825],[-77.70958,24.04369],[-77.75853,24.14077],[-77.63121,24.24909],[-77.67516,24.30297],[-77.94205,24.09687],[-77.8601,24.06273],[-77.81286,23.87665],[-77.6656,23.86347],[-77.7202,23.78482],[-77.59732,23.73062],[-77.52497,23.93305]]],[[[-75.31469,24.21735],[-75.47606,24.37059],[-75.62633,24.64501],[-75.75658,24.66031],[-75.57152,24.48876],[-75.41466,24.21312],[-75.52131,24.16258],[-75.29043,24.14472],[-75.31469,24.21735]]],[[[-77.47997,24.99136],[-77.26382,25.05809],[-77.45604,25.07697],[-77.47997,24.99136]]],[[[-78.35359,24.65925],[-78.44298,24.6245],[-78.22643,24.46548],[-78.13443,24.50161],[-78.05191,24.28872],[-77.72789,24.47419],[-77.73721,24.70018],[-77.98656,25.01289],[-77.97688,25.13841],[-78.21434,25.18464],[-78.1577,25.00019],[-78.29214,24.77534],[-78.19713,24.61835],[-78.319,24.58173],[-78.35359,24.65925]]],[[[-76.16129,25.16572],[-76.33576,25.32709],[-76.46093,25.35456],[-76.72985,25.56363],[-76.7694,25.42406],[-76.59122,25.42255],[-76.53083,25.37043],[-76.34626,25.30353],[-76.16495,25.12983],[-76.21935,24.81005],[-76.31745,24.82526],[-76.19449,24.65839],[-76.1129,25.1149],[-76.16129,25.16572]]],[[[-78.59008,26.5362],[-78.29339,26.6213],[-77.92907,26.63923],[-77.97167,26.72956],[-78.28708,26.68549],[-78.53917,26.7392],[-78.71429,26.57052],[-78.99787,26.70132],[-78.72697,26.49545],[-78.59008,26.5362]]],[[[-77.81237,26.90681],[-77.51749,26.8522],[-77.31216,26.59467],[-77.16071,26.5642],[-77.23013,26.44746],[-77.2233,26.14582],[-77.38817,26.00544],[-77.19075,25.91633],[-77.17439,26.22069],[-77.01476,26.31566],[-77.05883,26.52936],[-77.26989,26.62507],[-77.5113,26.86953],[-77.81237,26.90681]]]]},"properties":{"ISO_A2":"BS","ISO_A2_EH":"BS","ADM0_A3":"BHS","ISO_A3":"BHS","ADMIN":"The Bahamas"}},
{"type":"Feature","geometry":{"type":"MultiPolygon","coordinates":[[[[-71.80285,21.78791],[-71.64517,21.74641],[-71.67878,21.84186],[-71.80285,21.78791]]],[[[-72.02196,21.90461],[-71.87731,21.82832],[-71.91104,21.94843],[-72.02196,21.90461]]]]},"properties":{"ISO_A2":"TC","ISO_A2_EH":"TC","ADM0_A3":"TCA","ISO_A3":"TCA","ADMIN":"Turks and Caicos Islands"}},
{"type":"Feature","geometry":{"type":"MultiPolygon","coordinates":[[[[121.90577,24.9501],[122.00538,25.0019],[121.89283,25.11367],[121.71852,25.152],[121.59791,25.27143],[121.43629,25.24144],[121.37875,25.15795],[121.05934,25.05024],[120.92604,24.88471],[120.82667,24.66608],[120.70216,24.607],[120.49318,24.23066],[120.18922,23.77481],[120.13015,23.36096],[120.05942,23.15103],[120.20135,22.84414],[120.23959,22.65908],[120.33123,22.51972],[120.51197,22.42475],[120.69695,22.11323],[120.70037,21.94843],[120.84034,21.90461],[120.87501,22.28925],[120.94825,22.5268],[121.14145,22.74177],[121.40008,23.14549],[121.66285,24.1931],[121.77272,24.30923],[121.84002,24.48135],[121.80885,24.80516],[121.90577,24.9501]]],[[[118.39422,24.52269],[118.28395,24.40127],[118.44879,24.41551],[118.39422,24.52269]]]]},"properties":{"ISO_A2":"CN-TW","ISO_A2_EH":"TW","ADM0_A3":"TWN","ISO_A3":"TWN","ADMIN":"Taiwan"}},
{"type":"Feature","geometry":{"type":"MultiPolygon","coordinates":[[[[131.65979,32.47682],[131.8825,32.78343],[132.02548,32.9236],[131.80957,33.12765],[131.90263,33.26604],[131.51038,33.2734],[131.49839,33.34067],[131.69744,33.40639],[131.72954,33.58024],[131.66737,33.66719],[131.52104,33.67637],[131.4177,33.58168],[131.06446,33.65327],[131.00978,33.74616],[131.00715,33.96605],[130.91359,33.89118],[130.68442,33.93423],[130.48894,33.85537],[130.39087,33.60487],[130.15955,33.6296],[130.15642,33.52538],[130.01686,33.44579],[129.85319,33.5525],[129.80747,33.34813],[129.59241,33.38112],[129.56414,33.21113],[129.74648,33.06559],[129.94562,33.01576],[130.00315,32.84538],[129.7944,32.87492],[129.82328,32.97954],[129.68161,33.09409],[129.6324,32.97911],[129.83438,32.69412],[130.17843,32.79292],[130.16599,32.59296],[130.36083,32.68796],[130.33942,32.85658],[130.10532,32.87592],[130.22231,32.97521],[130.13195,33.10197],[130.2414,33.18823],[130.42221,33.08259],[130.43312,32.94172],[130.59303,32.81586],[130.62599,32.70401],[130.44801,32.62141],[130.66831,32.64875],[130.431,32.25715],[130.27866,32.10053],[130.17986,32.09345],[130.22044,31.9296],[130.17143,31.79014],[130.33619,31.62617],[130.29327,31.4447],[130.19654,31.35419],[130.22221,31.2463],[130.45114,31.24939],[130.63982,31.18647],[130.52915,31.51325],[130.61305,31.68236],[130.80453,31.68724],[130.69557,31.5458],[130.79525,31.34443],[130.74269,31.12128],[130.65772,31.00319],[130.924,31.11298],[131.13211,31.27951],[131.01361,31.36307],[131.07179,31.44961],[131.21266,31.45474],[131.33823,31.37263],[131.47527,31.76215],[131.44728,31.8769],[131.65979,32.47682]]],[[[134.68979,33.82807],[134.69596,33.95189],[134.59523,34.04597],[134.64687,34.23925],[134.43977,34.20835],[134.15301,34.38573],[133.94654,34.37617],[133.64112,34.18464],[133.62086,34.04556],[133.511,33.96524],[133.32261,33.99055],[133.0866,33.94931],[132.94238,34.14126],[132.76986,33.99627],[132.67661,33.71564],[132.41236,33.53498],[132.01054,33.34899],[132.38111,33.46605],[132.42012,33.30436],[132.54836,33.2269],[132.42366,33.19918],[132.47227,32.93367],[132.70916,32.90941],[132.62338,32.7995],[132.81219,32.7403],[132.95548,32.81462],[133.01826,33.02402],[133.25327,33.21906],[133.26938,33.34687],[133.60773,33.51583],[133.92521,33.49369],[134.19026,33.24833],[134.2732,33.508],[134.37617,33.63566],[134.68979,33.82807]]],[[[133.42221,34.44501],[133.69996,34.52595],[133.93629,34.45124],[133.98317,34.52863],[134.38136,34.73981],[134.7444,34.76655],[134.9603,34.64362],[135.24235,34.65075],[135.34127,34.70851],[135.41438,34.55812],[135.31969,34.42876],[135.06104,34.26728],[135.18702,34.13593],[135.09449,34.06761],[135.06545,33.88557],[135.40235,33.70112],[135.3277,33.67119],[135.44484,33.55085],[135.76557,33.48154],[135.95987,33.59309],[136.06932,33.84704],[136.2798,34.01732],[136.21852,34.06761],[136.47169,34.23896],[136.70265,34.29515],[136.90024,34.28254],[136.91603,34.43399],[136.54005,34.61571],[136.53494,34.7657],[136.65919,34.98395],[136.87986,35.04384],[136.82347,34.95486],[136.85597,34.73981],[137.22283,34.81626],[137.32432,34.76685],[137.0161,34.57879],[137.42756,34.66775],[137.79217,34.63939],[138.04724,34.65464],[138.23329,34.59459],[138.21599,34.71228],[138.36711,34.91731],[138.51429,34.98018],[138.55408,35.09607],[138.80333,35.12191],[138.77139,34.64731],[138.8353,34.59589],[139.14088,34.87055],[139.07587,35.05318],[139.14596,35.23523],[139.41486,35.31882],[139.54418,35.30789],[139.61145,35.14197],[139.72803,35.20708],[139.64836,35.29789],[139.68055,35.43839],[139.79906,35.54001],[139.75816,35.63156],[139.95041,35.67259],[140.0796,35.60358],[140.00586,35.47343],[139.78215,35.31418],[139.85865,34.9868],[139.9264,34.90736],[140.1346,35.12265],[140.3942,35.19659],[140.38592,35.381],[140.48347,35.56599],[140.66106,35.68864],[140.87941,35.72053],[140.64603,36.01332],[140.56411,36.2831],[140.62355,36.50609],[140.80437,36.88597],[140.9603,36.96621],[141.04184,37.37714],[141.02223,37.72695],[140.93336,37.88923],[140.96681,38.17048],[141.09783,38.37153],[141.33318,38.409],[141.5254,38.26781],[141.47145,38.43574],[141.54762,38.51862],[141.46306,38.66136],[141.63836,38.98542],[141.84742,39.02196],[141.90528,39.33047],[142.06935,39.54047],[141.96632,39.59846],[142.0088,39.75275],[141.94956,39.99657],[141.74378,40.38392],[141.43739,40.67014],[141.39082,41.16101],[141.46058,41.43022],[141.2761,41.3532],[140.91357,41.54686],[140.76555,41.19596],[140.81453,41.12846],[141.05808,41.18307],[141.16123,41.27847],[141.27788,41.15533],[141.18525,40.91122],[141.11135,40.87263],[140.88233,41.00782],[140.79922,40.83908],[140.67303,40.89558],[140.59391,41.22018],[140.48367,41.18347],[140.34228,41.26573],[140.29664,40.87377],[140.24057,40.78352],[140.04598,40.76777],[139.85678,40.59016],[140.02426,40.35502],[139.97804,40.12547],[139.82211,39.96109],[139.70064,40.00564],[139.7601,39.85806],[139.87745,39.89281],[140.0276,39.82453],[140.04858,39.50467],[139.93181,39.28711],[139.77384,38.81712],[139.59921,38.64825],[139.46217,38.37499],[139.43238,38.16913],[139.30453,38.04194],[138.85768,37.82783],[138.76564,37.63467],[138.55063,37.37792],[138.2449,37.18379],[138.0975,37.17106],[137.89674,37.05752],[137.42711,36.92201],[137.33334,36.76273],[137.15699,36.76081],[136.98774,36.87102],[137.05397,37.07982],[136.87469,37.06965],[136.93043,37.22163],[137.01417,37.18488],[137.23024,37.29214],[137.29571,37.53149],[136.74909,37.35792],[136.67447,37.17547],[136.76056,36.8706],[136.63996,36.6626],[136.43019,36.43252],[136.13485,36.22455],[135.95729,35.97313],[136.09946,35.7757],[135.98057,35.63048],[135.81602,35.63086],[135.8105,35.52686],[135.55828,35.49177],[135.45239,35.57178],[135.33549,35.50821],[135.18818,35.56505],[135.30405,35.68891],[135.22685,35.77232],[134.92701,35.64118],[134.53699,35.6722],[134.23777,35.54665],[133.73115,35.50291],[133.58018,35.5336],[133.41741,35.45654],[133.26466,35.49616],[133.32602,35.56851],[133.09126,35.60148],[132.96974,35.517],[132.63536,35.44096],[132.63868,35.29465],[132.40809,35.17505],[131.79038,34.6861],[131.59687,34.65959],[131.41432,34.42398],[131.20899,34.36933],[131.25263,34.43739],[130.95509,34.40347],[130.87159,34.27924],[130.86158,34.11274],[130.93209,33.94537],[131.0356,34.04798],[131.27223,33.92683],[131.3899,34.03974],[131.74147,34.05622],[132.15008,33.83015],[132.21323,33.98965],[132.2225,34.23896],[132.38347,34.36567],[132.49684,34.36249],[132.56617,34.19196],[132.77149,34.2353],[132.83619,34.3111],[133.20289,34.28889],[133.24732,34.4265],[133.34107,34.34805],[133.42221,34.44501]]],[[[145.76743,43.38727],[145.46844,43.253],[145.36166,43.30146],[145.19484,43.62067],[145.07472,43.75373],[145.10613,43.88076],[145.34986,44.21162],[145.34148,44.34553],[145.20167,44.2058],[144.83123,43.94221],[144.43043,43.94257],[144.2151,44.11148],[143.72828,44.11347],[143.77662,44.18928],[143.40528,44.31745],[142.98146,44.58649],[142.63071,44.88373],[142.53932,45.01846],[141.96046,45.51024],[141.69215,45.40229],[141.58644,45.16437],[141.72185,44.95515],[141.79176,44.59699],[141.65545,44.27692],[141.64064,43.93793],[141.33741,43.71284],[141.44012,43.36172],[141.37086,43.25072],[141.16912,43.14086],[141.02231,43.22378],[140.80991,43.19245],[140.48715,43.37238],[140.36012,43.32518],[140.33806,43.21052],[140.52711,43.01545],[140.26075,42.76097],[140.18336,42.81021],[140.05388,42.69416],[139.87696,42.6634],[139.78745,42.24677],[140.14503,41.98265],[140.12973,41.82323],[139.98365,41.56049],[140.03826,41.44257],[140.20899,41.40111],[140.40065,41.51301],[140.45289,41.68106],[140.70899,41.82441],[141.00636,41.71214],[141.18995,41.79092],[140.97429,41.91376],[140.71355,42.13349],[140.54884,42.10554],[140.29176,42.25959],[140.38087,42.50507],[140.52565,42.58063],[140.73365,42.56415],[140.98683,42.33983],[141.42774,42.5644],[141.72609,42.61717],[142.16775,42.45986],[142.45997,42.27131],[142.95973,42.10537],[143.22609,41.93228],[143.29233,42.00519],[143.34897,42.31916],[143.63885,42.66108],[143.8864,42.84418],[144.18312,42.97639],[144.35808,42.99946],[144.49586,42.93325],[144.74195,42.92422],[144.75758,43.01879],[145.00017,42.98615],[145.3025,43.17349],[145.51889,43.16645],[145.76743,43.38727]]],[[[123.81471,24.39175],[123.68344,24.28531],[123.87306,24.25825],[123.93442,24.3675],[123.81471,24.39175]]],[[[124.32911,24.58356],[124.21193,24.44697],[124.11622,24.46748],[124.14031,24.34199],[124.24187,24.36372],[124.32911,24.58356]]],[[[125.38722,24.78217],[125.28517,24.87735],[125.2588,24.73339],[125.38722,24.78217]]],[[[128.33766,26.79694],[128.22592,26.80097],[128.0149,26.63483],[127.88543,26.69611],[127.93751,26.53213],[127.73129,26.43989],[127.74187,26.32054],[127.63819,26.21475],[127.6517,26.08438],[127.82358,26.18675],[127.83888,26.42524],[128.24334,26.63329],[128.33766,26.79694]]],[[[128.98878,27.8111],[128.89454,27.8913],[128.89454,27.72822],[128.98878,27.8111]]],[[[129.70753,28.46214],[129.68776,28.50898],[129.14576,28.25617],[129.36573,28.1232],[129.42018,28.24995],[129.70753,28.46214]]],[[[130.67457,30.37458],[130.49895,30.46796],[130.37625,30.39444],[130.43771,30.23897],[130.57728,30.23591],[130.67457,30.37458]]],[[[131.05201,30.84024],[130.8515,30.47014],[130.87038,30.3439],[130.96218,30.37281],[131.08793,30.78261],[131.05201,30.84024]]],[[[130.41,32.51162],[130.2186,32.45596],[130.39283,32.39716],[130.41,32.51162]]],[[[130.16049,32.54633],[130.03297,32.52192],[129.97527,32.35541],[129.99545,32.19066],[130.20338,32.33885],[130.16049,32.54633]]],[[[128.87843,32.67392],[128.80849,32.79991],[128.64177,32.76138],[128.65263,32.59107],[128.87843,32.67392]]],[[[129.09799,32.98827],[129.12391,33.10917],[128.97942,32.94761],[129.09799,32.98827]]],[[[129.55568,33.41081],[129.44266,33.34807],[129.44661,33.19852],[129.55568,33.41081]]],[[[129.77638,33.77342],[129.68865,33.87115],[129.65713,33.74256],[129.77638,33.77342]]],[[[129.31253,34.27976],[129.19854,34.31623],[129.17163,34.10681],[129.27659,34.12911],[129.31253,34.27976]]],[[[135.00268,34.60842],[134.65717,34.2882],[134.72868,34.19094],[134.95825,34.27036],[134.90297,34.41901],[135.00268,34.60842]]],[[[129.45265,34.61945],[129.3233,34.64807],[129.27199,34.35622],[129.38815,34.36676],[129.45265,34.61945]]],[[[133.36703,36.27424],[133.292,36.34248],[133.18776,36.21613],[133.32602,36.15815],[133.36703,36.27424]]],[[[138.45924,38.06989],[138.51417,38.32307],[138.31007,38.16812],[138.2479,37.9785],[138.34254,37.96686],[138.26515,37.79833],[138.4865,37.89175],[138.57521,38.07429],[138.45924,38.06989]]],[[[139.54851,42.24335],[139.41432,42.17251],[139.50896,42.10082],[139.54851,42.24335]]],[[[141.32716,45.17235],[141.13185,45.21027],[141.23536,45.10248],[141.32716,45.17235]]],[[[134.36736,34.55427],[134.17506,34.52009],[134.34693,34.43081],[134.36736,34.55427]]]]},"properties":{"ISO_A2":"JP","ISO_A2_EH":"JP","ADM0_A3":"JPN","ISO_A3":"JPN","ADMIN":"Japan"}},
{"type":"Feature","geometry":{"type":"Polygon","coordinates":[[[-56.27379,46.89545],[-56.25333,47.0537],[-56.3959,47.11359],[-56.27379,46.89545]]]},"properties":{"ISO_A2":"PM","ISO_A2_EH":"PM","ADM0_A3":"SPM","ISO_A3":"SPM","ADMIN":"Saint Pierre and Miquelon"}},
{"type":"Feature","geometry":{"type":"Polygon","coordinates":[[[-14.56363,66.38451],[-14.83975,66.39183],[-15.30215,66.26838],[-15.38036,66.14997],[-15.77514,66.28946],[-15.70669,66.3959],[-16.02294,66.53661],[-16.54332,66.50699],[-16.42195,66.28709],[-16.48705,66.18952],[-16.93334,66.13862],[-17.21736,66.19424],[-17.41934,65.99405],[-17.59805,65.9667],[-17.91275,66.15229],[-18.29699,66.17963],[-18.22814,65.9394],[-18.06762,65.83055],[-18.17984,65.74042],[-18.34801,65.95018],[-18.85411,66.20539],[-19.07844,66.0725],[-19.3627,66.08837],[-19.51041,65.95303],[-19.43786,65.73395],[-19.65038,65.76496],[-20.09203,66.13117],[-20.42785,66.08344],[-20.26329,65.74453],[-20.50088,65.49494],[-20.68855,65.69302],[-20.91808,65.60139],[-21.11994,65.26777],[-21.20189,65.42841],[-21.48302,65.56265],[-21.27819,65.85688],[-21.31851,65.98778],[-21.97932,66.27497],[-22.21666,66.26838],[-22.26862,66.37592],[-22.57453,66.46589],[-23.13532,66.43281],[-22.86596,66.15949],[-22.44937,66.07591],[-22.38126,65.92878],[-22.75048,66.05842],[-23.10729,66.07591],[-23.46141,66.20417],[-23.66967,66.1175],[-23.5183,66.02668],[-23.8131,66.01138],[-23.51887,65.88475],[-23.82055,65.92573],[-23.72916,65.77436],[-23.38854,65.63837],[-24.04987,65.80353],[-24.08678,65.65135],[-23.89501,65.54149],[-24.27794,65.63642],[-24.53991,65.508],[-23.96776,65.46491],[-23.89753,65.40461],[-23.18301,65.57636],[-22.71752,65.508],[-22.54654,65.56074],[-22.25381,65.43366],[-21.9901,65.508],[-21.88707,65.42072],[-22.49035,65.23363],[-22.55769,65.16893],[-22.03384,65.11494],[-21.7661,65.20795],[-21.79967,65.04462],[-22.37999,65.05878],[-23.63801,64.89851],[-24.06005,64.89106],[-23.94612,64.76089],[-23.59349,64.81098],[-22.31965,64.75385],[-22.33951,64.55585],[-22.19904,64.47187],[-21.61335,64.65827],[-21.97509,64.50373],[-22.09996,64.31501],[-21.71654,64.39387],[-21.92862,64.23379],[-21.72973,64.21882],[-22.19921,64.02082],[-22.54279,63.98273],[-22.6896,64.08975],[-22.71752,63.82844],[-22.33641,63.86319],[-21.36693,63.84956],[-21.16832,63.87556],[-20.5775,63.71418],[-20.1857,63.54442],[-19.76989,63.53425],[-19.28726,63.43867],[-18.73204,63.39672],[-17.96495,63.52253],[-17.71475,63.78124],[-17.59065,63.74653],[-17.00621,63.79784],[-16.35049,63.96556],[-15.99205,64.14448],[-15.39782,64.27411],[-14.95275,64.31924],[-14.70523,64.4333],[-14.54491,64.4051],[-14.44196,64.67573],[-13.98632,64.74022],[-13.7399,64.9112],[-14.03409,65.08283],[-13.64737,64.98664],[-13.52697,65.05549],[-13.56798,65.26097],[-13.78453,65.3098],[-13.60961,65.51423],[-13.78767,65.52167],[-14.39761,65.73005],[-14.3295,65.78238],[-14.84411,65.73518],[-14.60635,65.94892],[-14.67732,66.05622],[-15.076,66.04963],[-15.0148,66.26838],[-14.56363,66.38451]]]},"properties":{"ISO_A2":"IS","ISO_A2_EH":"IS","ADM0_A3":"ISL","ISO_A3":"ISL","ADMIN":"Iceland"}},
{"type":"Feature","geometry":{"type":"Polygon","coordinates":[[[-128.33019,-24.32431],[-128.34219,-24.37176],[-128.30012,-24.41367],[-128.33019,-24.32431]]]},"properties":{"ISO_A2":"PN","ISO_A2_EH":"PN","ADM0_A3":"PCN","ISO_A3":"PCN","ADMIN":"Pitcairn Islands"}},
{"type":"Feature","geometry":{"type":"MultiPolygon","coordinates":[[[[-140.67878,-17.78037],[-140.65209,-17.68418],[-140.78246,-17.75164],[-140.78523,-17.85857],[-140.67878,-17.78037]]],[[[-149.18346,-17.73121],[-149.30394,-17.71209],[-149.35411,-17.54013],[-149.60432,-17.52581],[-149.58751,-17.73121],[-149.34345,-17.72487],[-149.1903,-17.86907],[-149.18346,-17.73121]]],[[[-149.7967,-17.46445],[-149.93749,-17.51246],[-149.86189,-17.56683],[-149.7967,-17.46445]]],[[[-151.47875,-16.73821],[-151.45824,-16.9026],[-151.35249,-16.85857],[-151.47875,-16.73821]]],[[[-138.83658,-9.74114],[-139.05138,-9.70143],[-139.16942,-9.761],[-139.05504,-9.80633],[-138.83658,-9.74114]]],[[[-140.07673,-9.32342],[-140.1586,-9.37184],[-140.0629,-9.43597],[-140.07673,-9.32342]]],[[[-140.04943,-8.82318],[-140.24779,-8.78688],[-140.22769,-8.92702],[-140.04943,-8.82318]]]]},"properties":{"ISO_A2":"PF","ISO_A2_EH":"PF","ADM0_A3":"PYF","ISO_A3":"PYF","ADMIN":"French Polynesia"}},
{"type":"Feature","geometry":{"type":"MultiPolygon","coordinates":[[[[69.19215,-48.98659],[69.31129,-49.06943],[69.41131,-48.92864],[69.19215,-48.98659]]],[[[70.54884,-49.1832],[70.52198,-49.09588],[70.27296,-49.07643],[69.72592,-49.24733],[69.53419,-49.24733],[69.39991,-49.1137],[69.64405,-49.12444],[69.438,-49.01458],[69.21453,-49.12127],[69.10572,-48.99342],[69.16375,-48.84612],[69.07545,-48.65838],[68.9568,-48.67148],[68.79176,-48.84629],[68.8086,-49.20574],[68.92408,-49.28826],[68.77817,-49.59246],[68.79103,-49.71006],[69.06658,-49.69101],[69.08546,-49.5403],[69.66391,-49.66497],[69.77858,-49.52028],[69.85564,-49.67913],[70.12322,-49.71356],[70.29591,-49.53037],[70.04908,-49.52044],[70.13697,-49.61785],[69.81381,-49.53248],[69.82228,-49.34979],[70.46388,-49.35662],[70.54884,-49.1832]]]]},"properties":{"ISO_A2":"TF","ISO_A2_EH":"TF","ADM0_A3":"ATF","ISO_A3":"ATF","ADMIN":"French Southern and Antarctic Lands"}},
{"type":"Feature","geometry":{"type":"MultiPolygon","coordinates":[[[[46.49545,-9.3576],[46.23439,-9.45232],[46.4546,-9.42645],[46.49545,-9.3576]]],[[[55.4017,-4.66053],[55.50421,-4.79581],[55.52856,-4.68019],[55.4337,-4.56254],[55.4017,-4.66053]]]]},"properties":{"ISO_A2":"SC","ISO_A2_EH":"SC","ADM0_A3":"SYC","ISO_A3":"SYC","ADMIN":"Seychelles"}},
{"type":"Feature","geometry":{"type":"Polygon","coordinates":[[[-157.19099,1.7639],[-157.34773,1.86079],[-157.41059,1.78193],[-157.17878,1.71849],[-157.19099,1.7639]]]},"properties":{"ISO_A2":"KI","ISO_A2_EH":"KI","ADM0_A3":"KIR","ISO_A3":"KIR","ADMIN":"Kiribati"}},
{"type":"Feature","geometry":{"type":"Polygon","coordinates":[[[171.39357,7.10993],[171.20216,7.07246],[171.26319,7.06769],[171.39357,7.10993]]]},"properties":{"ISO_A2":"MH","ISO_A2_EH":"MH","ADM0_A3":"MHL","ISO_A3":"MHL","ADMIN":"Marshall Islands"}},
{"type":"Feature","geometry":{"type":"MultiPolygon","coordinates":[[[[-61.00227,10.69937],[-60.9073,10.83714],[-61.36657,10.80297],[-61.66759,10.70677],[-61.48888,10.63105],[-61.45836,10.30219],[-61.9287,10.05646],[-61.70669,10.08397],[-61.19164,10.0738],[-60.996,10.13825],[-60.96129,10.33002],[-61.02815,10.40852],[-61.00227,10.69937]]],[[[-60.53051,11.35106],[-60.66861,11.30292],[-60.84752,11.16397],[-60.80333,11.14326],[-60.53303,11.26651],[-60.53051,11.35106]]]]},"properties":{"ISO_A2":"TT","ISO_A2_EH":"TT","ADM0_A3":"TTO","ISO_A3":"TTO","ADMIN":"Trinidad and Tobago"}},
{"type":"Feature","geometry":{"type":"Polygon","coordinates":[[[-61.61294,12.21442],[-61.72964,12.16665],[-61.7495,12.03632],[-61.61384,12.08039],[-61.61294,12.21442]]]},"properties":{"ISO_A2":"GD","ISO_A2_EH":"GD","ADM0_A3":"GRD","ISO_A3":"GRD","ADMIN":"Grenada"}},
{"type":"Feature","geometry":{"type":"Polygon","coordinates":[[[-61.16735,13.14606],[-61.12393,13.30825],[-61.21203,13.36888],[-61.27135,13.18651],[-61.16735,13.14606]]]},"properties":{"ISO_A2":"VC","ISO_A2_EH":"VC","ADM0_A3":"VCT","ISO_A3":"VCT","ADMIN":"Saint Vincent and the Grenadines"}},
{"type":"Feature","geometry":{"type":"Polygon","coordinates":[[[-59.42691,13.16039],[-59.61286,13.34455],[-59.6542,13.29511],[-59.60814,13.08466],[-59.50886,13.05732],[-59.42691,13.16039]]]},"properties":{"ISO_A2":"BB","ISO_A2_EH":"BB","ADM0_A3":"BRB","ISO_A3":"BRB","ADMIN":"Barbados"}},
{"type":"Feature","geometry":{"type":"Polygon","coordinates":[[[-60.88679,14.01008],[-60.94762,14.10228],[-61.05948,13.93122],[-61.07811,13.8063],[-60.94078,13.72211],[-60.88679,14.01008]]]},"properties":{"ISO_A2":"LC","ISO_A2_EH":"LC","ADM0_A3":"LCA","ISO_A3":"LCA","ADMIN":"Saint Lucia"}},
{"type":"Feature","geometry":{"type":"Polygon","coordinates":[[[-61.36286,15.20181],[-61.25666,15.28535],[-61.30769,15.57925],[-61.46898,15.63386],[-61.47208,15.48139],[-61.36286,15.20181]]]},"properties":{"ISO_A2":"DM","ISO_A2_EH":"DM","ADM0_A3":"DMA","ISO_A3":"DMA","ADMIN":"Dominica"}},
{"type":"Feature","geometry":{"type":"Polygon","coordinates":[[[166.6194,19.28164],[166.65235,19.28425],[166.63478,19.30573],[166.63819,19.28644],[166.6194,19.28164]]]},"properties":{"ISO_A2":"UM","ISO_A2_EH":"UM","ADM0_A3":"UMI","ISO_A3":"UMI","ADMIN":"United States Minor Outlying Islands"}},
{"type":"Feature","geometry":{"type":"Polygon","coordinates":[[[-62.14737,16.74429],[-62.20202,16.81932],[-62.21886,16.68871],[-62.14737,16.74429]]]},"properties":{"ISO_A2":"MS","ISO_A2_EH":"MS","ADM0_A3":"MSR","ISO_A3":"MSR","ADMIN":"Montserrat"}},
{"type":"Feature","geometry":{"type":"MultiPolygon","coordinates":[[[[-61.88362,17.04902],[-61.67219,17.05756],[-61.79336,17.16494],[-61.88362,17.04902]]],[[[-61.83894,17.59333],[-61.75426,17.66877],[-61.87304,17.71064],[-61.83894,17.59333]]]]},"properties":{"ISO_A2":"AG","ISO_A2_EH":"AG","ADM0_A3":"ATG","ISO_A3":"ATG","ADMIN":"Antigua and Barbuda"}},
{"type":"Feature","geometry":{"type":"Polygon","coordinates":[[[-62.65046,17.26561],[-62.81957,17.41584],[-62.86107,17.36229],[-62.65046,17.26561]]]},"properties":{"ISO_A2":"KN","ISO_A2_EH":"KN","ADM0_A3":"KNA","ISO_A3":"KNA","ADMIN":"Saint Kitts and Nevis"}},
{"type":"Feature","geometry":{"type":"Polygon","coordinates":[[[-64.5594,17.75161],[-64.87645,17.77587],[-64.87637,17.68911],[-64.5594,17.75161]]]},"properties":{"ISO_A2":"VI","ISO_A2_EH":"VI","ADM0_A3":"VIR","ISO_A3":"VIR","ADMIN":"United States Virgin Islands"}},
{"type":"Feature","geometry":{"type":"Polygon","coordinates":[[[-62.83886,17.88199],[-62.79166,17.91547],[-62.86734,17.9204],[-62.83886,17.88199]]]},"properties":{"ISO_A2":"BL","ISO_A2_EH":"BL","ADM0_A3":"BLM","ISO_A3":"BLM","ADMIN":"Saint Barthelemy"}},
{"type":"Feature","geometry":{"type":"MultiPolygon","coordinates":[[[[-65.34773,18.11469],[-65.4785,18.15705],[-65.56509,18.09394],[-65.34773,18.11469]]],[[[-65.62881,18.2792],[-65.62938,18.39106],[-66.12163,18.47347],[-66.64086,18.49641],[-66.90732,18.48533],[-67.10171,18.52277],[-67.26883,18.3689],[-67.15186,18.20339],[-67.21435,17.99414],[-67.11197,17.94961],[-66.46915,17.99266],[-66.19628,17.92772],[-65.83027,18.02691],[-65.62881,18.2792]]]]},"properties":{"ISO_A2":"PR","ISO_A2_EH":"PR","ADM0_A3":"PRI","ISO_A3":"PRI","ADMIN":"Puerto Rico"}},
{"type":"Feature","geometry":{"type":"Polygon","coordinates":[[[-63.00739,18.27302],[-63.14208,18.19815],[-63.09952,18.17617],[-63.00739,18.27302]]]},"properties":{"ISO_A2":"AI","ISO_A2_EH":"AI","ADM0_A3":"AIA","ISO_A3":"AIA","ADMIN":"Anguilla"}},
{"type":"Feature","geometry":{"type":"Polygon","coordinates":[[[-64.63512,18.4055],[-64.5272,18.44912],[-64.66182,18.44042],[-64.63512,18.4055]]]},"properties":{"ISO_A2":"VG","ISO_A2_EH":"VG","ADM0_A3":"VGB","ISO_A3":"VGB","ADMIN":"British Virgin Islands"}},
{"type":"Feature","geometry":{"type":"Polygon","coordinates":[[[-76.26374,18.01236],[-76.35114,18.15599],[-76.78283,18.27782],[-76.89492,18.40925],[-77.13736,18.40892],[-77.32531,18.46503],[-77.90233,18.51879],[-77.98135,18.44135],[-78.19498,18.45547],[-78.33194,18.36738],[-78.37466,18.26557],[-78.22728,18.19184],[-78.07519,18.19843],[-77.95629,18.03217],[-77.84557,18.01704],[-77.72387,17.85358],[-77.44103,17.86465],[-77.21605,17.7167],[-77.14165,17.88113],[-76.91283,17.86129],[-76.84997,17.99228],[-76.52355,17.86026],[-76.18798,17.91547],[-76.26374,18.01236]]]},"properties":{"ISO_A2":"JM","ISO_A2_EH":"JM","ADM0_A3":"JAM","ISO_A3":"JAM","ADMIN":"Jamaica"}},
{"type":"Feature","geometry":{"type":"Polygon","coordinates":[[[-81.1361,19.35489],[-81.28629,19.36848],[-81.39794,19.27416],[-81.08659,19.30993],[-81.1361,19.35489]]]},"properties":{"ISO_A2":"KY","ISO_A2_EH":"KY","ADM0_A3":"CYM","ISO_A3":"CYM","ADMIN":"Cayman Islands"}},
{"type":"Feature","geometry":{"type":"Polygon","coordinates":[[[-64.6761,32.38866],[-64.8577,32.25467],[-64.65577,32.3504],[-64.6761,32.38866]]]},"properties":{"ISO_A2":"BM","ISO_A2_EH":"BM","ADM0_A3":"BMU","ISO_A3":"BMU","ADMIN":"Bermuda"}},
{"type":"Feature","geometry":{"type":"Polygon","coordinates":[[[73.73512,-53.1124],[73.56422,-53.01678],[73.35328,-53.05169],[73.4734,-53.18922],[73.73512,-53.1124]]]},"properties":{"ISO_A2":"HM","ISO_A2_EH":"HM","ADM0_A3":"HMD","ISO_A3":"HMD","ADMIN":"Heard Island and McDonald Islands"}},
{"type":"Feature","geometry":{"type":"Polygon","coordinates":[[[-5.72183,-15.90895],[-5.76374,-16.01572],[-5.66275,-15.97959],[-5.72183,-15.90895]]]},"properties":{"ISO_A2":"SH","ISO_A2_EH":"SH","ADM0_A3":"SHN","ISO_A3":"SHN","ADMIN":"Saint Helena"}},
{"type":"Feature","geometry":{"type":"Polygon","coordinates":[[[57.79575,-20.22275],[57.66774,-19.99407],[57.53248,-20.02483],[57.37062,-20.26051],[57.3781,-20.50701],[57.67221,-20.47967],[57.78151,-20.33571],[57.79575,-20.22275]]]},"properties":{"ISO_A2":"MU","ISO_A2_EH":"MU","ADM0_A3":"MUS","ISO_A3":"MUS","ADMIN":"Mauritius"}},
{"type":"Feature","geometry":{"type":"MultiPolygon","coordinates":[[[[43.78875,-12.30804],[43.63575,-12.23691],[43.68141,-12.35809],[43.85817,-12.37135],[43.78875,-12.30804]]],[[[44.52906,-12.23284],[44.48414,-12.08554],[44.37355,-12.18035],[44.20639,-12.16058],[44.38527,-12.25172],[44.51149,-12.3803],[44.52906,-12.23284]]],[[[43.46656,-11.82171],[43.37713,-11.60508],[43.39943,-11.41839],[43.27654,-11.37957],[43.24415,-11.67295],[43.26287,-11.81805],[43.43767,-11.93157],[43.46656,-11.82171]]]]},"properties":{"ISO_A2":"KM","ISO_A2_EH":"KM","ADM0_A3":"COM","ISO_A3":"COM","ADMIN":"Comoros"}},
{"type":"Feature","geometry":{"type":"MultiPolygon","coordinates":[[[[6.68141,0.40713],[6.53305,0.34813],[6.46168,0.22215],[6.51637,0.03364],[6.66,0.10733],[6.74008,0.21857],[6.68141,0.40713]]],[[[7.46274,1.67455],[7.40301,1.69977],[7.33253,1.56533],[7.40138,1.5312],[7.46274,1.67455]]]]},"properties":{"ISO_A2":"ST","ISO_A2_EH":"ST","ADM0_A3":"STP","ISO_A3":"STP","ADMIN":"São Tomé and Principe"}},
{"type":"Feature","geometry":{"type":"MultiPolygon","coordinates":[[[[-24.29654,14.91755],[-24.40343,15.03803],[-24.52623,14.92471],[-24.37654,14.81599],[-24.29654,14.91755]]],[[[-23.45678,15.02367],[-23.74413,15.33275],[-23.77208,15.03799],[-23.6765,14.93553],[-23.49401,14.91869],[-23.45678,15.02367]]],[[[-23.1278,15.31167],[-23.25133,15.25642],[-23.18273,15.1186],[-23.1278,15.31167]]],[[[-22.68212,16.11359],[-22.71386,16.20576],[-22.9156,16.24396],[-22.94555,16.01968],[-22.80614,15.98591],[-22.68212,16.11359]]],[[[-24.06753,16.61392],[-24.4226,16.6623],[-24.3247,16.48265],[-24.23331,16.60212],[-24.06753,16.61392]]],[[[-22.92919,16.59341],[-22.89509,16.82929],[-22.99079,16.81566],[-22.92919,16.59341]]],[[[-24.91975,16.89509],[-25.0782,16.86506],[-24.98803,16.78514],[-24.91975,16.89509]]],[[[-25.04699,17.03506],[-24.97126,17.10733],[-25.10261,17.1966],[-25.3168,17.10611],[-25.29869,16.91739],[-25.18786,16.92817],[-25.04699,17.03506]]]]},"properties":{"ISO_A2":"CV","ISO_A2_EH":"CV","ADM0_A3":"CPV","ISO_A3":"CPV","ADMIN":"Cabo Verde"}},
{"type":"Feature","geometry":{"type":"Polygon","coordinates":[[[14.54803,35.89004],[14.32203,35.97313],[14.34262,35.88068],[14.52752,35.80122],[14.54803,35.89004]]]},"properties":{"ISO_A2":"MT","ISO_A2_EH":"MT","ADM0_A3":"MLT","ISO_A3":"MLT","ADMIN":"Malta"}},
{"type":"Feature","geometry":{"type":"Polygon","coordinates":[[[-2.08267,49.26024],[-2.23363,49.18452],[-2.02453,49.17133],[-2.08267,49.26024]]]},"properties":{"ISO_A2":"JE","ISO_A2_EH":"JE","ADM0_A3":"JEY","ISO_A3":"JEY","ADMIN":"Jersey"}},
{"type":"Feature","geometry":{"type":"Polygon","coordinates":[[[-2.58023,49.4936],[-2.66934,49.43089],[-2.53409,49.43623],[-2.58023,49.4936]]]},"properties":{"ISO_A2":"GG","ISO_A2_EH":"GG","ADM0_A3":"GGY","ISO_A3":"GGY","ADMIN":"Guernsey"}},
{"type":"Feature","geometry":{"type":"Polygon","coordinates":[[[-4.61213,54.05695],[-4.31192,54.28718],[-4.35131,54.4138],[-4.53099,54.36612],[-4.71028,54.22065],[-4.79015,54.06379],[-4.61213,54.05695]]]},"properties":{"ISO_A2":"IM","ISO_A2_EH":"IM","ADM0_A3":"IMN","ISO_A3":"IMN","ADMIN":"Isle of Man"}},
{"type":"Feature","geometry":{"type":"Polygon","coordinates":[[[20.20875,60.22468],[20.09303,60.35513],[19.64698,60.26569],[19.76303,60.07392],[20.04477,60.08747],[20.20875,60.22468]]]},"properties":{"ISO_A2":"AX","ISO_A2_EH":"AX","ADM0_A3":"ALD","ISO_A3":"ALA","ADMIN":"Aland"}},
{"type":"Feature","geometry":{"type":"MultiPolygon","coordinates":[[[[-6.65477,61.39594],[-6.73746,61.57905],[-6.96255,61.62873],[-6.65477,61.39594]]],[[[-6.61254,61.82111],[-6.90734,61.90986],[-6.66804,61.74885],[-6.61254,61.82111]]],[[[-7.3837,62.09488],[-7.18488,62.02656],[-7.03832,62.08861],[-7.28612,62.15526],[-7.3837,62.09488]]],[[[-7.22265,62.1706],[-7.03087,62.1166],[-6.73449,61.93822],[-6.71557,62.034],[-7.19026,62.3098],[-7.22265,62.1706]]],[[[-7.05508,62.29035],[-6.6914,62.07339],[-6.56412,62.13581],[-6.94066,62.33698],[-7.05508,62.29035]]],[[[-6.53746,62.19107],[-6.38659,62.25996],[-6.57168,62.34675],[-6.53746,62.19107]]]]},"properties":{"ISO_A2":"FO","ISO_A2_EH":"FO","ADM0_A3":"FRO","ISO_A3":"FRO","ADMIN":"Faroe Islands"}},
{"type":"Feature","geometry":{"type":"Polygon","coordinates":[[[105.70411,-10.43084],[105.58497,-10.51637],[105.69459,-10.56487],[105.70411,-10.43084]]]},"properties":{"ISO_A2":"-99","ISO_A2_EH":"AU","ADM0_A3":"IOA","ISO_A3":"-99","ADMIN":"Indian Ocean Territories"}},
{"type":"Feature","geometry":{"type":"Polygon","coordinates":[[[72.46754,-7.38388],[72.43287,-7.42539],[72.43287,-7.31609],[72.37094,-7.2702],[72.37924,-7.29681],[72.42604,-7.32293],[72.43287,-7.43222],[72.46754,-7.38388]]]},"properties":{"ISO_A2":"IO","ISO_A2_EH":"IO","ADM0_A3":"IOT","ISO_A3":"IOT","ADMIN":"British Indian Ocean Territory"}},
{"type":"Feature","geometry":{"type":"Polygon","coordinates":[[[103.96079,1.3911],[103.80494,1.44864],[103.68385,1.4099],[103.64763,1.30842],[103.84409,1.2685],[103.96079,1.3911]]]},"properties":{"ISO_A2":"SG","ISO_A2_EH":"SG","ADM0_A3":"SGP","ISO_A3":"SGP","ADMIN":"Singapore"}},
{"type":"Feature","geometry":{"type":"Polygon","coordinates":[[[167.98414,-29.01784],[167.92652,-28.99749],[167.97006,-29.06894],[167.98414,-29.01784]]]},"properties":{"ISO_A2":"NF","ISO_A2_EH":"NF","ADM0_A3":"NFK","ISO_A3":"NFK","ADMIN":"Norfolk Island"}},
{"type":"Feature","geometry":{"type":"Polygon","coordinates":[[[-159.79784,-21.18613],[-159.84626,-21.23382],[-159.74323,-21.25433],[-159.79784,-21.18613]]]},"properties":{"ISO_A2":"CK","ISO_A2_EH":"CK","ADM0_A3":"COK","ISO_A3":"COK","ADMIN":"Cook Islands"}},
{"type":"Feature","geometry":{"type":"MultiPolygon","coordinates":[[[[-173.95637,-18.56731],[-174.0725,-18.63397],[-173.92296,-18.63698],[-173.95637,-18.56731]]],[[[-174.91474,-21.29217],[-174.98363,-21.39772],[-174.92028,-21.4542],[-174.91474,-21.29217]]],[[[-175.06554,-21.12396],[-175.15498,-21.17181],[-175.36482,-21.11395],[-175.14875,-21.268],[-175.06554,-21.12396]]]]},"properties":{"ISO_A2":"TO","ISO_A2_EH":"TO","ADM0_A3":"TON","ISO_A3":"TON","ADMIN":"Tonga"}},
{"type":"Feature","geometry":{"type":"Polygon","coordinates":[[[-178.14232,-14.24358],[-178.14692,-14.31015],[-178.04674,-14.31943],[-178.14232,-14.24358]]]},"properties":{"ISO_A2":"WF","ISO_A2_EH":"WF","ADM0_A3":"WLF","ISO_A3":"WLF","ADMIN":"Wallis and Futuna"}},
{"type":"Feature","geometry":{"type":"MultiPolygon","coordinates":[[[[-172.20104,-13.59254],[-172.36616,-13.46282],[-172.78258,-13.52028],[-172.52318,-13.80535],[-172.29756,-13.76979],[-172.21296,-13.80096],[-172.20104,-13.59254]]],[[[-171.56428,-13.94939],[-171.56758,-13.89674],[-171.8802,-13.80535],[-172.04406,-13.84637],[-171.94099,-13.99041],[-171.74299,-14.05185],[-171.44074,-14.05185],[-171.56428,-13.94939]]]]},"properties":{"ISO_A2":"WS","ISO_A2_EH":"WS","ADM0_A3":"WSM","ISO_A3":"WSM","ADMIN":"Samoa"}},
{"type":"Feature","geometry":{"type":"MultiPolygon","coordinates":[[[[160.50367,-11.73602],[160.00327,-11.46111],[160.02369,-11.60068],[160.27076,-11.63299],[160.48317,-11.84498],[160.5822,-11.79485],[160.50367,-11.73602]]],[[[162.37485,-10.82366],[162.27174,-10.81439],[162.27752,-10.67962],[162.11362,-10.45648],[161.8357,-10.44695],[161.39601,-10.20403],[161.29184,-10.22576],[161.28492,-10.32391],[161.511,-10.36492],[161.49041,-10.42018],[161.63657,-10.63104],[161.79217,-10.73496],[162.10109,-10.82147],[162.37485,-10.82366]]],[[[161.39479,-9.41277],[161.39479,-9.64902],[161.5586,-9.78899],[161.54518,-9.60467],[161.39479,-9.41277]]],[[[160.82635,-9.83733],[160.78541,-9.72747],[160.36638,-9.41277],[159.93971,-9.43287],[159.70899,-9.24773],[159.61598,-9.29534],[159.59913,-9.51238],[159.7234,-9.70696],[159.83562,-9.79388],[160.03126,-9.82383],[160.32032,-9.81512],[160.43287,-9.88909],[160.64479,-9.93711],[160.82635,-9.83733]]],[[[160.25408,-9.15895],[160.41424,-9.13161],[160.31495,-9.0617],[160.25408,-9.15895]]],[[[160.09669,-9.05657],[160.2645,-9.13161],[160.2951,-9.03948],[160.14772,-8.98968],[160.09669,-9.05657]]],[[[159.16717,-9.018],[159.04103,-9.05731],[159.09962,-9.11793],[159.16717,-9.018]]],[[[158.0569,-8.52825],[157.89975,-8.56243],[157.87924,-8.68255],[158.01336,-8.76523],[158.10572,-8.6911],[158.0569,-8.52825]]],[[[157.35865,-8.57675],[157.41383,-8.49798],[157.3475,-8.41253],[157.20094,-8.56585],[157.31227,-8.69622],[157.35865,-8.57675]]],[[[159.68865,-8.50791],[159.64405,-8.40032],[159.53883,-8.45892],[159.68865,-8.50791]]],[[[161.36069,-9.61761],[161.38111,-9.50905],[161.20249,-9.13844],[161.16896,-8.97454],[160.94663,-8.81373],[160.99684,-8.60377],[160.74659,-8.30967],[160.59352,-8.38494],[160.71998,-8.5534],[160.65447,-8.6041],[160.76433,-8.94671],[160.86793,-9.15211],[161.23715,-9.44752],[161.36069,-9.61761]]],[[[157.79737,-8.56243],[157.90333,-8.49912],[157.74586,-8.22869],[157.667,-8.2409],[157.61183,-8.06618],[157.50262,-7.95973],[157.38282,-8.03151],[157.2282,-8.31666],[157.56707,-8.2763],[157.57765,-8.43621],[157.79737,-8.56243]]],[[[156.61118,-8.07269],[156.5324,-7.94891],[156.57838,-8.18711],[156.61118,-8.07269]]],[[[157.10467,-8.12493],[157.20232,-8.04827],[157.09107,-7.85052],[156.94703,-7.97967],[157.10467,-8.12493]]],[[[156.80714,-7.72015],[156.61118,-7.56943],[156.50416,-7.63006],[156.65968,-7.93922],[156.80714,-7.72015]]],[[[155.81674,-7.02068],[155.73487,-6.96608],[155.67449,-7.07594],[155.85825,-7.09295],[155.81674,-7.02068]]],[[[166.92392,-11.64097],[166.80553,-11.59157],[166.84302,-11.71332],[166.98415,-11.70986],[166.92392,-11.64097]]],[[[166.14791,-10.69405],[165.87806,-10.65685],[165.75303,-10.75189],[165.86197,-10.86854],[165.93422,-10.77574],[166.14791,-10.69405]]],[[[159.85939,-8.51133],[159.84205,-8.32562],[159.43165,-8.03151],[159.1268,-7.91953],[158.87232,-7.73382],[158.75172,-7.59344],[158.452,-7.532],[158.58497,-7.66863],[158.58009,-7.74082],[158.84571,-7.9734],[159.34539,-8.26141],[159.62721,-8.3576],[159.82504,-8.54209],[159.85939,-8.51133]]],[[[157.5298,-7.33318],[157.38649,-7.32293],[157.15252,-7.12428],[157.04265,-6.89715],[156.78028,-6.77581],[156.66961,-6.67498],[156.4878,-6.60296],[156.46111,-6.73333],[156.68702,-6.89715],[156.92774,-7.20875],[157.10426,-7.33221],[157.44174,-7.41424],[157.5298,-7.33318]]]]},"properties":{"ISO_A2":"SB","ISO_A2_EH":"SB","ADM0_A3":"SLB","ISO_A3":"SLB","ADMIN":"Solomon Islands"}},
{"type":"Feature","geometry":{"type":"Polygon","coordinates":[[[179.19125,-8.54209],[179.21754,-8.5206],[179.19939,-8.46063],[179.20411,-8.51898],[179.19125,-8.54209]]]},"properties":{"ISO_A2":"TV","ISO_A2_EH":"TV","ADM0_A3":"TUV","ISO_A3":"TUV","ADMIN":"Tuvalu"}},
{"type":"Feature","geometry":{"type":"Polygon","coordinates":[[[73.5462,4.24304],[73.51202,4.1863],[73.43209,4.19],[73.51089,4.16209],[73.5462,4.24304]]]},"properties":{"ISO_A2":"MV","ISO_A2_EH":"MV","ADM0_A3":"MDV","ISO_A3":"MDV","ADMIN":"Maldives"}},
{"type":"Feature","geometry":{"type":"Polygon","coordinates":[[[166.93881,-0.49041],[166.91635,-0.54754],[166.95826,-0.51767],[166.93881,-0.49041]]]},"properties":{"ISO_A2":"NR","ISO_A2_EH":"NR","ADM0_A3":"NRU","ISO_A3":"NRU","ADMIN":"Nauru"}},
{"type":"Feature","geometry":{"type":"Polygon","coordinates":[[[158.29078,6.93797],[158.18092,6.97895],[158.12582,6.90742],[158.19353,6.79344],[158.29249,6.79507],[158.29078,6.93797]]]},"properties":{"ISO_A2":"FM","ISO_A2_EH":"FM","ADM0_A3":"FSM","ISO_A3":"FSM","ADMIN":"Federated States of Micronesia"}},
{"type":"Feature","geometry":{"type":"Polygon","coordinates":[[[-35.9088,-54.68727],[-35.88732,-54.5512],[-36.25723,-54.36989],[-36.67565,-54.24944],[-36.6551,-54.10613],[-37.46386,-54.03045],[-37.38195,-53.98943],[-38.01586,-54.00408],[-38.03238,-54.05145],[-37.61465,-54.03786],[-37.72452,-54.09246],[-37.23729,-54.14772],[-37.40925,-54.18182],[-37.36828,-54.27744],[-37.15339,-54.2575],[-36.64147,-54.51084],[-36.46329,-54.53753],[-36.29882,-54.74358],[-36.1018,-54.88746],[-35.78429,-54.75726],[-35.9088,-54.68727]]]},"properties":{"ISO_A2":"GS","ISO_A2_EH":"GS","ADM0_A3":"SGS","ISO_A3":"SGS","ADMIN":"South Georgia and the Islands"}},
{"type":"Feature","geometry":{"type":"MultiPolygon","coordinates":[[[[-60.94762,-51.94736],[-60.98233,-51.77662],[-61.11954,-51.89275],[-60.94762,-51.94736]]],[[[-59.63239,-51.74131],[-59.25597,-51.38738],[-59.39281,-51.43279],[-60.01749,-51.37518],[-60.15315,-51.48748],[-60.64598,-51.35149],[-60.42349,-51.45062],[-60.49039,-51.52646],[-60.18981,-51.65325],[-60.4901,-51.70037],[-60.55065,-51.78981],[-60.18041,-51.70721],[-60.37971,-51.8375],[-60.45474,-51.79998],[-60.53205,-51.99993],[-61.03694,-52.04656],[-60.59276,-52.23675],[-60.36042,-52.15358],[-60.28653,-52.01279],[-59.87173,-51.94899],[-59.63239,-51.74131]]],[[[-57.81623,-51.69354],[-57.78099,-51.6194],[-58.09382,-51.57635],[-58.01134,-51.50726],[-57.8026,-51.54949],[-57.9064,-51.37664],[-58.22745,-51.39251],[-58.35936,-51.50465],[-58.48143,-51.30096],[-58.6114,-51.34401],[-58.94176,-51.2789],[-58.87361,-51.37176],[-59.0843,-51.40602],[-59.16784,-51.57366],[-58.9912,-51.64658],[-59.47106,-51.83807],[-59.48839,-51.93434],[-59.71443,-52.11875],[-59.39281,-52.31048],[-59.38598,-52.11191],[-59.04898,-52.2125],[-59.20027,-52.00758],[-58.92577,-52.10166],[-58.79528,-52.03191],[-58.64122,-52.10784],[-58.7578,-51.89129],[-58.41906,-51.89218],[-58.18615,-51.8108],[-58.2613,-51.75555],[-57.81623,-51.69354]]],[[[-59.7484,-51.2833],[-59.44738,-51.32415],[-59.50202,-51.26214],[-59.7484,-51.2833]]]]},"properties":{"ISO_A2":"FK","ISO_A2_EH":"FK","ADM0_A3":"FLK","ISO_A3":"FLK","ADMIN":"Falkland Islands"}},
{"type":"Feature","geometry":{"type":"MultiPolygon","coordinates":[[[[169.84034,-20.1408],[169.73797,-20.20892],[169.83009,-20.25311],[169.84034,-20.1408]]],[[[169.43279,-19.49285],[169.3366,-19.31463],[169.24342,-19.34197],[169.21852,-19.49017],[169.43621,-19.65732],[169.50172,-19.52752],[169.43279,-19.49285]]],[[[169.3366,-18.93483],[169.19321,-18.78704],[169.15235,-18.63633],[168.98878,-18.69061],[168.98732,-18.87656],[169.27508,-18.99928],[169.3366,-18.93483]]],[[[168.54957,-17.69101],[168.45338,-17.54632],[168.26661,-17.55853],[168.17482,-17.74098],[168.28663,-17.71087],[168.39601,-17.8235],[168.54021,-17.79665],[168.54957,-17.69101]]],[[[168.19207,-16.8139],[168.48072,-16.80023],[168.24733,-16.69036],[168.14422,-16.57301],[168.12037,-16.70916],[168.19207,-16.8139]]],[[[168.18238,-16.34783],[168.3213,-16.28289],[168.23072,-16.22772],[168.17164,-16.08025],[167.92091,-16.25888],[168.18238,-16.34783]]],[[[167.81251,-16.41953],[167.53468,-16.16277],[167.42449,-16.11159],[167.33611,-15.90895],[167.18531,-15.89072],[167.14747,-16.08294],[167.23308,-16.16961],[167.32244,-16.115],[167.38453,-16.36826],[167.50066,-16.58733],[167.62192,-16.49424],[167.7444,-16.54648],[167.81251,-16.41953]]],[[[167.20574,-15.75123],[167.23357,-15.64153],[167.07228,-15.6762],[167.20574,-15.75123]]],[[[168.1858,-15.51784],[168.11964,-15.66277],[168.18751,-15.97112],[168.26775,-15.94915],[168.1858,-15.51784]]],[[[167.93946,-15.39186],[168.00245,-15.28183],[167.80445,-15.32],[167.68238,-15.43255],[167.83855,-15.4848],[167.93946,-15.39186]]],[[[168.09645,-14.9804],[168.13111,-15.39511],[168.19207,-15.20631],[168.14137,-14.96014],[168.09645,-14.9804]]],[[[167.14064,-15.53558],[167.23341,-15.52361],[167.13942,-15.14642],[167.05405,-14.96038],[166.96453,-14.95135],[166.96323,-15.10418],[166.80177,-15.15228],[166.73732,-14.82952],[166.60987,-14.6347],[166.52263,-14.83213],[166.65008,-15.26474],[166.61606,-15.38502],[166.79314,-15.65634],[167.14064,-15.53558]]],[[[167.5149,-14.14056],[167.40748,-14.19492],[167.39682,-14.29957],[167.52613,-14.31992],[167.60304,-14.18906],[167.5149,-14.14056]]],[[[167.45281,-13.91863],[167.58107,-13.84873],[167.48894,-13.70818],[167.38917,-13.80429],[167.45281,-13.91863]]]]},"properties":{"ISO_A2":"VU","ISO_A2_EH":"VU","ADM0_A3":"VUT","ISO_A3":"VUT","ADMIN":"Vanuatu"}},
{"type":"Feature","geometry":{"type":"Polygon","coordinates":[[[-169.85114,-18.9651],[-169.95043,-19.08733],[-169.89891,-19.14275],[-169.78291,-19.06894],[-169.85114,-18.9651]]]},"properties":{"ISO_A2":"NU","ISO_A2_EH":"NU","ADM0_A3":"NIU","ISO_A3":"NIU","ADMIN":"Niue"}},
{"type":"Feature","geometry":{"type":"Polygon","coordinates":[[[-170.59101,-14.26482],[-170.83125,-14.31943],[-170.74865,-14.37469],[-170.59101,-14.26482]]]},"properties":{"ISO_A2":"AS","ISO_A2_EH":"AS","ADM0_A3":"ASM","ISO_A3":"ASM","ADMIN":"American Samoa"}},
{"type":"Feature","geometry":{"type":"Polygon","coordinates":[[[134.6482,7.71943],[134.48756,7.46992],[134.59165,7.36689],[134.65821,7.59105],[134.6482,7.71943]]]},"properties":{"ISO_A2":"PW","ISO_A2_EH":"PW","ADM0_A3":"PLW","ISO_A3":"PLW","ADMIN":"Palau"}},
{"type":"Feature","geometry":{"type":"Polygon","coordinates":[[[144.8864,13.6402],[144.65447,13.43915],[144.68068,13.24677],[144.7601,13.28563],[144.80828,13.44579],[144.95216,13.58686],[144.8864,13.6402]]]},"properties":{"ISO_A2":"GU","ISO_A2_EH":"GU","ADM0_A3":"GUM","ISO_A3":"GUM","ADMIN":"Guam"}},
{"type":"Feature","geometry":{"type":"MultiPolygon","coordinates":[[[[145.78785,15.26728],[145.69825,15.20319],[145.75262,15.09602],[145.78785,15.26728]]],[[[145.77112,18.17521],[145.71949,18.05419],[145.83562,18.12832],[145.77112,18.17521]]]]},"properties":{"ISO_A2":"MP","ISO_A2_EH":"MP","ADM0_A3":"MNP","ISO_A3":"MNP","ADMIN":"Northern Mariana Islands"}},
{"type":"Feature","geometry":{"type":"Polygon","coordinates":[[[50.55161,26.19424],[50.48146,26.24258],[50.46046,25.9853],[50.56528,25.78954],[50.60353,25.85456],[50.6199,26.18547],[50.55161,26.19424]]]},"properties":{"ISO_A2":"BH","ISO_A2_EH":"BH","ADM0_A3":"BHR","ISO_A3":"BHR","ADMIN":"Bahrain"}},
{"type":"Feature","geometry":{"type":"Polygon","coordinates":[[[154.39129,-21.03004],[154.39129,-21.02874],[154.38852,-21.02907],[154.39129,-21.03004]]]},"properties":{"ISO_A2":"-99","ISO_A2_EH":"AU","ADM0_A3":"CSI","ISO_A3":"-99","ADMIN":"Coral Sea Islands"}},
{"type":"Feature","geometry":{"type":"Polygon","coordinates":[[[115.83058,10.73461],[115.81463,10.73432],[115.81837,10.72085],[115.83058,10.73461]]]},"properties":{"ISO_A2":"-99","ISO_A2_EH":"-99","ADM0_A3":"PGA","ISO_A3":"-99","ADMIN":"Spratly Islands"}},
{"type":"Feature","geometry":{"type":"Polygon","coordinates":[[[-109.21203,10.30268],[-109.23424,10.30793],[-109.21858,10.28156],[-109.21203,10.30268]]]},"properties":{"ISO_A2":"-99","ISO_A2_EH":"FR","ADM0_A3":"CLP","ISO_A3":"-99","ADMIN":"Clipperton Island"}},
{"type":"Feature","geometry":{"type":"Polygon","coordinates":[[[113.5586,22.16303],[113.5468,22.10537],[113.58595,22.13194],[113.5586,22.16303]]]},"properties":{"ISO_A2":"MO","ISO_A2_EH":"MO","ADM0_A3":"MAC","ISO_A3":"MAC","ADMIN":"Macao S.A.R"}},
{"type":"Feature","geometry":{"type":"Polygon","coordinates":[[[123.59702,-12.42832],[123.57561,-12.43678],[123.59775,-12.43857],[123.59702,-12.42832]]]},"properties":{"ISO_A2":"-99","ISO_A2_EH":"AU","ADM0_A3":"ATC","ISO_A3":"-99","ADMIN":"Ashmore and Cartier Islands"}},
{"type":"Feature","geometry":{"type":"Polygon","coordinates":[[[-79.98929,15.79495],[-79.9864,15.79442],[-79.98782,15.79621],[-79.98929,15.79495]]]},"properties":{"ISO_A2":"-99","ISO_A2_EH":"-99","ADM0_A3":"BJN","ISO_A3":"-99","ADMIN":"Bajo Nuevo Bank (Petrel Is.)"}},
{"type":"Feature","geometry":{"type":"Polygon","coordinates":[[[-78.63707,15.86209],[-78.63687,15.8673],[-78.64041,15.864],[-78.63707,15.86209]]]},"properties":{"ISO_A2":"-99","ISO_A2_EH":"-99","ADM0_A3":"SER","ISO_A3":"-99","ADMIN":"Serranilla Bank"}},
{"type":"Feature","geometry":{"type":"Polygon","coordinates":[[[117.75389,15.15437],[117.75186,15.15189],[117.75569,15.15189],[117.75389,15.15437]]]},"properties":{"ISO_A2":"-99","ISO_A2_EH":"-99","ADM0_A3":"SCR","ISO_A3":"-99","ADMIN":"Scarborough Reef"}}
]}